messung,buch,fall,SM_Cnet,PM2_Cnet,F_Cnet,SM_R_ticker,PM2_R_ticker,F_R_ticker,SM_R_engine,PM2_R_engine,F_R_engine,V_und_SM,V_PM2
historisch 17.09. 10:45:13Z Blk 44810149,b17_exakt,A,602911.34,258793.19,2.33,,,,499550.2,156672.49,3.19,-103361.14,-102120.7
historisch 17.09. 10:45:13Z Blk 44810149,b17_exakt,B,186946.6,15759.94,11.86,,,,188750.62,17536.4,10.76,1804.02,1776.46
historisch 17.09. 10:45:13Z Blk 44810149,b17_exakt,C,301455.67,129396.59,2.33,,,,249775.1,78336.25,3.19,-51680.57,-51060.35
historisch 24.09. 09:24:59Z Blk 45110142 (H1_0928-81k_0929-76k-81k),b24,A,1472610.37,1007209.4,1.46,,,,643740.48,178452.73,3.61,-828869.89,-828756.67
historisch 24.09. 09:24:59Z Blk 45110142 (H1_0928-81k_0929-76k-81k),b24,B,707937.75,595693.75,1.19,,,,211023.47,98834.91,2.14,-496914.28,-496858.84
historisch 24.09. 09:24:59Z Blk 45110142 (H0_heutige_Liste),b24,A,1454572.58,1048218.78,1.39,,,,640767.61,234520.64,2.73,-813804.97,-813698.14
historisch 24.09. 09:24:59Z Blk 45110142 (H0_heutige_Liste),b24,B,696530.73,572152.24,1.22,,,,206221.35,81895.83,2.52,-490309.38,-490256.41
live live_result.json Blk 45114232,b17_heute,A,659081.23,313362.01,2.1,547520.23,201801.01,2.71,545768.03,201381.47,2.71,-113313.2,-111980.55
live live_result.json Blk 45114232,b17_heute,B,269037.25,27306.72,9.85,273955.25,32224.72,8.5,274044.48,32248.23,8.5,5007.23,4941.51
live live_result.json Blk 45114252,b17_exakt,A,697897.36,367954.46,1.9,561636.36,231693.46,2.42,559604.59,231122.43,2.42,-138292.76,-136832.04
live live_result.json Blk 45114252,b17_exakt,B,193000.0,9012.33,21.42,201136.0,17148.33,11.73,201385.7,17231.8,11.69,8385.7,8219.47
live live_result.json Blk 45114275,b24_liste820,A,1453862.48,1048542.83,1.39,641668.98,236349.33,2.71,641376.38,236155.35,2.72,-812486.11,-812387.49
live live_result.json Blk 45114275,b24_liste820,B,696732.71,573139.79,1.22,205775.21,82182.29,2.5,205602.08,82057.68,2.51,-491130.63,-491082.11
live live_result.json Blk 45114302,b24_liste814,A,1470851.09,1005565.27,1.46,644251.09,178965.27,3.6,643953.69,178772.45,3.6,-826897.4,-826792.82
live live_result.json Blk 45114302,b24_liste814,B,707614.4,596431.54,1.19,210188.4,99005.54,2.12,210015.36,98883.39,2.12,-497599.04,-497548.15
live live_cross.json Blk 45114416,X_b17exakt_signs24,B,201735.61,11873.79,16.99,244108.61,54246.79,4.5,244409.6,54208.74,4.51,42673.99,42334.95
live live_cross.json Blk 45114438,X_b24liste814_signs17,B,325652.3,148094.4,2.2,351400.8,173842.9,2.02,350966.53,173408.68,2.02,25314.23,25314.28
live live_cross.json Blk 45114461,X_b17heute_signs24,B,208618.38,21459.68,9.72,224929.88,37771.18,5.96,225243.18,37861.79,5.95,16624.8,16402.11
