ccy,side,delta_bucket,tenor_bucket,instrument,K_api_sm,K_chain_sm,K_api_pm2,K_chain_pm2,rel_diff_sm,rel_diff_pm2,ts,status,option_type,type_share,type_n,strike,tenor_days,delta,mark,index,forward_api,iv_api,K_oracle_sm,K_oracle_pm2,rel_oracle_sm,rel_oracle_pm2,K_rep_api_sm,K_rep_api_pm2,rel_rep_api_sm,rel_rep_api_pm2,spot_chain,forward_chain,sigma_chain,rate_chain,ticker_ts,block,params_sm,params_pm2,error
BTC,buy,00-10,<=2d,BTC-20260926-80000-P,60,60,60,60,0,0,1790297059864,ok,P,0.6105979582,2057,80000,1.302551362,-0.0492,60,84598,84604,0.57274,60,60,0,0,60,60,0,0,84597.62287,84645.89687,0.5742929275,0.0364,1790297058607,45137723,2024-10-08 18:46:47,2026-09-04 22:51:37,
BTC,buy,00-10,2-7d,BTC-20260928-78000-P,55,55,55,55,0,-8.526512829e-14,1790297073383,ok,P,0.5588645882,2149,78000,3.302551362,-0.03537,55,84581,84649,0.48206,55,55,0,4.840572387e-14,55,55,0,-8.526512829e-14,84581.82416,84656.34416,0.4849121504,0.0364,1790297066669,45137730,2024-10-08 18:46:47,2026-09-04 22:51:37,
BTC,buy,00-10,7-30d,BTC-20261009-96000-C,136,136,135.9976808,135.9977319,0,-3.754635494e-07,1790297091980,ok,C,0.5038799793,1933,96000,14.30255136,0.0524,136,84586,84708,0.38088,136,135.9977319,0,-3.108624469e-15,136,135.9976864,0,-4.076398308e-08,84581.82416,84697.57016,0.3807600256,0.0364,1790297087712,45137739,2024-10-08 18:46:47,2026-09-04 22:51:37,
BTC,buy,00-10,30-90d,BTC-20261127-60000-P,285,285,275.7863518,275.7265485,0,0.0002168937384,1790297109646,ok,P,0.5191146881,994,60000,63.30255136,-0.03732,285,84573,85243,0.50255,285,275.7265485,0,-3.652633751e-14,285,275.7548691,0,0.00011416935,84581.82416,85242.81116,0.5028395291,0.03688887467,1790297105902,45137747,2024-10-08 18:46:47,2026-09-04 22:51:37,
BTC,buy,00-10,>90d,BTC-20270326-160000-C,480,480,452.6532262,453.1458641,0,-0.001087150761,1790297126243,ok,C,0.5481927711,332,160000,182.3025514,0.04655,480,84581,86653,0.47022,480,453.1458641,0,-5.773159728e-15,480,452.6615308,0,-1.834623567e-05,84574.67591,86627.77391,0.4699735415,0.03790127306,1790297118027,45137756,2024-10-08 18:46:47,2026-09-04 22:51:37,
BTC,buy,10-25,<=2d,BTC-20260926-83000-P,206,206,206,206,0,0,1790297061460,ok,P,0.5313174946,2778,83000,1.302551362,-0.19415,206,84598,84604,0.37647,206,206,0,0,206,206,0,0,84597.62287,84645.89687,0.3781694654,0.0364,1790297055778,45137723,2024-10-08 18:46:47,2026-09-04 22:51:37,
BTC,buy,10-25,2-7d,BTC-20260928-82000-P,219,219,219,219,0,1.465494393e-14,1790297075286,ok,P,0.5335144928,3312,82000,3.302551362,-0.1556,219,84587,84618,0.33143,219,219,0,4.440892099e-16,219,219,0,1.465494393e-14,84581.82416,84656.34416,0.3274431483,0.0364,1790297064876,45137730,2024-10-08 18:46:47,2026-09-04 22:51:37,
BTC,buy,10-25,7-30d,BTC-20261009-80000-P,676,676,675.3742054,675.362641,0,1.712329357e-05,1790297093198,ok,P,0.5220349009,3381,80000,14.30255136,-0.19785,676,84586,84708,0.35484,676,675.362641,0,-1.33226763e-15,676,675.3743605,0,-2.295795641e-07,84581.82416,84697.57016,0.355101178,0.0364,1790297090237,45137739,2024-10-08 18:46:47,2026-09-04 22:51:37,
BTC,buy,10-25,30-90d,BTC-20261127-75000-P,1569,1569,1431.777603,1429.877022,0,0.00132919213,1790297110866,ok,P,0.5167748918,1848,75000,63.30255136,-0.1918,1569,84574,85251,0.38931,1569,1429.877022,0,-9.880984919e-15,1569,1431.477068,0,0.0002099473673,84574.67591,85235.66291,0.3900736612,0.03688887467,1790297106914,45137748,2024-10-08 18:46:47,2026-09-04 22:51:37,
BTC,buy,10-25,>90d,BTC-20270326-70000-P,2885,2885,2188.921656,2189.401432,0,-0.0002191357472,1790297127454,ok,P,0.5051903114,578,70000,182.3025514,-0.18772,2885,84583,86655,0.4067,2885,2189.401432,0,6.661338148e-16,2885,2188.78471,0,6.256728842e-05,84574.67591,86627.77391,0.4072434091,0.03790127306,1790297123488,45137756,2024-10-08 18:46:47,2026-09-04 22:51:37,
BTC,buy,25-40,<=2d,BTC-20260926-84000-P,365,365,365,365,0,0,1790297062806,ok,P,0.5111321649,2111,84000,1.302551362,-0.34572,365,84598,84604,0.3095,365,365,0,0,365,365,0,0,84597.62287,84645.89687,0.3100967409,0.0364,1790297057496,45137724,2024-10-08 18:46:47,2026-09-04 22:51:37,
BTC,buy,25-40,2-7d,BTC-20260928-84000-P,556,556,556,556,0,0,1790297076806,ok,P,0.5161676647,1670,84000,3.302551362,-0.37836,556,84587,84618,0.25912,556,556,0,0,556,556,0,0,84581.82416,84612.42116,0.2576346985,0.0364,1790297065483,45137731,2024-10-08 18:46:47,2026-09-04 22:51:37,
BTC,buy,25-40,7-30d,BTC-20261009-82000-P,1116,1116,1113.794319,1113.766037,0,2.539295382e-05,1790297094724,ok,P,0.5366868381,2644,82000,14.30255136,-0.30111,1116,84586,84708,0.33649,1116,1113.766037,0,7.771561172e-15,1116,1113.795797,0,-1.326551306e-06,84581.82416,84697.57016,0.3366409112,0.0364,1790297088519,45137740,2024-10-08 18:46:47,2026-09-04 22:51:37,
BTC,buy,25-40,30-90d,BTC-20261127-95000-C,2014,2014,1877.793815,1879.933836,0,-0.00113834902,1790297112396,ok,C,0.5162011173,1790,95000,63.30255136,0.2693,2014,84573,85243,0.37541,2014,1879.933836,0,-1.33226763e-15,2014,1878.212515,0,-0.0002229247885,84574.67591,85235.66291,0.374874488,0.03688887467,1790297103074,45137749,2024-10-08 18:46:47,2026-09-04 22:51:37,
BTC,buy,25-40,>90d,BTC-20270326-100000-C,4660,4660,3597.348964,3612.617264,0,-0.004226381779,1790297128977,ok,C,0.5714285714,511,100000,182.3025514,0.34787,4660,84583,86655,0.38458,4660,3612.617264,0,0,4660,3597.697953,0,-9.700344477e-05,84574.67591,86627.77391,0.3843369081,0.03790127306,1790297122670,45137758,2024-10-08 18:46:47,2026-09-04 22:51:37,
BTC,buy,40-60,<=2d,BTC-20260926-85000-C,430,430,430,430,0,0,1790297064342,ok,C,0.5249343832,2286,85000,1.302551362,0.40108,430,84598,84604,0.30067,430,430,0,0,430,430,0,0,84597.62287,84645.89687,0.3073416677,0.0364,1790297055575,45137725,2024-10-08 18:46:47,2026-09-04 22:51:37,
BTC,buy,40-60,2-7d,BTC-20260928-85000-P,993,993,993,993,0,-1.221245327e-15,1790297078340,ok,P,0.5404725993,1989,85000,3.302551362,-0.56415,993,84581,84649,0.25057,993,993,0,4.440892099e-16,993,993,0,-1.221245327e-15,84581.82416,84612.42116,0.2491914396,0.0364,1790297066089,45137732,2024-10-08 18:46:47,2026-09-04 22:51:37,
BTC,buy,40-60,7-30d,BTC-20261009-85000-P,2367,2367,2343.923887,2343.834563,0,3.811025107e-05,1790297096241,ok,P,0.5344018765,2558,85000,14.30255136,-0.50777,2367,84586,84708,0.33167,2367,2343.834563,0,-1.776356839e-15,2367,2343.941414,0,-7.477718455e-06,84581.82416,84697.57016,0.3315613023,0.0364,1790297089732,45137741,2024-10-08 18:46:47,2026-09-04 22:51:37,
BTC,buy,40-60,30-90d,BTC-20261127-85000-C,5243,5243,4359.442132,4365.86472,0,-0.00147109183,1790297113917,ok,C,0.5539112051,1892,85000,63.30255136,0.5378,5243,84573,85243,0.36534,5243,4365.86472,0,2.220446049e-16,5243,4361.883499,0,-0.000559704593,84574.67591,85235.66291,0.3653122367,0.03688887467,1790297103175,45137750,2024-10-08 18:46:47,2026-09-04 22:51:37,
BTC,buy,40-60,>90d,BTC-20270326-90000-P,10854,10854,5915.68707,5948.998592,0,-0.005599517421,1790297131523,ok,P,0.5767284992,593,90000,182.3025514,-0.50363,10854,84583,86655,0.37673,10854,5948.998592,0,-1.665334537e-15,10854,5914.825142,0,0.0001457233925,84574.67591,86627.77391,0.3767446635,0.03790127306,1790297124092,45137758,2024-10-08 18:46:47,2026-09-04 22:51:37,
BTC,buy,60-75,<=2d,BTC-20260926-84000-C,970,970,970,970,0,0,1790297065863,ok,C,0.5138888889,792,84000,1.302551362,0.65427,970,84598,84604,0.3095,970,970,0,0,970,970,0,0,84597.62287,84645.89687,0.3100967409,0.0364,1790297057799,45137726,2024-10-08 18:46:47,2026-09-04 22:51:37,
BTC,buy,60-75,2-7d,BTC-20260928-86000-P,1712,1712,1712,1712,0,5.140332604e-13,1790297079857,ok,P,0.6364653244,894,86000,3.302551362,-0.73768,1712,84587,84618,0.26251,1712,1712,0,-7.771561172e-16,1712,1712,0,1.03717035e-12,84581.82416,84612.42116,0.2614707032,0.0364,1790297065557,45137733,2024-10-08 18:46:47,2026-09-04 22:51:37,
BTC,buy,60-75,7-30d,BTC-20261009-88000-P,4327,4327,4149.666452,4150.144181,0,-0.0001151114127,1790297097772,ok,P,0.5764044944,890,88000,14.30255136,-0.70205,4327,84586,84708,0.34136,4327,4150.144181,0,-1.33226763e-15,4327,4150.599741,0,-0.0002248563023,84581.82416,84697.57016,0.3411468566,0.0364,1790297090944,45137742,2024-10-08 18:46:47,2026-09-04 22:51:37,
BTC,buy,60-75,30-90d,BTC-20261127-95000-P,11687,11687,6921.479559,6929.833271,0,-0.001205470921,1790297115440,ok,P,0.6242990654,535,95000,63.30255136,-0.73051,11687,84574,85251,0.37541,11687,6929.833271,0,-1.887379142e-15,11687,6917.859856,0,0.0005232402894,84574.67591,85235.66291,0.374874488,0.03688887467,1790297107418,45137750,2024-10-08 18:46:47,2026-09-04 22:51:37,
BTC,buy,60-75,>90d,BTC-20270326-80000-C,12351,12351,7149.066368,7201.806649,0,-0.007323201535,1790297133040,ok,C,0.7608695652,138,80000,182.3025514,0.66678,12351,84581,86653,0.3817,12351,7201.806649,0,-2.220446049e-16,12351,7150.029167,0,-0.0001346567306,84574.67591,86627.77391,0.381983666,0.03790127306,1790297120152,45137760,2024-10-08 18:46:47,2026-09-04 22:51:37,
BTC,buy,75-90,<=2d,BTC-20260926-83000-C,1810,1810,1810,1810,0,0,1790297067391,ok,C,0.5716535433,635,83000,1.302551362,0.80577,1810,84598,84604,0.37647,1810,1810,0,0,1810,1810,0,0,84597.62287,84645.89687,0.3781694654,0.0364,1790297056688,45137726,2024-10-08 18:46:47,2026-09-04 22:51:37,
BTC,buy,75-90,2-7d,BTC-20260928-87000-P,2533,2533,2532.99998,2532.999981,0,-2.061990578e-10,1790297081387,ok,P,0.6410714286,560,87000,3.302551362,-0.84302,2533,84581,84649,0.2822,2533,2532.999981,0,-2.109423747e-15,2533,2532.999982,0,-8.587989209e-10,84581.82416,84612.42116,0.2814039561,0.0364,1790297066189,45137734,2024-10-08 18:46:47,2026-09-04 22:51:37,
BTC,buy,75-90,7-30d,BTC-20261009-90000-P,5921,5921,5424.551198,5425.979806,0,-0.0002632903869,1790297099308,ok,P,0.6,740,90000,14.30255136,-0.79907,5921,84586,84708,0.35062,5921,5425.979806,0,-2.220446049e-16,5921,5427.122272,0,-0.0004737454242,84581.82416,84697.57016,0.3503960011,0.0364,1790297088619,45137742,2024-10-08 18:46:47,2026-09-04 22:51:37,
BTC,buy,75-90,30-90d,BTC-20261127-100000-P,15861,15861,7954.823971,7969.766636,0,-0.001874918762,1790297116973,ok,P,0.5555555556,252,100000,63.30255136,-0.82007,15861,84574,85251,0.38478,15861,7969.766636,0,-1.443289932e-15,15861,7951.409904,0,0.0004293662481,84574.67591,85235.66291,0.3842156229,0.03688887467,1790297106409,45137751,2024-10-08 18:46:47,2026-09-04 22:51:37,
BTC,buy,75-90,>90d,BTC-20270326-70000-C,19142,19142,8800.424031,8896.009195,0,-0.01074472402,1790297135954,ok,C,0.8548387097,62,70000,182.3025514,0.81223,19142,84581,86653,0.40675,19142,8896.009195,0,-2.220446049e-16,19142,8800.480828,0,-6.453822169e-06,84574.67591,86647.02391,0.4067504671,0.03790127306,1790297118020,45137761,2024-10-08 18:46:47,2026-09-04 22:51:37,
BTC,buy,90-100,<=2d,BTC-20260926-88000-P,3449,3449,3449,3449,0,-2.00062189e-13,1790297068918,ok,P,0.6105072464,552,88000,1.302551362,-0.94023,3449,84598,84604,0.41977,3449,3449,0,4.440892099e-16,3449,3449,0,2.997602166e-14,84597.62287,84645.89687,0.4118300187,0.0364,1790297056788,45137727,2024-10-08 18:46:47,2026-09-04 22:51:37,
BTC,buy,90-100,2-7d,BTC-20260928-89000-P,4406,4406,4405.623263,4405.624104,0,-1.90871308e-07,1790297083460,ok,P,0.6107142857,280,89000,3.302551362,-0.94602,4406,84581,84649,0.32466,4406,4405.624104,0,-1.221245327e-15,4406,4405.652314,0,-6.594216469e-06,84581.82416,84612.42116,0.3241231488,0.0364,1790297066089,45137734,2024-10-08 18:46:47,2026-09-04 22:51:37,
BTC,buy,90-100,7-30d,BTC-20261009-96000-P,11383,11383,8079.312208,8072.917879,0,0.0007920717097,1790297100831,ok,P,0.6801470588,272,96000,14.30255136,-0.94716,11383,84580,84734,0.38088,11383,8072.917879,0,6.661338148e-16,11383,8096.84844,0,-0.002165809484,84581.82416,84697.57016,0.3807600256,0.0364,1790297085792,45137743,2024-10-08 18:46:47,2026-09-04 22:51:37,
BTC,buy,90-100,30-90d,BTC-20261127-120000-P,34663,34663,10146.73624,10200.24532,0,-0.00524586214,1790297118504,ok,P,0.7205882353,68,120000,63.30255136,-0.96725,34663,84573,85243,0.42536,34663,10200.24532,0,0,34663,10132.23145,0,0.00143155008,84574.67591,85235.66291,0.4252044663,0.03688887467,1790297102972,45137752,2024-10-08 18:46:47,2026-09-04 22:51:37,
BTC,buy,90-100,>90d,BTC-20270326-50000-C,36421,36421,10819.2051,11051.64551,0,-0.02103219898,1790297137476,ok,C,0.7380952381,42,50000,182.3025514,0.95545,36421,84581,86653,0.51217,36421,11051.64551,0,8.881784197e-16,36421,10819.78318,0,-5.342745125e-05,84574.67591,86647.02391,0.5121738143,0.03790127306,1790297118833,45137762,2024-10-08 18:46:47,2026-09-04 22:51:37,
BTC,sell,00-10,<=2d,BTC-20260926-88000-C,10996.85745,10992.48246,8692.53175,8694.023515,0.0003979984773,-0.0001715850757,1790297070440,ok,C,0.5715871254,4505,88000,1.302551362,0.05976,54,84598,84604,0.41977,10992.48246,8694.023515,2.220446049e-16,-2.109423747e-15,10997.75294,8671.935798,-8.142525782e-05,0.002375012098,84581.82416,84630.09816,0.4118300187,0.0364,1790297056992,45137728,2024-10-08 18:46:47,2026-09-04 22:51:37,
BTC,sell,00-10,2-7d,BTC-20260928-89000-C,10995.44524,10994.20432,7777.430924,7770.600205,0.0001128703116,0.0008790464968,1790297084981,ok,C,0.5573152338,2652,89000,3.302551362,0.05397,58,84581,84649,0.32466,10994.20432,7770.600205,0,-2.109423747e-15,10996.50467,7810.646191,-9.634255303e-05,-0.004252563267,84581.82416,84612.42116,0.3241231488,0.0364,1790297066368,45137735,2024-10-08 18:46:47,2026-09-04 22:51:37,
BTC,sell,00-10,7-30d,BTC-20261009-72000-P,10994.91727,10997.02229,5490.848344,5492.533546,-0.0001914169692,-0.0003068170268,1790297102359,ok,P,0.525083612,2990,72000,14.30255136,-0.04193,144,84587,84709,0.48874,10997.02229,5492.533546,-3.330669074e-16,-6.661338148e-16,10997.14942,5491.6734,-0.0002029754862,-0.0001502377863,84581.82416,84697.57016,0.4887837458,0.0364,1790297091248,45137744,2024-10-08 18:46:47,2026-09-04 22:51:37,
BTC,sell,00-10,30-90d,BTC-20261127-120000-C,10998.77321,10996.35799,4374.824953,4369.188209,0.000219638505,0.001290112448,1790297120023,ok,C,0.5003802281,1315,120000,63.30255136,0.03274,180,84573,85243,0.42536,10996.35799,4369.188209,2.220446049e-16,6.661338148e-16,10996.78341,4371.518675,0.0001809441647,0.0007563225876,84574.67591,85235.66291,0.4252044663,0.03688887467,1790297104489,45137753,2024-10-08 18:46:47,2026-09-04 22:51:37,
BTC,sell,00-10,>90d,BTC-20270326-160000-C,11008.35188,11004.64603,3429.542251,3417.573548,0.0003367525714,0.00350210543,1790297126243,ok,C,0.6167800454,441,160000,182.3025514,0.04655,480,84581,86653,0.47022,11004.64603,3417.573548,2.220446049e-16,3.108624469e-15,11008.10764,3429.114027,2.218700938e-05,0.000124878722,84574.67591,86627.77391,0.4699735415,0.03790127306,1790297118027,45137756,2024-10-08 18:46:47,2026-09-04 22:51:37,
BTC,sell,10-25,<=2d,BTC-20260926-83000-P,11102.4291,11087.16049,10228.0343,10212.17522,0.001377143207,0.001552957913,1790297061460,ok,P,0.5364569624,3799,83000,1.302551362,-0.19415,206,84598,84604,0.37647,11087.16049,10212.17522,-1.443289932e-15,-1.221245327e-15,11092.52846,10248.02936,0.0008925502944,-0.001951113002,84597.62287,84645.89687,0.3781694654,0.0364,1790297055778,45137723,2024-10-08 18:46:47,2026-09-04 22:51:37,
BTC,sell,10-25,2-7d,BTC-20260928-87000-C,10991.15574,10988.95095,9514.91856,9508.789659,0.0002006373412,0.0006445511967,1790297086510,ok,C,0.5306055646,3055,87000,3.302551362,0.15697,184,84581,84649,0.2822,10988.95095,9508.789659,2.220446049e-16,-3.330669074e-16,10996.02589,9550.240893,-0.0004429010108,-0.003698580293,84581.82416,84612.42116,0.2814039561,0.0364,1790297066089,45137736,2024-10-08 18:46:47,2026-09-04 22:51:37,
BTC,sell,10-25,7-30d,BTC-20261009-90000-C,10995.4478,10988.42405,7587.28953,7565.207103,0.0006391951767,0.002918945534,1790297103888,ok,C,0.5298661174,3884,90000,14.30255136,0.20214,643,84580,84734,0.35062,10988.42405,7565.207103,2.220446049e-16,-6.661338148e-16,10996.57215,7599.03042,-0.0001022460733,-0.00154505097,84581.82416,84697.57016,0.3503960011,0.0364,1790297082687,45137745,2024-10-08 18:46:47,2026-09-04 22:51:37,
BTC,sell,10-25,30-90d,BTC-20261127-100000-C,11009.77144,10997.71661,6231.115737,6200.900738,0.001096121057,0.004872679111,1790297121554,ok,C,0.5150406504,2460,100000,63.30255136,0.17978,1229,84573,85243,0.38478,10997.71661,6200.900738,-1.110223025e-16,4.440892099e-16,11004.06292,6217.419691,0.0005187651749,0.002202850573,84574.67591,85235.66291,0.3842156229,0.03688887467,1790297101760,45137753,2024-10-08 18:46:47,2026-09-04 22:51:37,
BTC,sell,10-25,>90d,BTC-20270326-120000-C,11042.00684,11041.497,6406.366791,6411.708927,4.617504722e-05,-0.0008331845083,1790297139143,ok,C,0.5817843866,538,120000,182.3025514,0.16639,1924,84581,86653,0.41332,11041.497,6411.708927,-1.110223025e-16,-3.330669074e-16,11043.23442,6414.111871,-0.0001111614129,-0.001207506261,84574.67591,86647.02391,0.4133251849,0.03790127306,1790297119849,45137763,2024-10-08 18:46:47,2026-09-04 22:51:37,
BTC,sell,25-40,<=2d,,,,,,,,,no_strike,C,0.5065906662,2807,,,,,,,,,,,,,,,,,,,,,,,,
BTC,sell,25-40,2-7d,BTC-20260928-84000-P,12096.59371,12103.37701,10859.14841,10890.1028,-0.0005604465742,-0.002842433477,1790297076806,ok,P,0.5623376623,2310,84000,3.302551362,-0.37836,556,84587,84618,0.25912,12103.37701,10890.1028,2.220446049e-16,2.220446049e-16,12101.41226,10885.32455,-0.0003981808115,-0.002404718279,84581.82416,84612.42116,0.2576346985,0.0364,1790297065483,45137731,2024-10-08 18:46:47,2026-09-04 22:51:37,
BTC,sell,25-40,7-30d,BTC-20261009-82000-P,10999.01563,11002.43583,8693.624198,8701.550771,-0.0003108586538,-0.0009109379213,1790297094724,ok,P,0.5555217524,3287,82000,14.30255136,-0.30111,1116,84586,84708,0.33649,11002.43583,8701.550771,-1.110223025e-15,1.33226763e-15,10998.95248,8693.057743,5.741982782e-06,6.516174471e-05,84581.82416,84697.57016,0.3366409112,0.0364,1790297088519,45137740,2024-10-08 18:46:47,2026-09-04 22:51:37,
BTC,sell,25-40,30-90d,BTC-20261127-80000-P,11017.35196,11026.14229,7657.774116,7673.91559,-0.0007972258733,-0.002103420773,1790297123087,ok,P,0.5579160344,1977,80000,63.30255136,-0.31274,2866,84573,85243,0.37109,11026.14229,7673.91559,2.220446049e-16,8.881784197e-16,11018.10056,7663.033478,-6.794239884e-05,-0.0006863289777,84574.67591,85235.66291,0.3715296709,0.03688887467,1790297104388,45137755,2024-10-08 18:46:47,2026-09-04 22:51:37,
BTC,sell,25-40,>90d,BTC-20270326-80000-P,11132.95684,11141.05642,8189.033813,8199.23901,-0.0007270027262,-0.00124465173,1790297141322,ok,P,0.5343383585,597,80000,182.3025514,-0.33321,5856,84581,86653,0.3817,11141.05642,8199.23901,8.881784197e-16,0,11139.83452,8196.574344,-0.0006173954699,-0.0009199613523,84574.67591,86647.02391,0.3817023472,0.03790127306,1790297120961,45137763,2024-10-08 18:46:47,2026-09-04 22:51:37,
BTC,sell,40-60,<=2d,BTC-20260926-85000-C,12280.38032,12317.47435,11251.73606,11278.09504,-0.003011496108,-0.002337184135,1790297064342,ok,C,0.5756026297,2738,85000,1.302551362,0.40108,430,84598,84604,0.30067,12317.47435,11278.09504,8.881784197e-16,-9.992007222e-16,12287.75526,11230.2685,-0.0006001860501,0.001911580219,84597.62287,84645.89687,0.3073416677,0.0364,1790297055575,45137725,2024-10-08 18:46:47,2026-09-04 22:51:37,
BTC,sell,40-60,2-7d,BTC-20260928-85000-C,12259.54397,12250.06148,11040.31296,11032.82961,0.0007740766826,0.0006782809343,1790297088031,ok,C,0.5655802862,2516,85000,3.302551362,0.43584,642,84581,84649,0.25057,12250.06148,11032.82961,-5.551115123e-16,-4.440892099e-16,12269.27923,11074.37733,-0.0007934669281,-0.003075962471,84581.82416,84612.42116,0.2491914396,0.0364,1790297066089,45137737,2024-10-08 18:46:47,2026-09-04 22:51:37,
BTC,sell,40-60,7-30d,BTC-20261009-85000-C,12268.45336,12266.38672,10124.76287,10109.21394,0.0001684794196,0.001538094745,1790297105749,ok,C,0.5602605863,3377,85000,14.30255136,0.49222,2076,84586,84708,0.33167,12266.38672,10109.21394,2.220446049e-16,-2.331468352e-15,12277.04645,10120.03967,-0.0006999315195,0.0004667168401,84581.82416,84697.57016,0.3315613023,0.0364,1790297086380,45137746,2024-10-08 18:46:47,2026-09-04 22:51:37,
BTC,sell,40-60,30-90d,BTC-20261127-85000-C,12316.57212,12297.61279,10123.89401,10104.91287,0.001541708165,0.001878407008,1790297113917,ok,C,0.5802364865,2368,85000,63.30255136,0.5378,5243,84573,85243,0.36534,12297.61279,10104.91287,-3.330669074e-16,-1.776356839e-15,12300.02231,10111.37012,0.001345510681,0.001238594515,84574.67591,85235.66291,0.3653122367,0.03688887467,1790297103175,45137750,2024-10-08 18:46:47,2026-09-04 22:51:37,
BTC,sell,40-60,>90d,BTC-20270326-90000-C,11183.3788,11179.43421,10712.23946,10699.67592,0.0003528434617,0.001174198505,1790297142845,ok,C,0.7511682243,856,90000,182.3025514,0.49636,7589,84583,86655,0.37673,11179.43421,10699.67592,2.220446049e-16,-1.998401444e-15,11182.34827,10705.78977,9.215699624e-05,0.0006024484505,84574.67591,86647.02391,0.3768170525,0.03790127306,1790297124365,45137764,2024-10-08 18:46:47,2026-09-04 22:51:37,
BTC,sell,60-75,<=2d,BTC-20260926-84000-C,12706.72446,12718.25579,11711.21631,11737.90509,-0.000906676042,-0.002273726192,1790297065863,ok,C,0.6615384615,780,84000,1.302551362,0.65427,970,84598,84604,0.3095,12718.25579,11737.90509,1.110223025e-15,-1.110223025e-15,12689.5982,11690.14568,0.001349629821,0.001802426365,84597.62287,84645.89687,0.3100967409,0.0364,1790297057799,45137726,2024-10-08 18:46:47,2026-09-04 22:51:37,
BTC,sell,60-75,2-7d,BTC-20260928-84000-C,12684.14332,12679.60574,11505.43298,11497.87102,0.0003578638983,0.0006576833591,1790297089578,ok,C,0.6518518519,675,84000,3.302551362,0.62163,1174,84587,84618,0.25912,12679.60574,11497.87102,-4.440892099e-16,-1.554312234e-15,12688.39451,11504.23312,-0.0003350462066,0.0001042975973,84581.82416,84612.42116,0.2576346985,0.0364,1790297065987,45137737,2024-10-08 18:46:47,2026-09-04 22:51:37,
BTC,sell,60-75,7-30d,BTC-20261009-82000-C,12676.7112,12669.63292,11133.83601,11118.62779,0.0005586809465,0.001367813973,1790297107275,ok,C,0.5512437811,1005,82000,14.30255136,0.70045,3838,84580,84734,0.33649,12669.63292,11118.62779,-3.330669074e-16,-1.665334537e-15,12693.95346,11157.83808,-0.001358304514,-0.002151139967,84581.82416,84697.57016,0.3366409112,0.0364,1790297083643,45137746,2024-10-08 18:46:47,2026-09-04 22:51:37,
BTC,sell,60-75,30-90d,BTC-20261127-95000-P,12775.86945,12785.2699,11165.37128,11177.07823,-0.0007352564927,-0.001047407342,1790297115440,ok,P,0.6024734982,566,95000,63.30255136,-0.73051,11687,84574,85251,0.37541,12785.2699,11177.07823,1.110223025e-15,2.220446049e-16,12780.23368,11170.44248,-0.0003414833471,-0.000453984132,84574.67591,85235.66291,0.374874488,0.03688887467,1790297107418,45137750,2024-10-08 18:46:47,2026-09-04 22:51:37,
BTC,sell,60-75,>90d,BTC-20270326-80000-C,12991.75137,12978.00931,11979.34988,11961.89056,0.001058872634,0.001459578296,1790297133040,ok,C,0.8040201005,199,80000,182.3025514,0.66678,12351,84581,86653,0.3817,12978.00931,11961.89056,2.220446049e-16,0,12989.45676,11976.60228,0.0001766516549,0.0002294136236,84574.67591,86627.77391,0.381983666,0.03790127306,1790297120152,45137760,2024-10-08 18:46:47,2026-09-04 22:51:37,
BTC,sell,75-90,<=2d,BTC-20260926-83000-C,12708.1196,12726.66643,11872.40843,11898.3507,-0.001457320218,-0.002180324826,1790297067391,ok,C,0.5583333333,480,83000,1.302551362,0.80577,1810,84598,84604,0.37647,12726.66643,11898.3507,8.881784197e-16,-1.554312234e-15,12690.51467,11850.57867,0.001387251161,0.001842083836,84597.62287,84645.89687,0.3781694654,0.0364,1790297056688,45137726,2024-10-08 18:46:47,2026-09-04 22:51:37,
BTC,sell,75-90,2-7d,BTC-20260928-87000-P,12720.00955,12719.17001,11908.53303,11911.84981,6.600594035e-05,-0.000278444138,1790297081387,ok,P,0.5431754875,359,87000,3.302551362,-0.84302,2533,84581,84649,0.2822,12719.17001,11911.84981,-1.33226763e-15,2.220446049e-16,12689.6508,11880.3958,0.002392403076,0.002368374034,84581.82416,84612.42116,0.2814039561,0.0364,1790297066189,45137734,2024-10-08 18:46:47,2026-09-04 22:51:37,
BTC,sell,75-90,7-30d,BTC-20261009-90000-P,12705.52661,12704.49437,11517.23385,11515.73638,8.125028989e-05,0.0001300367098,1790297099308,ok,P,0.5299806576,517,90000,14.30255136,-0.79907,5921,84586,84708,0.35062,12704.49437,11515.73638,0,6.661338148e-16,12697.8358,11507.26251,0.0006056787323,0.000866526149,84581.82416,84697.57016,0.3503960011,0.0364,1790297088619,45137742,2024-10-08 18:46:47,2026-09-04 22:51:37,
BTC,sell,75-90,30-90d,BTC-20261127-100000-P,12810.92082,12821.54852,11682.41918,11694.19538,-0.0008288939367,-0.001007012236,1790297116973,ok,P,0.5960591133,203,100000,63.30255136,-0.82007,15861,84574,85251,0.38478,12821.54852,11694.19538,2.220446049e-16,0,12814.11311,11686.20456,-0.0002491234133,-0.0003239185496,84574.67591,85235.66291,0.3842156229,0.03688887467,1790297106409,45137751,2024-10-08 18:46:47,2026-09-04 22:51:37,
BTC,sell,75-90,>90d,BTC-20270326-70000-C,13156.0185,13149.93607,12921.33795,12915.20794,0.0004625446292,0.0004746350266,1790297135954,ok,C,0.7777777778,81,70000,182.3025514,0.81223,19142,84581,86653,0.40675,13149.93607,12915.20794,-1.110223025e-15,-1.443289932e-15,13155.73098,12921.1022,2.185550654e-05,1.824543691e-05,84574.67591,86647.02391,0.4067504671,0.03790127306,1790297118020,45137761,2024-10-08 18:46:47,2026-09-04 22:51:37,
BTC,sell,90-100,<=2d,BTC-20260926-88000-P,12671.38498,12646.51157,11987.46016,11967.08851,0.001966820213,0.001702306328,1790297068918,ok,P,0.5940594059,505,88000,1.302551362,-0.94023,3449,84598,84604,0.41977,12646.51157,11967.08851,0,-1.110223025e-15,12690.71465,12003.14219,-0.001523134208,-0.001306493967,84597.62287,84645.89687,0.4118300187,0.0364,1790297056788,45137727,2024-10-08 18:46:47,2026-09-04 22:51:37,
BTC,sell,90-100,2-7d,BTC-20260928-89000-P,12721.24417,12725.42062,12034.16551,12038.89688,-0.0003281975955,-0.0003930064969,1790297083460,ok,P,0.5569620253,158,89000,3.302551362,-0.94602,4406,84581,84649,0.32466,12725.42062,12038.89688,2.220446049e-16,0,12691.12544,12007.44466,0.002373212094,0.002225357178,84581.82416,84612.42116,0.3241231488,0.0364,1790297066089,45137734,2024-10-08 18:46:47,2026-09-04 22:51:37,
BTC,sell,90-100,7-30d,BTC-20261009-96000-P,12744.5855,12742.92583,11997.26507,12011.10138,0.0001302429004,-0.001151959877,1790297100831,ok,P,0.6839378238,193,96000,14.30255136,-0.94716,11383,84580,84734,0.38088,12742.92583,12011.10138,0,6.661338148e-16,12708.35052,11980.09587,0.002851273198,0.001433144084,84581.82416,84697.57016,0.3807600256,0.0364,1790297085792,45137743,2024-10-08 18:46:47,2026-09-04 22:51:37,
BTC,sell,90-100,30-90d,BTC-20261127-120000-P,12948.23226,12969.18879,12396.14405,12416.30198,-0.001615870705,-0.001623505192,1790297118504,ok,P,0.7540983607,61,120000,63.30255136,-0.96725,34663,84573,85243,0.42536,12969.18879,12416.30198,1.776356839e-15,6.661338148e-16,12962.24356,12410.56861,-0.001080931583,-0.001162280833,84574.67591,85235.66291,0.4252044663,0.03688887467,1790297102972,45137752,2024-10-08 18:46:47,2026-09-04 22:51:37,
BTC,sell,90-100,>90d,BTC-20270326-50000-C,13580.31895,13572.88382,13704.05761,13696.71659,0.0005477931905,0.0005359691727,1790297137476,ok,C,0.8878504673,107,50000,182.3025514,0.95545,36421,84581,86653,0.51217,13572.88382,13696.71659,-5.551115123e-16,-1.554312234e-15,13579.52041,13703.18532,5.880497685e-05,6.365582153e-05,84574.67591,86647.02391,0.5121738143,0.03790127306,1790297118833,45137762,2024-10-08 18:46:47,2026-09-04 22:51:37,
ETH,buy,00-10,<=2d,ETH-20260926-2850-C,2.1,2.1,2.1,2.1,0,0,1790297147129,ok,C,0.5127012522,2795,2850,1.301544291,0.05402,2.1,2689.4,2689.4,0.59739,2.1,2.1,0,0,2.1,2.1,0,0,2689.651386,2689.845286,0.596683802,0.0364,1790297137136,45137766,2024-10-08 18:46:47,2026-09-04 22:51:37,
ETH,buy,00-10,2-7d,ETH-20260928-2900-C,2.9,2.9,2.9,2.9,0,0,1790297162419,ok,C,0.5180722892,2905,2900,3.301544291,0.05629,2.9,2688.6,2689.5,0.49194,2.9,2.9,0,6.661338148e-16,2.9,2.9,0,0,2689.200964,2690.007364,0.4921163762,0.0364,1790297159972,45137774,2024-10-08 18:46:47,2026-09-04 22:51:37,
ETH,buy,00-10,7-30d,ETH-20261009-3300-C,4.8,4.8,4.799501643,4.799506919,0,-1.099319148e-06,1790297176066,ok,C,0.5341137124,2990,3300,14.30154429,0.04101,4.8,2689,2691.4,0.57347,4.8,4.799506919,0,-4.440892099e-15,4.8,4.799508965,0,-1.525487168e-06,2689.245064,2691.606364,0.5734753462,0.0364,1790297170073,45137781,2024-10-08 18:46:47,2026-09-04 22:51:37,
ETH,buy,00-10,30-90d,ETH-20261127-4500-C,8.2,8.2,8.076884515,8.077427033,0,-6.716473919e-05,1790297189478,ok,C,0.6147741148,1638,4500,63.30154429,0.0331,8.2,2689.6,2707.4,0.62047,8.2,8.077427033,0,3.996802889e-15,8.2,8.076803726,0,1.000258537e-05,2689.245064,2707.076364,0.6204761759,0.03688887467,1790297181290,45137787,2024-10-08 18:46:47,2026-09-04 22:51:37,
ETH,buy,00-10,>90d,ETH-20270326-7000-C,17.7,17.7,16.63237503,16.6484859,0,-0.000967707928,1790297201917,ok,C,0.7431640625,1024,7000,182.3015443,0.04056,17.7,2688.7,2745.4,0.66871,17.7,16.6484859,0,-9.769962617e-15,17.7,16.64222252,0,-0.0005917171686,2689.245064,2746.257764,0.6687148393,0.03790127306,1790297200898,45137794,2024-10-08 18:46:47,2026-09-04 22:51:37,
ETH,buy,10-25,<=2d,ETH-20260926-2625-P,7.3,7.3,7.3,7.3,0,0,1790297148340,ok,P,0.5346555769,4689,2625,1.301544291,-0.18283,7.3,2689.3,2689.3,0.45526,7.3,7.3,0,0,7.3,7.3,0,0,2689.651386,2689.845286,0.4556291606,0.0364,1790297141206,45137767,2024-10-08 18:46:47,2026-09-04 22:51:37,
ETH,buy,10-25,2-7d,ETH-20260928-2800-C,9.2,9.2,9.2,9.2,0,5.329070518e-15,1790297163630,ok,C,0.5229391336,5471,2800,3.301544291,0.16407,9.2,2688.4,2689.4,0.42449,9.2,9.2,0,0,9.2,9.2,0,5.329070518e-15,2689.200964,2690.007364,0.4244279364,0.0364,1790297160717,45137775,2024-10-08 18:46:47,2026-09-04 22:51:37,
ETH,buy,10-25,7-30d,ETH-20261009-2450-P,23.6,23.6,23.53728458,23.53680966,0,2.017776333e-05,1790297177271,ok,P,0.506031953,6134,2450,14.30154429,-0.16033,23.6,2689,2691.4,0.50335,23.6,23.53680966,0,2.442490654e-14,23.6,23.53653373,0,3.190115563e-05,2689.245064,2691.606364,0.5033595541,0.0364,1790297169769,45137781,2024-10-08 18:46:47,2026-09-04 22:51:37,
ETH,buy,10-25,30-90d,ETH-20261127-3500-C,47.4,47.4,44.6284384,44.63044087,0,-4.486769228e-05,1790297190696,ok,C,0.5816844242,3942,3500,63.30154429,0.16015,47.4,2689.6,2707.4,0.55565,47.4,44.63044087,0,-1.110223025e-16,47.4,44.61696483,0,0.0002571571549,2689.245064,2707.076364,0.5556506802,0.03688887467,1790297181998,45137788,2024-10-08 18:46:47,2026-09-04 22:51:37,
ETH,buy,10-25,>90d,ETH-20270326-4500-C,81.7,81.7,69.27735637,69.46276801,0,-0.002669223326,1790297203134,ok,C,0.6404308202,1207,4500,182.3015443,0.16431,81.7,2689.2,2746.2,0.58958,81.7,69.46276801,0,-1.998401444e-15,81.7,69.35554756,0,-0.001127396381,2689.245064,2746.257764,0.5895846293,0.03790127306,1790297191703,45137794,2024-10-08 18:46:47,2026-09-04 22:51:37,
ETH,buy,25-40,<=2d,ETH-20260926-2725-C,13.9,13.9,13.9,13.9,0,0,1790297149875,ok,C,0.5305102578,3802,2725,1.301544291,0.31197,13.9,2689.3,2689.3,0.43795,13.9,13.9,0,0,13.9,13.9,0,0,2689.651386,2689.845286,0.4371879611,0.0364,1790297140671,45137768,2024-10-08 18:46:47,2026-09-04 22:51:37,
ETH,buy,25-40,2-7d,ETH-20260928-2725-C,23,23,23,23,0,-3.330669074e-16,1790297166040,ok,C,0.5441757157,4052,2725,3.301544291,0.36219,23,2688.6,2689.5,0.37161,23,23,0,0,23,23,0,-4.440892099e-16,2689.200964,2690.007364,0.371930058,0.0364,1790297159872,45137776,2024-10-08 18:46:47,2026-09-04 22:51:37,
ETH,buy,25-40,7-30d,ETH-20261009-2800-C,57.2,57.2,56.95844455,56.96047873,0,-3.57121333e-05,1790297178804,ok,C,0.5115341184,6199,2800,14.30154429,0.35369,57.2,2689,2691.3,0.47336,57.2,56.96047873,0,-1.110223025e-16,57.2,56.96168565,0,-5.689951981e-05,2689.245064,2691.606364,0.4733609284,0.0364,1790297173957,45137782,2024-10-08 18:46:47,2026-09-04 22:51:37,
ETH,buy,25-40,30-90d,ETH-20261127-3000-C,127.3,127.3,110.3889503,110.4079208,0,-0.0001718215132,1790297192220,ok,C,0.5328767123,3650,3000,63.30154429,0.35875,127.3,2689.6,2707.4,0.5233,127.3,110.4079208,0,2.220446049e-16,127.3,110.3316509,0,0.0005193375922,2689.245064,2707.076364,0.5233039309,0.03688887467,1790297185741,45137789,2024-10-08 18:46:47,2026-09-04 22:51:37,
ETH,buy,25-40,>90d,ETH-20270326-3500-C,189.7,189.7,141.4950013,142.1190693,0,-0.004391163368,1790297204661,ok,C,0.6612665685,1358,3500,182.3015443,0.33389,189.7,2688.7,2745.4,0.55078,189.7,142.1190693,0,-2.220446049e-15,189.7,141.7998999,0,-0.002150203808,2689.245064,2746.257764,0.5507889383,0.03790127306,1790297200191,45137795,2024-10-08 18:46:47,2026-09-04 22:51:37,
ETH,buy,40-60,<=2d,ETH-20260926-2700-C,21.1,21.1,21.1,21.1,0,0,1790297151393,ok,C,0.5325554259,4285,2700,1.301544291,0.44034,21.1,2689.3,2689.3,0.40739,21.1,21.1,0,0,21.1,21.1,0,0,2689.651386,2689.845286,0.4067740641,0.0364,1790297142692,45137768,2024-10-08 18:46:47,2026-09-04 22:51:37,
ETH,buy,40-60,2-7d,ETH-20260928-2700-C,31.5,31.5,31.5,31.5,0,3.552713679e-15,1790297167553,ok,C,0.5394839719,5116,2700,3.301544291,0.46137,31.5,2688.6,2689.5,0.35703,31.5,31.5,0,0,31.5,31.5,0,2.442490654e-15,2689.200964,2690.007364,0.357795927,0.0364,1790297159968,45137776,2024-10-08 18:46:47,2026-09-04 22:51:37,
ETH,buy,40-60,7-30d,ETH-20261009-2700-C,94.2,94.2,93.12092156,93.12883862,0,-8.501191088e-05,1790297180321,ok,C,0.5043825926,6503,2700,14.30154429,0.50439,94.2,2689,2691.3,0.46313,94.2,93.12883862,0,0,94.2,93.13361651,0,-0.0001363090226,2689.245064,2691.606364,0.4631372974,0.0364,1790297174013,45137783,2024-10-08 18:46:47,2026-09-04 22:51:37,
ETH,buy,40-60,30-90d,ETH-20261127-2800-C,190.4,190.4,154.6645391,154.6537691,0,6.963972197e-05,1790297193754,ok,C,0.5873015873,3717,2800,63.30154429,0.48022,190.4,2689.5,2707.4,0.51493,190.4,154.6537691,0,-8.881784197e-16,190.4,154.4994214,0,0.001068727059,2689.245064,2707.076364,0.5149374099,0.03688887467,1790297180176,45137790,2024-10-08 18:46:47,2026-09-04 22:51:37,
ETH,buy,40-60,>90d,ETH-20270326-3000-C,309.4,309.4,204.0778721,205.3053085,0,-0.005978590918,1790297206314,ok,C,0.5926910299,1505,3000,182.3015443,0.48239,309.4,2689.2,2746.2,0.53572,309.4,205.3053085,0,-1.110223025e-16,309.4,204.386256,0,-0.001508829031,2689.245064,2746.257764,0.5357253832,0.03790127306,1790297191703,45137796,2024-10-08 18:46:47,2026-09-04 22:51:37,
ETH,buy,60-75,<=2d,ETH-20260926-2650-C,50.4,50.4,50.4,50.4,0,0,1790297152926,ok,C,0.5418994413,1432,2650,1.301544291,0.72833,50.4,2689.1,2689.2,0.41342,50.4,50.4,0,0,50.4,50.4,0,0,2689.200964,2689.394864,0.4136606391,0.0364,1790297145825,45137770,2024-10-08 18:46:47,2026-09-04 22:51:37,
ETH,buy,60-75,2-7d,ETH-20260928-2650-C,58.7,58.7,58.7,58.7,0,-1.143529715e-12,1790297169106,ok,C,0.5315254237,1475,2650,3.301544291,0.67775,58.7,2688.6,2689.5,0.35042,58.7,58.7,0,0,58.7,58.7,0,-2.042921388e-12,2689.200964,2690.007364,0.3522659232,0.0364,1790297159366,45137777,2024-10-08 18:46:47,2026-09-04 22:51:37,
ETH,buy,60-75,7-30d,ETH-20261009-2600-C,149.6,149.6,144.7469406,144.7772318,0,-0.0002092263748,1790297181850,ok,C,0.5631608236,1797,2600,14.30154429,0.66299,149.6,2689,2691.3,0.46603,149.6,144.7772318,0,-2.220446049e-16,149.6,144.7939022,0,-0.000324334064,2689.245064,2691.606364,0.466030281,0.0364,1790297171994,45137784,2024-10-08 18:46:47,2026-09-04 22:51:37,
ETH,buy,60-75,30-90d,ETH-20261127-2500-C,340.1,340.1,234.7448244,234.7993412,0,-0.0002321846459,1790297196053,ok,C,0.6126893939,1056,2500,63.30154429,0.6835,340.1,2689.6,2707.4,0.51786,340.1,234.7993412,0,-7.771561172e-16,340.1,234.3777917,0,0.001565987192,2689.245064,2707.076364,0.5178660685,0.03688887467,1790297184973,45137791,2024-10-08 18:46:47,2026-09-04 22:51:37,
ETH,buy,60-75,>90d,ETH-20270326-2500-C,517.8,517.8,280.013734,282.6215584,0,-0.009227266269,1790297207846,ok,C,0.7507082153,706,2500,182.3015443,0.6688,517.8,2688.7,2745.4,0.53623,517.8,282.6215584,0,6.661338148e-16,517.8,280.7518681,0,-0.002629133498,2688.958073,2745.970773,0.5362364935,0.03790127306,1790297198475,45137797,2024-10-08 18:46:47,2026-09-04 22:51:37,
ETH,buy,75-90,<=2d,ETH-20260926-2625-C,71.7,71.7,71.7,71.7,0,0,1790297155497,ok,C,0.5565388397,1017,2625,1.301544291,0.81716,71.7,2689.3,2689.3,0.45526,71.7,71.7,0,0,71.7,71.7,0,0,2689.200964,2689.394864,0.4556291606,0.0364,1790297144307,45137770,2024-10-08 18:46:47,2026-09-04 22:51:37,
ETH,buy,75-90,2-7d,ETH-20260928-2600-C,99.1,99.1,99.09999463,99.09999568,0,-1.055671484e-08,1790297170617,ok,C,0.5195729537,843,2600,3.301544291,0.82426,99.1,2688.6,2689.5,0.38999,99.1,99.09999568,0,0,99.1,99.09999616,0,-1.538975514e-08,2689.000644,2689.807044,0.3912413965,0.0364,1790297159467,45137778,2024-10-08 18:46:47,2026-09-04 22:51:37,
ETH,buy,75-90,7-30d,ETH-20261009-2450-C,264.8,264.8,232.4799426,232.6314183,0,-0.0006511402543,1790297183373,ok,C,0.5329566855,1062,2450,14.30154429,0.83963,264.8,2689,2691.3,0.50335,264.8,232.6314183,0,0,264.8,232.6967474,0,-0.000931705278,2689.245064,2691.606364,0.5033595541,0.0364,1790297172197,45137784,2024-10-08 18:46:47,2026-09-04 22:51:37,
ETH,buy,75-90,30-90d,ETH-20261127-2200-C,559.9,559.9,301.6077069,301.9362226,0,-0.001088030179,1790297198001,ok,C,0.5883458647,532,2200,63.30154429,0.84531,559.9,2689.7,2707.5,0.55299,559.9,301.9362226,0,2.220446049e-16,559.9,300.9287137,0,0.002256325468,2689.245064,2707.076364,0.5529945179,0.03688887467,1790297186344,45137792,2024-10-08 18:46:47,2026-09-04 22:51:37,
ETH,buy,75-90,>90d,ETH-20270326-2000-C,844.3,844.3,345.2370923,350.3982375,0,-0.01472936967,1790297209372,ok,C,0.786407767,309,2000,182.3015443,0.83743,844.3,2688.7,2745.4,0.57382,844.3,350.3982375,0,8.881784197e-16,844.3,346.3232975,0,-0.003136390745,2688.958073,2745.970773,0.5738281543,0.03790127306,1790297196351,45137798,2024-10-08 18:46:47,2026-09-04 22:51:37,
ETH,buy,90-100,<=2d,ETH-20260926-2850-P,162.6,162.6,162.5999329,162.5999404,0,-4.589633062e-08,1790297156999,ok,P,0.512716175,983,2850,1.301544291,-0.94597,162.6,2689.4,2689.4,0.59739,162.6,162.5999404,0,8.881784197e-16,162.6,162.5999389,0,-3.672681315e-08,2689.200964,2689.394864,0.596683802,0.0364,1790297137333,45137771,2024-10-08 18:46:47,2026-09-04 22:51:37,
ETH,buy,90-100,2-7d,ETH-20260928-2900-P,213.4,213.4,211.7066272,211.6975984,0,4.264918218e-05,1790297172138,ok,P,0.5647058824,425,2900,3.301544291,-0.94383,213.4,2688.4,2689.4,0.49194,213.4,211.6975984,0,-2.331468352e-15,213.4,211.6751751,0,0.0001485863533,2689.000644,2689.807044,0.4921163762,0.0364,1790297161182,45137779,2024-10-08 18:46:47,2026-09-04 22:51:37,
ETH,buy,90-100,7-30d,ETH-20261009-3300-P,612.9,612.9,320.3131823,320.0547306,0,0.0008075235494,1790297184914,ok,P,0.5515463918,388,3300,14.30154429,-0.95898,612.9,2689,2691.4,0.57347,612.9,320.0547306,0,-5.551115123e-16,612.9,319.6711183,0,0.002008514298,2689.245064,2691.606364,0.5734753462,0.0364,1790297169164,45137785,2024-10-08 18:46:47,2026-09-04 22:51:37,
ETH,buy,90-100,30-90d,ETH-20261127-1800-C,918,918,351.3755351,352.5814324,0,-0.003420195379,1790297199518,ok,C,0.6025641026,234,1800,63.30154429,0.95056,918,2689.5,2707.4,0.64672,918,352.5814324,0,0,918,350.7178005,0,0.001875395291,2689.245064,2707.076364,0.6467258748,0.03688887467,1790297179164,45137792,2024-10-08 18:46:47,2026-09-04 22:51:37,
ETH,buy,90-100,>90d,ETH-20270326-1400-C,1352,1352,389.3034022,398.9280246,0,-0.02412621269,1790297211705,ok,C,0.9195402299,87,1400,182.3015443,0.949,1352,2689.2,2746.2,0.68414,1352,398.9280246,0,8.881784197e-16,1352,390.1931076,0,-0.0022801669,2688.958073,2745.970773,0.6841441872,0.03790127306,1790297194531,45137799,2024-10-08 18:46:47,2026-09-04 22:51:37,
ETH,sell,00-10,<=2d,ETH-20260926-2850-C,349.6425463,349.7249167,285.007065,285.6068651,-0.0002355292972,-0.002100089828,1790297147129,ok,C,0.6015869468,8948,2850,1.301544291,0.05402,2.1,2689.4,2689.4,0.59739,349.7249167,285.6068651,0,8.881784197e-16,349.6806053,285.1869189,-0.0001088393184,-0.0006306524979,2689.651386,2689.845286,0.596683802,0.0364,1790297137136,45137766,2024-10-08 18:46:47,2026-09-04 22:51:37,
ETH,sell,00-10,2-7d,ETH-20260928-2900-C,349.4784854,349.6906546,248.7222492,250.1845095,-0.0006067341435,-0.005844727496,1790297162419,ok,C,0.5841304348,4600,2900,3.301544291,0.05629,2.9,2688.6,2689.5,0.49194,349.6906546,250.1845095,-3.330669074e-16,4.440892099e-16,349.5787578,249.6751847,-0.0002868377465,-0.003816700774,2689.200964,2690.007364,0.4921163762,0.0364,1790297159972,45137774,2024-10-08 18:46:47,2026-09-04 22:51:37,
ETH,sell,00-10,7-30d,ETH-20261009-3300-C,349.740259,349.6839364,198.9787501,198.8756554,0.0001610670502,0.0005183874412,1790297176066,ok,C,0.6027592769,4204,3300,14.30154429,0.04101,4.8,2689,2691.4,0.57347,349.6839364,198.8756554,2.220446049e-16,2.220446049e-16,349.6433696,198.8319081,0.0002771091385,0.0007385233963,2689.245064,2691.606364,0.5734753462,0.0364,1790297170073,45137781,2024-10-08 18:46:47,2026-09-04 22:51:37,
ETH,sell,00-10,30-90d,ETH-20261127-4500-C,349.748327,349.7137329,120.8464726,120.7878846,9.892132101e-05,0.0004850485496,1790297189478,ok,C,0.6175213675,2808,4500,63.30154429,0.0331,8.2,2689.6,2707.4,0.62047,349.7137329,120.7878846,2.220446049e-16,4.440892099e-16,349.7700639,120.8647879,-6.214608752e-05,-0.0001515353577,2689.245064,2707.076364,0.6204761759,0.03688887467,1790297181290,45137787,2024-10-08 18:46:47,2026-09-04 22:51:37,
ETH,sell,00-10,>90d,ETH-20270326-7000-C,350.1078703,350.0659794,128.5504792,128.2131414,0.0001196658571,0.002631070519,1790297201917,ok,C,0.8539019964,1102,7000,182.3015443,0.04056,17.7,2688.7,2745.4,0.66871,350.0659794,128.2131414,2.220446049e-16,1.110223025e-15,349.9594909,128.0391431,0.0004239901971,0.003993592443,2689.245064,2746.257764,0.6687148393,0.03790127306,1790297200898,45137794,2024-10-08 18:46:47,2026-09-04 22:51:37,
ETH,sell,10-25,<=2d,ETH-20260926-2775-C,349.46338,349.6547509,346.1694078,347.0154449,-0.0005473138831,-0.002438038899,1790297158501,ok,C,0.5122711336,7701,2775,1.301544291,0.15311,6.3,2689.3,2689.3,0.50557,349.6547509,347.0154449,-4.440892099e-16,-4.440892099e-16,349.6825764,346.9260582,-0.0006268438274,-0.002181013667,2689.200964,2689.394864,0.504794339,0.0364,1790297144918,45137772,2024-10-08 18:46:47,2026-09-04 22:51:37,
ETH,sell,10-25,2-7d,ETH-20260928-2800-C,349.1410552,349.7511647,322.7575426,323.9726776,-0.001744410089,-0.003750733192,1790297163630,ok,C,0.5500462535,5405,2800,3.301544291,0.16407,9.2,2688.4,2689.4,0.42449,349.7511647,323.9726776,-6.661338148e-16,-9.992007222e-16,349.5510147,323.3131525,-0.001172817367,-0.001718488463,2689.200964,2690.007364,0.4244279364,0.0364,1790297160717,45137775,2024-10-08 18:46:47,2026-09-04 22:51:37,
ETH,sell,10-25,7-30d,ETH-20261009-2950-C,349.8866737,349.7411799,259.1761254,258.9612436,0.000416004058,0.000829783631,1790297186435,ok,C,0.5522435897,6240,2950,14.30154429,0.19036,26.6,2689,2691.3,0.50048,349.7411799,258.9612436,0,-1.554312234e-15,349.650022,258.7182506,0.0006768244083,0.001769781831,2689.245064,2691.606364,0.5004867569,0.0364,1790297172298,45137786,2024-10-08 18:46:47,2026-09-04 22:51:37,
ETH,sell,10-25,30-90d,ETH-20261127-3500-C,349.8805271,349.8919018,219.4052474,219.5879188,-3.250913737e-05,-0.0008318824097,1790297190696,ok,C,0.6392849061,4419,3500,63.30154429,0.16015,47.4,2689.6,2707.4,0.55565,349.8919018,219.5879188,6.661338148e-16,-2.220446049e-16,349.9896615,219.7483461,-0.0003118218421,-0.001561325312,2689.245064,2707.076364,0.5556506802,0.03688887467,1790297181998,45137788,2024-10-08 18:46:47,2026-09-04 22:51:37,
ETH,sell,10-25,>90d,ETH-20270326-4500-C,351.6686495,351.3820036,252.6702446,251.8876752,0.0008157672265,0.003106819149,1790297203134,ok,C,0.7680228408,1401,4500,182.3015443,0.16431,81.7,2689.2,2746.2,0.58958,351.3820036,251.8876752,-1.110223025e-16,2.220446049e-16,351.3644286,251.8582265,0.0008658272988,0.003224107989,2689.245064,2746.257764,0.5895846293,0.03790127306,1790297191703,45137794,2024-10-08 18:46:47,2026-09-04 22:51:37,
ETH,sell,25-40,<=2d,ETH-20260926-2725-C,367.5756256,368.2356767,387.6169532,388.2995578,-0.001792468966,-0.001757933073,1790297149875,ok,C,0.5320267686,6276,2725,1.301544291,0.31197,13.9,2689.3,2689.3,0.43795,368.2356767,388.2995578,-4.440892099e-16,-8.881784197e-16,367.704459,387.6733194,-0.000350372112,-0.0001453962064,2689.651386,2689.845286,0.4371879611,0.0364,1790297140671,45137768,2024-10-08 18:46:47,2026-09-04 22:51:37,
ETH,sell,25-40,2-7d,ETH-20260928-2725-C,366.7305384,367.8112949,379.1275038,380.1405112,-0.002938344926,-0.002664823762,1790297166040,ok,C,0.553125,4480,2725,3.301544291,0.36219,23,2688.6,2689.5,0.37161,367.8112949,380.1405112,-4.440892099e-16,-1.221245327e-15,366.9053735,379.5527688,-0.0004765128848,-0.001120437139,2689.200964,2690.007364,0.371930058,0.0364,1790297159872,45137776,2024-10-08 18:46:47,2026-09-04 22:51:37,
ETH,sell,25-40,7-30d,ETH-20261009-2800-C,349.978546,349.7741611,324.2515649,323.8582729,0.0005843338521,0.001214395246,1790297178804,ok,C,0.5318278805,5624,2800,14.30154429,0.35369,57.2,2689,2691.3,0.47336,349.7741611,323.8582729,-7.771561172e-16,2.220446049e-16,349.6337397,323.5727686,0.000986192857,0.002097816298,2689.245064,2691.606364,0.4733609284,0.0364,1790297173957,45137782,2024-10-08 18:46:47,2026-09-04 22:51:37,
ETH,sell,25-40,30-90d,ETH-20261127-3000-C,350.1796044,350.320408,315.984731,316.2461896,-0.0004019281242,-0.0008267567319,1790297192220,ok,C,0.569325736,4212,3000,63.30154429,0.35875,127.3,2689.6,2707.4,0.5233,350.320408,316.2461896,4.440892099e-16,0,350.4809638,316.4767624,-0.0008598453295,-0.00155471566,2689.245064,2707.076364,0.5233039309,0.03688887467,1790297185741,45137789,2024-10-08 18:46:47,2026-09-04 22:51:37,
ETH,sell,25-40,>90d,ETH-20270326-3500-C,354.4146033,353.925358,347.8033195,346.8937457,0.001382340365,0.002622053219,1790297204661,ok,C,0.6360347323,1382,3500,182.3015443,0.33389,189.7,2688.7,2745.4,0.55078,353.925358,346.8937457,2.220446049e-16,2.220446049e-16,353.5616784,346.3556981,0.002412379537,0.00417958036,2689.245064,2746.257764,0.5507889383,0.03790127306,1790297200191,45137795,2024-10-08 18:46:47,2026-09-04 22:51:37,
ETH,sell,40-60,<=2d,ETH-20260926-2700-C,392.691736,393.3493134,405.451732,405.9119015,-0.00167173892,-0.00113366837,1790297151393,ok,C,0.5562148182,6573,2700,1.301544291,0.44034,21.1,2689.3,2689.3,0.40739,393.3493134,405.9119015,-3.330669074e-16,4.440892099e-16,392.7434403,405.2806192,-0.0001316488468,0.0004222082098,2689.651386,2689.845286,0.4067740641,0.0364,1790297142692,45137768,2024-10-08 18:46:47,2026-09-04 22:51:37,
ETH,sell,40-60,2-7d,ETH-20260928-2700-C,391.9077189,392.8848342,395.1651295,396.1153257,-0.002487027435,-0.002398786884,1790297167553,ok,C,0.5776599384,5846,2700,3.301544291,0.46137,31.5,2688.6,2689.5,0.35703,392.8848342,396.1153257,-1.110223025e-16,0,391.8813682,395.5212871,6.724140428e-05,-0.0009004764032,2689.200964,2690.007364,0.357795927,0.0364,1790297159968,45137776,2024-10-08 18:46:47,2026-09-04 22:51:37,
ETH,sell,40-60,7-30d,ETH-20261009-2700-C,393.5313466,392.850497,364.9565602,364.5404098,0.001733101034,0.001141575594,1790297180321,ok,C,0.5510481074,6631,2700,14.30154429,0.50439,94.2,2689,2691.3,0.46313,392.850497,364.5404098,-8.881784197e-16,-4.440892099e-16,392.4125927,364.2292827,0.002850963437,0.001996757478,2689.245064,2691.606364,0.4631372974,0.0364,1790297174013,45137783,2024-10-08 18:46:47,2026-09-04 22:51:37,
ETH,sell,40-60,30-90d,ETH-20261127-2800-C,350.4260584,350.750888,356.9266315,357.5292268,-0.0009260976301,-0.001685443636,1790297193754,ok,C,0.6603045685,4925,2800,63.30154429,0.48022,190.4,2689.5,2707.4,0.51493,350.750888,357.5292268,6.661338148e-16,-3.330669074e-16,350.9361072,357.7899881,-0.001453395085,-0.002413026298,2689.245064,2707.076364,0.5149374099,0.03688887467,1790297180176,45137790,2024-10-08 18:46:47,2026-09-04 22:51:37,
ETH,sell,40-60,>90d,ETH-20270326-3000-C,356.8128549,356.2683633,404.0134972,403.1050139,0.001528318617,0.002253713538,1790297206314,ok,C,0.750116117,2153,3000,182.3015443,0.48239,309.4,2689.2,2746.2,0.53572,356.2683633,403.1050139,2.220446049e-16,0,356.230485,403.0558052,0.001634812036,0.002376077877,2689.245064,2746.257764,0.5357253832,0.03790127306,1790297191703,45137796,2024-10-08 18:46:47,2026-09-04 22:51:37,
ETH,sell,60-75,<=2d,ETH-20260926-2650-C,403.2838158,403.5440076,425.7229033,426.0421954,-0.0006447668508,-0.0007494377293,1790297152926,ok,C,0.6155606407,1748,2650,1.301544291,0.72833,50.4,2689.1,2689.2,0.41342,403.5440076,426.0421954,1.33226763e-15,-5.551115123e-16,403.374285,425.8158541,-0.0002242809537,-0.00021828875,2689.200964,2689.394864,0.4136606391,0.0364,1790297145825,45137770,2024-10-08 18:46:47,2026-09-04 22:51:37,
ETH,sell,60-75,2-7d,ETH-20260928-2650-C,403.655883,403.8778326,417.7633471,418.5867849,-0.0005495464355,-0.001967185272,1790297169106,ok,C,0.6217252396,1565,2650,3.301544291,0.67775,58.7,2688.6,2689.5,0.35042,403.8778326,418.5867849,-6.661338148e-16,4.440892099e-16,403.2743662,417.9902421,0.0009460477228,-0.000542823619,2689.200964,2690.007364,0.3522659232,0.0364,1790297159366,45137777,2024-10-08 18:46:47,2026-09-04 22:51:37,
ETH,sell,60-75,7-30d,ETH-20261009-2600-C,404.0379748,403.6966176,396.8804323,396.4325392,0.0008455784501,0.001129809139,1790297181850,ok,C,0.6275695284,1654,2600,14.30154429,0.66299,149.6,2689,2691.3,0.46603,403.6966176,396.4325392,0,-3.330669074e-16,403.4567028,396.1056561,0.001440729643,0.001955983708,2689.245064,2691.606364,0.466030281,0.0364,1790297171994,45137784,2024-10-08 18:46:47,2026-09-04 22:51:37,
ETH,sell,60-75,30-90d,ETH-20261127-2500-C,404.8041045,405.3743614,408.8195047,409.5072601,-0.001406741546,-0.001679470594,1790297196053,ok,C,0.6403508772,1026,2500,63.30154429,0.6835,340.1,2689.6,2707.4,0.51786,405.3743614,409.5072601,6.661338148e-16,-8.881784197e-16,405.6463428,409.8139226,-0.002076287189,-0.002426510811,2689.245064,2707.076364,0.5178660685,0.03688887467,1790297184973,45137791,2024-10-08 18:46:47,2026-09-04 22:51:37,
ETH,sell,60-75,>90d,ETH-20270326-2500-C,415.4071048,414.6006886,455.6336145,454.5532252,0.001945043021,0.002376815864,1790297207846,ok,C,0.7416267943,1045,2500,182.3015443,0.6688,517.8,2688.7,2745.4,0.53623,414.6006886,454.5532252,-7.771561172e-16,-2.220446049e-16,414.1756403,454.0377262,0.002973290575,0.00351488034,2688.958073,2745.970773,0.5362364935,0.03790127306,1790297198475,45137797,2024-10-08 18:46:47,2026-09-04 22:51:37,
ETH,sell,75-90,<=2d,ETH-20260926-2625-C,402.9087617,403.4581223,429.1244803,429.7583675,-0.001361629648,-0.001474985085,1790297155497,ok,C,0.560204953,1171,2625,1.301544291,0.81716,71.7,2689.3,2689.3,0.45526,403.4581223,429.7583675,-8.881784197e-16,-1.221245327e-15,403.3797126,429.6482838,-0.001167512384,-0.001219144853,2689.200964,2689.394864,0.4556291606,0.0364,1790297144307,45137770,2024-10-08 18:46:47,2026-09-04 22:51:37,
ETH,sell,75-90,2-7d,ETH-20260928-2600-C,403.5104755,403.7113111,427.5458427,427.9619313,-0.0004974732928,-0.0009722560473,1790297170617,ok,C,0.5574365175,827,2600,3.301544291,0.82426,99.1,2688.6,2689.5,0.38999,403.7113111,427.9619313,2.220446049e-16,-2.220446049e-16,403.3154142,427.6004174,0.0004836446292,-0.0001276299677,2689.000644,2689.807044,0.3912413965,0.0364,1790297159467,45137778,2024-10-08 18:46:47,2026-09-04 22:51:37,
ETH,sell,75-90,7-30d,ETH-20261009-2450-C,404.3332577,403.8670517,423.7894752,423.2665129,0.001154355324,0.001235538908,1790297183373,ok,C,0.5574650913,931,2450,14.30154429,0.83963,264.8,2689,2691.3,0.50335,403.8670517,423.2665129,-3.330669074e-16,0,403.5717911,422.9256082,0.001886818321,0.002042597938,2689.245064,2691.606364,0.5033595541,0.0364,1790297172197,45137784,2024-10-08 18:46:47,2026-09-04 22:51:37,
ETH,sell,75-90,30-90d,ETH-20261127-2200-C,406.0365021,406.7105721,438.7969452,439.5513006,-0.0016573703,-0.001716194166,1790297198001,ok,C,0.6168958743,509,2200,63.30154429,0.84531,559.9,2689.7,2707.5,0.55299,406.7105721,439.5513006,2.220446049e-16,-5.551115123e-16,407.1356782,439.9941271,-0.002699778359,-0.002720904215,2689.245064,2707.076364,0.5529945179,0.03688887467,1790297186344,45137792,2024-10-08 18:46:47,2026-09-04 22:51:37,
ETH,sell,75-90,>90d,ETH-20270326-2000-C,422.5662051,421.5867396,488.3310198,487.1597255,0.002323283336,0.002404333168,1790297209372,ok,C,0.8416289593,442,2000,182.3015443,0.83743,844.3,2688.7,2745.4,0.57382,421.5867396,487.1597255,-5.551115123e-16,-4.440892099e-16,421.0661412,486.5763412,0.003562537342,0.003606173106,2688.958073,2745.970773,0.5738281543,0.03790127306,1790297196351,45137798,2024-10-08 18:46:47,2026-09-04 22:51:37,
ETH,sell,90-100,<=2d,ETH-20260926-2550-C,402.6655984,403.5417963,433.8561906,434.6649412,-0.002171269352,-0.00186063001,1790297160014,ok,C,0.5218604651,1075,2550,1.301544291,0.93624,141.9,2689.1,2689.2,0.59105,403.5417963,434.6649412,0,-2.220446049e-16,403.336379,434.4381338,-0.001663079823,-0.001339530621,2689.200964,2689.394864,0.5914429937,0.0364,1790297145726,45137773,2024-10-08 18:46:47,2026-09-04 22:51:37,
ETH,sell,90-100,2-7d,ETH-20260928-2450-C,403.3362975,403.9548824,435.4320258,435.9309086,-0.001531321737,-0.001144407924,1790297173695,ok,C,0.5656324582,419,2450,3.301544291,0.96177,241.7,2688.6,2689.5,0.56216,403.9548824,435.9309086,2.220446049e-16,4.440892099e-16,403.339292,435.2966003,-7.424214181e-06,0.0003111108844,2689.245064,2690.051464,0.5616100923,0.0364,1790297160374,45137780,2024-10-08 18:46:47,2026-09-04 22:51:37,
ETH,sell,90-100,7-30d,ETH-20261009-3300-P,403.3814951,403.7623868,434.6170458,435.0049542,-0.0009433560704,-0.0008917332759,1790297184914,ok,P,0.5811088296,487,3300,14.30154429,-0.95898,612.9,2689,2691.4,0.57347,403.7623868,435.0049542,-1.110223025e-15,1.110223025e-15,403.9232734,435.174713,-0.001341290158,-0.001281479027,2689.245064,2691.606364,0.5734753462,0.0364,1790297169164,45137785,2024-10-08 18:46:47,2026-09-04 22:51:37,
ETH,sell,90-100,30-90d,ETH-20261127-1800-C,408.3846683,409.1814815,452.5075747,453.2923299,-0.001947334462,-0.001731234077,1790297199518,ok,C,0.56640625,256,1800,63.30154429,0.95056,918,2689.5,2707.4,0.64672,409.1814815,453.2923299,6.661338148e-16,-9.992007222e-16,409.5266696,453.6506536,-0.002788588164,-0.002519733631,2689.245064,2707.076364,0.6467258748,0.03688887467,1790297179164,45137792,2024-10-08 18:46:47,2026-09-04 22:51:37,
ETH,sell,90-100,>90d,ETH-20270326-1400-C,433.1132831,431.8709252,501.6913195,500.1991002,0.002876687857,0.002983250756,1790297211705,ok,C,0.9625668449,187,1400,182.3015443,0.949,1352,2689.2,2746.2,0.68414,431.8709252,500.1991002,-5.551115123e-16,-8.881784197e-16,432.1239033,500.4499826,0.002289574384,0.002480441646,2688.958073,2745.970773,0.6841441872,0.03790127306,1790297194531,45137799,2024-10-08 18:46:47,2026-09-04 22:51:37,
HYPE,buy,00-10,<=2d,HYPE-20260926-100-C,0.09,0.09,0.09,0.09,0,0,1790297215993,ok,C,0.6770186335,161,100,1.300747367,0.04927,0.09,91.26,91.31,0.90621,0.09,0.09,0,0,0.09,0.09,0,0,91.26451587,91.32509987,0.9007776369,0.0364,1790297211748,45137801,2026-08-20 22:09:25,2026-09-04 22:51:37,
HYPE,buy,00-10,2-7d,,,,,,,,,no_expiry,P,0.5282051282,195,,,,,,,,,,,,,,,,,,,,,,,,
HYPE,buy,00-10,7-30d,HYPE-20261009-72_5-P,0.35,0.35,0.3499862662,0.3499859026,0,1.038986721e-06,1790297228736,ok,P,0.5395348837,430,72.5,14.30074737,-0.05606,0.35,91.27,91.59,0.78148,0.35,0.3499859026,0,3.663735981e-14,0.35,0.3499862833,0,-4.882178695e-08,91.26451587,91.62642787,0.7832052349,0.0364,1790297224617,45137807,2026-08-20 22:09:25,2026-09-04 22:51:37,
HYPE,buy,00-10,30-90d,HYPE-20261030-65-P,0.55,0.55,0.5473820199,0.5473968811,0,-2.714882641e-05,1790297243137,ok,P,0.6585365854,164,65,35.30074737,-0.05567,0.55,91.27,92.02,0.75836,0.55,0.5473968811,0,-1.743050149e-14,0.55,0.5474158351,0,-6.177235115e-05,91.27143384,91.98246584,0.7583616481,0.0364,1790297237427,45137814,2026-08-20 22:09:25,2026-09-04 22:51:37,
HYPE,buy,00-10,>90d,HYPE-20261225-52-P,0.82,0.82,0.791586181,0.7917381437,0,-0.0001919355719,1790297259714,ok,P,0.7426900585,171,52,91.30074737,-0.04795,0.82,91.22,92.41,0.78249,0.82,0.7917381437,0,-1.609823386e-14,0.82,0.7915534026,0,4.141022365e-05,91.27143384,92.45816984,0.7827643542,0.03720832017,1790297255443,45137822,2026-08-20 22:09:25,2026-09-04 22:51:37,
HYPE,buy,10-25,<=2d,HYPE-20260926-95-C,0.37,0.37,0.37,0.37,0,0,1790297217355,ok,C,0.6143572621,599,95,1.300747367,0.18132,0.37,91.26,91.32,0.71003,0.37,0.37,0,0,0.37,0.37,0,0,91.26451587,91.32509987,0.708175223,0.0364,1790297205560,45137802,2026-08-20 22:09:25,2026-09-04 22:51:37,
HYPE,buy,10-25,2-7d,,,,,,,,,no_expiry,P,0.5479452055,1241,,,,,,,,,,,,,,,,,,,,,,,,
HYPE,buy,10-25,7-30d,HYPE-20261009-82_5-P,1.36,1.36,1.359610032,1.359578318,0,2.332658763e-05,1790297229980,ok,P,0.5404486744,2942,82.5,14.30074737,-0.19351,1.36,91.27,91.59,0.66067,1.36,1.359578318,0,5.107025913e-15,1.36,1.359610804,0,-5.672724286e-07,91.27291462,91.63482662,0.6652568906,0.0364,1790297227180,45137808,2026-08-20 22:09:25,2026-09-04 22:51:37,
HYPE,buy,10-25,30-90d,HYPE-20261030-77_5-P,1.79,1.79,1.766903907,1.76703648,0,-7.502566644e-05,1790297244356,ok,P,0.5890218156,1421,77.5,35.30074737,-0.16849,1.79,91.27,91.98,0.64021,1.79,1.76703648,0,2.220446049e-15,1.79,1.766989608,0,-4.850100204e-05,91.27143384,91.98246584,0.640219368,0.0364,1790297232832,45137815,2026-08-20 22:09:25,2026-09-04 22:51:37,
HYPE,buy,10-25,>90d,HYPE-20261225-72-P,3.14,3.14,2.882822372,2.885364518,0,-0.000881048368,1790297260942,ok,P,0.644092219,694,72,91.30074737,-0.17274,3.14,91.24,92.42,0.63693,3.14,2.885364518,0,-1.887379142e-15,3.14,2.882813255,0,3.162607781e-06,91.27143384,92.45816984,0.6367727316,0.03720832017,1790297249810,45137823,2026-08-20 22:09:25,2026-09-04 22:51:37,
HYPE,buy,25-40,<=2d,HYPE-20260926-90-P,0.86,0.86,0.86,0.86,0,0,1790297219439,ok,P,0.6214057508,626,90,1.300747367,-0.34913,0.86,91.26,91.32,0.66402,0.86,0.86,0,0,0.86,0.86,0,0,91.26451587,91.32509987,0.6662599333,0.0364,1790297207782,45137802,2026-08-20 22:09:25,2026-09-04 22:51:37,
HYPE,buy,25-40,2-7d,,,,,,,,,no_expiry,C,0.5289602233,1433,,,,,,,,,,,,,,,,,,,,,,,,
HYPE,buy,25-40,7-30d,HYPE-20261009-87_5-P,2.62,2.62,2.61724171,2.617109562,0,5.049384774e-05,1790297231480,ok,P,0.5294284097,3534,87.5,14.30074737,-0.33229,2.62,91.27,91.59,0.62039,2.62,2.617109562,0,2.220446049e-16,2.62,2.617155103,0,3.309207653e-05,91.27291462,91.63482662,0.6224709183,0.0364,1790297220384,45137808,2026-08-20 22:09:25,2026-09-04 22:51:37,
HYPE,buy,25-40,30-90d,HYPE-20261030-85-P,3.61,3.61,3.507088146,3.507117426,0,-8.348733669e-06,1790297245888,ok,P,0.5583333333,1200,85,35.30074737,-0.30233,3.61,91.27,91.98,0.59787,3.61,3.507117426,0,-1.665334537e-15,3.61,3.506904809,0,5.227889891e-05,91.27143384,91.98246584,0.5978753834,0.0364,1790297232915,45137816,2026-08-20 22:09:25,2026-09-04 22:51:37,
HYPE,buy,25-40,>90d,HYPE-20261225-84-P,6.61,6.61,5.651462073,5.658301361,0,-0.001208717555,1790297262479,ok,P,0.501650165,606,84,91.30074737,-0.31883,6.61,91.24,92.42,0.59221,6.61,5.658301361,0,-6.661338148e-16,6.61,5.649681592,0,0.00031514722,91.27143384,92.45816984,0.5920583569,0.03720832017,1790297249126,45137824,2026-08-20 22:09:25,2026-09-04 22:51:37,
HYPE,buy,40-60,<=2d,HYPE-20260926-91-C,1.56,1.56,1.56,1.56,0,0,1790297220968,ok,C,0.5016447368,608,91,1.300747367,0.54358,1.56,91.26,91.31,0.64606,1.56,1.56,0,0,1.56,1.56,0,0,91.26451587,91.32509987,0.6488194841,0.0364,1790297213075,45137803,2026-08-20 22:09:25,2026-09-04 22:51:37,
HYPE,buy,40-60,2-7d,,,,,,,,,no_expiry,C,0.5801916933,1565,,,,,,,,,,,,,,,,,,,,,,,,
HYPE,buy,40-60,7-30d,HYPE-20261009-92_5-C,3.98,3.98,3.978486065,3.978515805,0,-7.475328143e-06,1790297233014,ok,C,0.6200499465,2803,92.5,14.30074737,0.49163,3.98,91.27,91.59,0.61071,3.98,3.978515805,0,0,3.98,3.978517301,0,-7.851228331e-06,91.27143384,91.63334584,0.6096547667,0.0364,1790297227070,45137809,2026-08-20 22:09:25,2026-09-04 22:51:37,
HYPE,buy,40-60,30-90d,HYPE-20261030-92_5-C,6.46,6.46,6.307194951,6.307708899,0,-8.147931451e-05,1790297247426,ok,C,0.7447916667,1152,92.5,35.30074737,0.52548,6.46,91.27,92.02,0.59082,6.46,6.307708899,0,0,6.46,6.306233588,0,0.0001524464832,91.27143384,91.98246584,0.5908227263,0.0364,1790297241317,45137816,2026-08-20 22:09:25,2026-09-04 22:51:37,
HYPE,buy,40-60,>90d,HYPE-20261225-96-C,9.26,9.26,8.291768811,8.290070041,0,0.0002049161463,1790297264025,ok,C,0.8193384224,393,96,91.30074737,0.50779,9.26,91.22,92.41,0.59209,9.26,8.290070041,0,2.220446049e-16,9.26,8.29168659,0,9.916003224e-06,91.27143384,92.45816984,0.5922312537,0.03720832017,1790297253881,45137825,2026-08-20 22:09:25,2026-09-04 22:51:37,
HYPE,buy,60-75,<=2d,HYPE-20260926-90-C,2.16,2.16,2.16,2.16,0,0,1790297222497,ok,C,0.5602409639,332,90,1.300747367,0.64757,2.16,91.26,91.28,0.66402,2.16,2.16,0,0,2.16,2.16,0,0,91.26451587,91.32509987,0.6662599333,0.0364,1790297214193,45137804,2026-08-20 22:09:25,2026-09-04 22:51:37,
HYPE,buy,60-75,2-7d,,,,,,,,,no_expiry,C,0.6312178388,583,,,,,,,,,,,,,,,,,,,,,,,,
HYPE,buy,60-75,7-30d,HYPE-20261009-87_5-C,6.7,6.7,6.681037204,6.680335624,0,0.0001050217029,1790297234532,ok,C,0.8429268293,1025,87.5,14.30074737,0.66789,6.7,91.27,91.59,0.61974,6.7,6.680335624,0,0,6.7,6.681348077,0,-4.652845396e-05,91.27143384,91.63334584,0.6224709183,0.0364,1790297225810,45137810,2026-08-20 22:09:25,2026-09-04 22:51:37,
HYPE,buy,60-75,30-90d,HYPE-20261030-85-C,10.56,10.56,9.898218031,9.90202498,0,-0.0003844616533,1790297248968,ok,C,0.8163265306,245,85,35.30074737,0.69852,10.56,91.27,92.02,0.59787,10.56,9.90202498,0,-1.110223025e-15,10.56,9.89677253,0,0.0001460577843,91.27143384,91.98246584,0.5978753834,0.0364,1790297235053,45137817,2026-08-20 22:09:25,2026-09-04 22:51:37,
HYPE,buy,60-75,>90d,HYPE-20261225-84-C,14.92,14.92,12.14492913,12.14815218,0,-0.0002653112769,1790297265549,ok,C,0.9197530864,162,84,91.30074737,0.68097,14.92,91.22,92.41,0.59221,14.92,12.14815218,0,0,14.92,12.14625323,0,-0.000109012618,91.27143384,92.45816984,0.5920583569,0.03720832017,1790297257547,45137825,2026-08-20 22:09:25,2026-09-04 22:51:37,
HYPE,buy,75-90,<=2d,HYPE-20260926-95-P,4.04,4.04,4.04,4.04,0,0,1790297224825,ok,P,0.5409836066,244,95,1.300747367,-0.81867,4.04,91.26,91.32,0.71003,4.04,4.04,0,0,4.04,4.04,0,0,91.26451587,91.32509987,0.708175223,0.0364,1790297205476,45137805,2026-08-20 22:09:25,2026-09-04 22:51:37,
HYPE,buy,75-90,2-7d,,,,,,,,,no_expiry,C,0.5967741935,186,,,,,,,,,,,,,,,,,,,,,,,,
HYPE,buy,75-90,7-30d,HYPE-20261009-82_5-C,10.42,10.42,10.23182555,10.22585167,0,0.0005841937638,1790297236130,ok,C,0.9407713499,726,82.5,14.30074737,0.80616,10.42,91.27,91.59,0.66155,10.42,10.22585167,0,-2.220446049e-16,10.42,10.23289265,0,-0.0001042809122,91.27143384,91.63334584,0.6652568906,0.0364,1790297221149,45137811,2026-08-20 22:09:25,2026-09-04 22:51:37,
HYPE,buy,75-90,30-90d,HYPE-20261030-77_5-C,16.19,16.19,13.7868086,13.79709699,0,-0.0007456926587,1790297250499,ok,C,0.8201058201,189,77.5,35.30074737,0.83207,16.19,91.27,92.02,0.64021,16.19,13.79709699,0,0,16.19,13.78248444,0,0.0003137431691,91.27143384,91.98246584,0.640219368,0.0364,1790297241135,45137818,2026-08-20 22:09:25,2026-09-04 22:51:37,
HYPE,buy,75-90,>90d,HYPE-20261225-72-C,23.31,23.31,15.96079321,15.97948945,0,-0.001170015089,1790297267086,ok,C,0.847826087,46,72,91.30074737,0.82725,23.31,91.24,92.42,0.63693,23.31,15.97948945,0,4.440892099e-16,23.31,15.9632501,0,-0.000153909271,91.27143384,92.45816984,0.6367727316,0.03720832017,1790297253245,45137826,2026-08-20 22:09:25,2026-09-04 22:51:37,
HYPE,buy,90-100,<=2d,HYPE-20260926-85-C,6.43,6.43,6.43,6.43,0,0,1790297226342,ok,C,0.7285714286,140,85,1.300747367,0.93525,6.43,91.26,91.31,0.80477,6.43,6.43,0,0,6.43,6.43,0,0,91.26451587,91.32509987,0.8035027931,0.0364,1790297209476,45137806,2026-08-20 22:09:25,2026-09-04 22:51:37,
HYPE,buy,90-100,2-7d,,,,,,,,,no_expiry,C,0.6057692308,104,,,,,,,,,,,,,,,,,,,,,,,,
HYPE,buy,90-100,7-30d,HYPE-20261009-72_5-C,19.38,19.38,16.35253931,16.34633949,0,0.0003792785335,1790297237663,ok,C,0.9157894737,95,72.5,14.30074737,0.94382,19.38,91.27,91.59,0.78192,19.38,16.34633949,0,-4.440892099e-16,19.38,16.36744837,0,-0.0009108973254,91.27143384,91.63334584,0.7832052349,0.0364,1790297219173,45137812,2026-08-20 22:09:25,2026-09-04 22:51:37,
HYPE,buy,90-100,30-90d,HYPE-20261030-65-C,27.36,27.36,17.73837293,17.76095909,0,-0.001271674313,1790297252034,ok,C,0.8571428571,21,65,35.30074737,0.94432,27.36,91.27,92.02,0.75836,27.36,17.76095909,0,-2.220446049e-16,27.36,17.72278721,0,0.0008794167821,91.27143384,91.98246584,0.7583616481,0.0364,1790297240055,45137819,2026-08-20 22:09:25,2026-09-04 22:51:37,
HYPE,buy,90-100,>90d,HYPE-20261225-52-C,40.73,40.73,19.54794856,19.61503777,0,-0.003420294677,1790297268620,ok,C,1,8,52,91.30074737,0.95208,40.73,91.24,92.42,0.78249,40.73,19.61503777,0,0,40.73,19.54822107,0,-1.394038235e-05,91.27143384,92.45816984,0.7827643542,0.03720832017,1790297252714,45137827,2026-08-20 22:09:25,2026-09-04 22:51:37,
HYPE,sell,00-10,<=2d,HYPE-20260926-100-C,22.82456793,22.82296929,18.27999455,18.294679,7.00452465e-05,-0.0008026620256,1790297215993,ok,C,0.6004098361,488,100,1.300747367,0.04927,0.09,91.26,91.31,0.90621,22.82296929,18.294679,0,2.220446049e-16,22.82409974,18.28990902,2.051301219e-05,-0.0005420732192,91.26451587,91.32509987,0.9007776369,0.0364,1790297211748,45137801,2026-08-20 22:09:25,2026-09-04 22:51:37,
HYPE,sell,00-10,2-7d,,,,,,,,,no_expiry,C,0.5147058824,340,,,,,,,,,,,,,,,,,,,,,,,,
HYPE,sell,00-10,7-30d,HYPE-20261009-72_5-P,22.82766171,22.82705276,13.88560565,13.88205042,2.667662334e-05,0.0002561030826,1790297228736,ok,P,0.5216741405,669,72.5,14.30074737,-0.05606,0.35,91.27,91.59,0.78148,22.82705276,13.88205042,-3.330669074e-16,-5.551115123e-16,22.82693228,13.88527027,3.195465459e-05,2.415390385e-05,91.26451587,91.62642787,0.7832052349,0.0364,1790297224617,45137807,2026-08-20 22:09:25,2026-09-04 22:51:37,
HYPE,sell,00-10,30-90d,HYPE-20261030-140-C,22.81253061,22.82902485,11.45878945,11.47086676,-0.0007225117472,-0.001052867538,1790297253564,ok,C,0.5593667546,379,140,35.30074737,0.0537,0.45,91.27,92.02,0.77932,22.82902485,11.47086676,2.220446049e-16,-1.110223025e-16,22.83067231,11.48638307,-0.0007946195412,-0.002402289165,91.27143384,91.98246584,0.7793217888,0.0364,1790297233427,45137820,2026-08-20 22:09:25,2026-09-04 22:51:37,
HYPE,sell,00-10,>90d,HYPE-20261225-52-P,22.82899076,22.83766516,7.662932994,7.657954571,-0.0003798285379,0.0006500983016,1790297259714,ok,P,0.725,120,52,91.30074737,-0.04795,0.82,91.22,92.41,0.78249,22.83766516,7.657954571,0,2.220446049e-16,22.8258504,7.664065283,0.0001375788779,-0.0001477399472,91.27143384,92.45816984,0.7827643542,0.03720832017,1790297255443,45137822,2026-08-20 22:09:25,2026-09-04 22:51:37,
HYPE,sell,10-25,<=2d,HYPE-20260926-95-C,23.65671763,23.64579155,21.12280511,21.14050871,0.0004620730544,-0.0008374256714,1790297217355,ok,C,0.5077922078,770,95,1.300747367,0.18132,0.37,91.26,91.32,0.71003,23.64579155,21.14050871,0,4.440892099e-16,23.64166787,21.13537467,0.0006365780448,-0.0005947168238,91.26451587,91.32509987,0.708175223,0.0364,1790297205560,45137802,2026-08-20 22:09:25,2026-09-04 22:51:37,
HYPE,sell,10-25,2-7d,,,,,,,,,no_expiry,P,0.5199449794,727,,,,,,,,,,,,,,,,,,,,,,,,
HYPE,sell,10-25,7-30d,HYPE-20261009-105-C,22.83586339,22.8292435,17.14952567,17.1463803,0.0002899741502,0.0001834422223,1790297239190,ok,C,0.5234899329,1639,105,14.30074737,0.17482,1.09,91.27,91.59,0.68776,22.8292435,17.1463803,0,-2.220446049e-16,22.83031685,17.12971017,0.0002429461058,0.001156791612,91.27143384,91.63334584,0.6858313135,0.0364,1790297224239,45137812,2026-08-20 22:09:25,2026-09-04 22:51:37,
HYPE,sell,10-25,30-90d,HYPE-20261030-115-C,22.81621094,22.83107449,15.30536038,15.30340588,-0.0006510227789,0.0001277167937,1790297255496,ok,C,0.6255707763,1095,115,35.30074737,0.16934,1.58,91.27,91.98,0.67619,22.83107449,15.30340588,-3.330669074e-16,-2.220446049e-16,22.83026364,15.30399824,-0.0006155297433,8.90051837e-05,91.27143384,91.98246584,0.6761947841,0.0364,1790297232718,45137820,2026-08-20 22:09:25,2026-09-04 22:51:37,
HYPE,sell,10-25,>90d,HYPE-20261225-72-P,22.85933836,22.8595137,12.82717897,12.80890825,-7.670254253e-06,0.001426407061,1790297260942,ok,P,0.5260663507,422,72,91.30074737,-0.17274,3.14,91.24,92.42,0.63693,22.8595137,12.80890825,-3.330669074e-16,-2.220446049e-16,22.860103,12.82769297,-3.344842444e-05,-4.006985704e-05,91.27143384,92.45816984,0.6367727316,0.03720832017,1790297249810,45137823,2026-08-20 22:09:25,2026-09-04 22:51:37,
HYPE,sell,25-40,<=2d,HYPE-20260926-90-P,26.11301628,26.12677953,22.94180823,22.92987157,-0.0005267871383,0.0005205724625,1790297219439,ok,P,0.52,900,90,1.300747367,-0.34913,0.86,91.26,91.32,0.66402,26.12677953,22.92987157,0,4.440892099e-16,26.12719972,22.93353083,-0.0005428608356,0.0003609301388,91.26451587,91.32509987,0.6662599333,0.0364,1790297207782,45137802,2026-08-20 22:09:25,2026-09-04 22:51:37,
HYPE,sell,25-40,2-7d,,,,,,,,,no_expiry,P,0.5119214586,713,,,,,,,,,,,,,,,,,,,,,,,,
HYPE,sell,25-40,7-30d,HYPE-20261009-97_5-C,22.84835419,22.83527977,19.2923135,19.2773935,0.0005725536803,0.0007739639322,1790297240725,ok,C,0.546875,1472,97.5,14.30074737,0.33093,2.32,91.27,91.59,0.63176,22.83527977,19.2773935,4.440892099e-16,-1.33226763e-15,22.83236505,19.24812915,0.0007002838725,0.002295514431,91.27143384,91.63334584,0.6299655433,0.0364,1790297219653,45137813,2026-08-20 22:09:25,2026-09-04 22:51:37,
HYPE,sell,25-40,30-90d,HYPE-20261030-102_5-C,22.82905087,22.83671259,18.07765889,18.07332216,-0.0003355002473,0.0002399522776,1790297257043,ok,C,0.55346651,851,102.5,35.30074737,0.32208,3.34,91.27,92.02,0.62067,22.83671259,18.07332216,-1.110223025e-16,0,22.84838397,18.10782798,-0.0008461473223,-0.001666080118,91.27143384,91.98246584,0.6206738785,0.0364,1790297234754,45137821,2026-08-20 22:09:25,2026-09-04 22:51:37,
HYPE,sell,25-40,>90d,HYPE-20261225-110-C,22.89305628,22.92036024,18.86940492,18.91026047,-0.001191253651,-0.002160496749,1790297270163,ok,C,0.785,400,110,91.30074737,0.34276,5.52,91.22,92.41,0.62154,22.92036024,18.91026047,4.440892099e-16,-2.220446049e-16,22.88305068,18.85600143,0.0004372490947,0.0007108340405,91.27143384,92.45816984,0.6220061986,0.03720832017,1790297255116,45137828,2026-08-20 22:09:25,2026-09-04 22:51:37,
HYPE,sell,40-60,<=2d,HYPE-20260926-91-C,27.37697699,27.39638866,23.86654493,23.88750087,-0.0007085487143,-0.0008772763089,1790297220968,ok,C,0.5612840467,1028,91,1.300747367,0.54358,1.56,91.26,91.31,0.64606,27.39638866,23.88750087,0,2.220446049e-16,27.38086086,23.86800025,-0.0001418464254,-6.097387379e-05,91.26451587,91.32509987,0.6488194841,0.0364,1790297213075,45137803,2026-08-20 22:09:25,2026-09-04 22:51:37,
HYPE,sell,40-60,2-7d,,,,,,,,,no_expiry,C,0.5844994618,929,,,,,,,,,,,,,,,,,,,,,,,,
HYPE,sell,40-60,7-30d,HYPE-20261009-92_5-C,26.18859848,26.18257422,21.55898156,21.55675872,0.0002300867018,0.0001031158364,1790297233014,ok,C,0.6725105189,1426,92.5,14.30074737,0.49163,3.98,91.27,91.59,0.61071,26.18257422,21.55675872,0,2.220446049e-16,26.16700693,21.51440404,0.0008251443147,0.002071985024,91.27143384,91.63334584,0.6096547667,0.0364,1790297227070,45137809,2026-08-20 22:09:25,2026-09-04 22:51:37,
HYPE,sell,40-60,30-90d,HYPE-20261030-92_5-C,26.15831035,26.18912118,21.42352181,21.40937676,-0.001176474348,0.0006606943726,1790297247426,ok,C,0.8516699411,1018,92.5,35.30074737,0.52548,6.46,91.27,92.02,0.59082,26.18912118,21.40937676,2.220446049e-16,2.220446049e-16,26.20692716,21.44932752,-0.001855112781,-0.001203101101,91.27143384,91.98246584,0.5908227263,0.0364,1790297241317,45137816,2026-08-20 22:09:25,2026-09-04 22:51:37,
HYPE,sell,40-60,>90d,HYPE-20261225-96-C,22.93571618,22.96956769,21.73865806,21.78282391,-0.001473754853,-0.002027554194,1790297264025,ok,C,0.947257384,474,96,91.30074737,0.50779,9.26,91.22,92.41,0.59209,22.96956769,21.78282391,-3.330669074e-16,0,22.92963086,21.73271244,0.0002653909817,0.0002735790272,91.27143384,92.45816984,0.5922312537,0.03720832017,1790297253881,45137825,2026-08-20 22:09:25,2026-09-04 22:51:37,
HYPE,sell,60-75,<=2d,HYPE-20260926-90-C,27.38796864,27.41637136,24.25249606,24.28637797,-0.001035976388,-0.001395099416,1790297222497,ok,C,0.5463917526,194,90,1.300747367,0.64757,2.16,91.26,91.28,0.66402,27.41637136,24.28637797,0,0,27.38123643,24.22895828,0.0002458694414,0.0009714732616,91.26451587,91.32509987,0.6662599333,0.0364,1790297214193,45137804,2026-08-20 22:09:25,2026-09-04 22:51:37,
HYPE,sell,60-75,2-7d,,,,,,,,,no_expiry,C,0.7049180328,244,,,,,,,,,,,,,,,,,,,,,,,,
HYPE,sell,60-75,7-30d,HYPE-20261009-87_5-C,27.43277929,27.45258634,23.31085011,23.3292773,-0.0007215001962,-0.0007898739081,1790297234532,ok,C,0.8,240,87.5,14.30074737,0.66789,6.7,91.27,91.59,0.61974,27.45258634,23.3292773,0,-7.771561172e-16,27.40522006,23.26500308,0.00100561972,0.001970643465,91.27143384,91.63334584,0.6224709183,0.0364,1790297225810,45137810,2026-08-20 22:09:25,2026-09-04 22:51:37,
HYPE,sell,60-75,30-90d,HYPE-20261030-85-C,27.45361767,27.4472221,23.44557559,23.42370234,0.000233013338,0.0009338082216,1790297248968,ok,C,0.937007874,127,85,35.30074737,0.69852,10.56,91.27,92.02,0.59787,27.4472221,23.42370234,-2.220446049e-16,-3.330669074e-16,27.47293722,23.46659389,-0.0007032208958,-0.0008956689271,91.27143384,91.98246584,0.5978753834,0.0364,1790297235053,45137817,2026-08-20 22:09:25,2026-09-04 22:51:37,
HYPE,sell,60-75,>90d,HYPE-20261225-84-C,27.5763569,27.61105084,24.01099458,24.04879626,-0.001256523812,-0.001571873959,1790297265549,ok,C,0.9790575916,191,84,91.30074737,0.68097,14.92,91.22,92.41,0.59221,27.61105084,24.04879626,2.220446049e-16,0,27.56530836,24.00013734,0.0004008129919,0.0004523825307,91.27143384,92.45816984,0.5920583569,0.03720832017,1790297257547,45137825,2026-08-20 22:09:25,2026-09-04 22:51:37,
HYPE,sell,75-90,<=2d,HYPE-20260926-95-P,27.42046042,27.38614868,24.76993388,24.7492235,0.001252886864,0.0008368094545,1790297224825,ok,P,0.5570175439,228,95,1.300747367,-0.81867,4.04,91.26,91.32,0.71003,27.38614868,24.7492235,2.220446049e-16,-1.110223025e-16,27.39163397,24.75293292,0.001052381521,0.0006868263508,91.26451587,91.32509987,0.708175223,0.0364,1790297205476,45137805,2026-08-20 22:09:25,2026-09-04 22:51:37,
HYPE,sell,75-90,2-7d,,,,,,,,,no_expiry,C,0.8156028369,141,,,,,,,,,,,,,,,,,,,,,,,,
HYPE,sell,75-90,7-30d,HYPE-20261009-82_5-C,27.44745128,27.47567715,24.36337588,24.38645253,-0.001027303856,-0.0009462897157,1790297236130,ok,C,0.8745247148,263,82.5,14.30074737,0.80616,10.42,91.27,91.59,0.66155,27.47567715,24.38645253,2.220446049e-16,-8.881784197e-16,27.42183734,24.32111566,0.0009340708106,0.001737593845,91.27143384,91.63334584,0.6652568906,0.0364,1790297221149,45137811,2026-08-20 22:09:25,2026-09-04 22:51:37,
HYPE,sell,75-90,30-90d,HYPE-20261030-77_5-C,27.49079634,27.4825927,24.66498812,24.64840427,0.0002985032848,0.0006728161448,1790297250499,ok,C,0.8555555556,90,77.5,35.30074737,0.83207,16.19,91.27,92.02,0.64021,27.4825927,24.64840427,4.440892099e-16,0,27.51331409,24.69301513,-0.0008184308841,-0.00113501778,91.27143384,91.98246584,0.640219368,0.0364,1790297241135,45137818,2026-08-20 22:09:25,2026-09-04 22:51:37,
HYPE,sell,75-90,>90d,HYPE-20261225-72-C,27.67561103,27.71125237,25.52318055,25.55908504,-0.00128616863,-0.001404764474,1790297267086,ok,C,0.976744186,43,72,91.30074737,0.82725,23.31,91.24,92.42,0.63693,27.71125237,25.55908504,-2.220446049e-16,-3.330669074e-16,27.67210007,25.51741656,0.0001268773721,0.0002258844619,91.27143384,92.45816984,0.6367727316,0.03720832017,1790297253245,45137826,2026-08-20 22:09:25,2026-09-04 22:51:37,
HYPE,sell,90-100,<=2d,HYPE-20260926-85-C,27.37844982,27.39928958,24.98109135,25.01642724,-0.0007605949254,-0.001412507533,1790297226342,ok,C,0.6423357664,137,85,1.300747367,0.93525,6.43,91.26,91.31,0.80477,27.39928958,25.01642724,-2.220446049e-16,0,27.38468285,24.99738694,-0.0002276100668,-0.0006518917701,91.26451587,91.32509987,0.8035027931,0.0364,1790297209476,45137806,2026-08-20 22:09:25,2026-09-04 22:51:37,
HYPE,sell,90-100,2-7d,,,,,,,,,no_expiry,C,0.5820895522,67,,,,,,,,,,,,,,,,,,,,,,,,
HYPE,sell,90-100,7-30d,HYPE-20261009-72_5-C,27.48662426,27.49530492,25.20934086,25.21896554,-0.0003157141899,-0.0003816444649,1790297237663,ok,C,0.8314606742,89,72.5,14.30074737,0.94382,19.38,91.27,91.59,0.78192,27.49530492,25.21896554,-7.771561172e-16,0,27.4513284,25.16257852,0.00128576128,0.001858408276,91.27143384,91.63334584,0.7832052349,0.0364,1790297219173,45137812,2026-08-20 22:09:25,2026-09-04 22:51:37,
HYPE,sell,90-100,30-90d,HYPE-20261030-65-C,27.56829657,27.5702587,25.52240924,25.51102224,-7.116843853e-05,0.0004463562349,1790297252034,ok,C,0.8965517241,29,65,35.30074737,0.94432,27.36,91.27,92.02,0.75836,27.5702587,25.51102224,0,-3.330669074e-16,27.60526325,25.55712727,-0.001339117164,-0.001358448059,91.27143384,91.98246584,0.7583616481,0.0364,1790297240055,45137819,2026-08-20 22:09:25,2026-09-04 22:51:37,
HYPE,sell,90-100,>90d,HYPE-20261225-52-C,27.90523521,27.9494044,26.49473474,26.53934162,-0.001580326757,-0.001680783394,1790297268620,ok,C,1,21,52,91.30074737,0.95208,40.73,91.24,92.42,0.78249,27.9494044,26.53934162,0,4.440892099e-16,27.90236886,26.49067235,0.0001027278221,0.0001533515694,91.27143384,92.45816984,0.7827643542,0.03720832017,1790297252714,45137827,2026-08-20 22:09:25,2026-09-04 22:51:37,
