ccy,manager,event_ts,kinds,max_abs_dose,kept,event_id,event_utc,event_day,last_ts,n_changes,n_dose_fills,n_valid,n_nonpos,n_nan,n_cells,panel_cells,panel_fills_pre,panel_fills_post
BTC,pm,1718150487,BasisContingencyParameters,0.0005740514569298595,False,BTC-pm-20240612,2024-06-12 00:01:27,2024-06-12,1718150487,1,615,615,0,0,49,0,0,0
BTC,pm,1740253957,BasisContingencyParameters+OtherContingencyParameters+VolShockParameters+scenarios,0.28263378760998104,True,BTC-pm-20250222,2025-02-22 19:52:37,2025-02-22,1740253957,1,1987,1987,0,0,62,25,1667,3442
BTC,pm2,1760136931,OtherContingencyParameters,0.0,False,BTC-pm2-20251010,2025-10-10 22:55:31,2025-10-10,1760136931,1,2610,2610,0,0,62,0,0,0
BTC,pm2,1767912649,MarginParameters,0.03599690833712933,True,BTC-pm2-20260108,2026-01-08 22:50:49,2026-01-08,1767912649,1,1758,1751,7,0,62,25,1174,1460
BTC,pm2,1769142245,scenarios,0.27332931134472044,True,BTC-pm2-20260123,2026-01-23 04:24:05,2026-01-23,1769142245,1,1900,1900,0,0,67,27,1547,2229
BTC,pm2,1779595507,BasisContingencyParameters+OtherContingencyParameters+VolShockParameters+scenarios,0.08219906298826758,True,BTC-pm2-20260524,2026-05-24 04:05:07,2026-05-24,1779600107,2,3197,3195,2,0,64,38,2924,3669
BTC,pm2,1787263765,BasisContingencyParameters+OtherContingencyParameters+VolShockParameters+scenarios,0.6746976030341898,True,BTC-pm2-20260820,2026-08-20 22:09:25,2026-08-20,1787263765,1,3674,3674,0,0,68,43,2918,3568
ETH,pm,1718150487,BasisContingencyParameters,0.0005808200308685998,False,ETH-pm-20240612,2024-06-12 00:01:27,2024-06-12,1718150487,1,2812,2812,0,0,59,0,0,0
ETH,pm,1740253957,BasisContingencyParameters+OtherContingencyParameters+VolShockParameters+scenarios,0.27833060932891096,True,ETH-pm-20250222,2025-02-22 19:52:37,2025-02-22,1740253957,1,6205,6205,0,0,65,50,5696,12688
ETH,pm2,1760136931,OtherContingencyParameters,0.0,False,ETH-pm2-20251010,2025-10-10 22:55:31,2025-10-10,1760136931,1,7965,7965,0,0,68,0,0,0
ETH,pm2,1767912649,MarginParameters,0.0535261621838772,True,ETH-pm2-20260108,2026-01-08 22:50:49,2026-01-08,1767912649,1,3685,3685,0,0,66,37,3186,2891
ETH,pm2,1769142245,scenarios,0.2714164009423919,True,ETH-pm2-20260123,2026-01-23 04:24:05,2026-01-23,1769142245,1,3246,3246,0,0,70,40,2947,5510
ETH,pm2,1779595507,OtherContingencyParameters+VolShockParameters,0.05450677724995359,True,ETH-pm2-20260524,2026-05-24 04:05:07,2026-05-24,1779595507,1,4907,4907,0,0,68,54,4734,6346
ETH,pm2,1787263765,BasisContingencyParameters+OtherContingencyParameters+VolShockParameters+scenarios,0.5150583977127383,True,ETH-pm2-20260820,2026-08-20 22:09:25,2026-08-20,1787263765,1,5154,5153,1,0,70,52,4131,5249
HYPE,pm2,1767912649,MarginParameters,0.02086298113169705,True,HYPE-pm2-20260108,2026-01-08 22:50:49,2026-01-08,1767912649,1,250,250,0,0,32,0,0,0
HYPE,pm2,1778243063,BasisContingencyParameters+OtherContingencyParameters,0.1166467406253245,True,HYPE-pm2-20260508,2026-05-08 12:24:23,2026-05-08,1778243063,1,2087,2087,0,0,65,29,1615,2304
HYPE,pm2,1779595507,BasisContingencyParameters+MarginParameters+OtherContingencyParameters+VolShockParameters+scenarios,0.44207828553201495,True,HYPE-pm2-20260524,2026-05-24 04:05:07,2026-05-24,1779595507,1,3243,3243,0,0,68,35,2772,4125
HYPE,pm2,1787263765,MarginParameters+OtherContingencyParameters+VolShockParameters+scenarios,1.648224003267579,True,HYPE-pm2-20260820,2026-08-20 22:09:25,2026-08-20,1787263765,1,1856,1856,0,0,67,20,1193,1461
