key,value,printed,source
h1_stat,0.8904296440208043,"ρ 0.89 [0.88, 0.91]",h1.json:stat
h1_lo,0.8828241555865866,"ρ 0.89 [0.88, 0.91]",h1.json:lo
h1_hi,0.9060577176046789,"ρ 0.89 [0.88, 0.91]",h1.json:hi
h1_threshold,0.5,"ρ 0.89 [0.88, 0.91]",h1.json:threshold
h1_rejected,1.0,rejected,h1.json:rejected
h2_stat,0.03462959609392485,"median 0.035 [0.031, 0.039]",h2.json:stat
h2_lo,0.030867847264113533,"median 0.035 [0.031, 0.039]",h2.json:lo
h2_hi,0.038621743227830775,"median 0.035 [0.031, 0.039]",h2.json:hi
h2_threshold,0.5,"median 0.035 [0.031, 0.039]",h2.json:threshold
h2_rejected,0.0,not rejected,h2.json:rejected
h3_stat,4.73483821611619,"median 4.73 [4.65, 4.82]",h3.json:stat
h3_lo,4.645588127287416,"median 4.73 [4.65, 4.82]",h3.json:lo
h3_hi,4.818592741673885,"median 4.73 [4.65, 4.82]",h3.json:hi
h3_threshold,2.0,"median 4.73 [4.65, 4.82]",h3.json:threshold
h3_rejected,0.0,not rejected,h3.json:rejected
h4_stat,-4.599234789460463,"β = −4.6, one-sided p = 0.62, P95 23.4",h4.json:stat
h4_p,0.6224,"β = −4.6, one-sided p = 0.62, P95 23.4",h4.json:p
h4_p95,23.41047279353948,"β = −4.6, one-sided p = 0.62, P95 23.4",h4.json:placebo.p95
h4_rejected,1.0,rejected,h4.json:rejected
