kind,key,x,x_hi,count,value,printed
ecdf,,-1.0,,3169.0,0.1584579228961448,
ecdf,,-0.95,,3235.0,0.16175808790439522,
ecdf,,-0.9,,3301.0,0.16505825291264564,
ecdf,,-0.85,,3351.0,0.16755837791889594,
ecdf,,-0.8,,3409.0,0.1704585229261463,
ecdf,,-0.75,,3487.0,0.1743587179358968,
ecdf,,-0.7,,3572.0,0.17860893044652232,
ecdf,,-0.65,,3678.0,0.183909195459773,
ecdf,,-0.6,,3797.0,0.18985949297464874,
ecdf,,-0.55,,3921.0,0.1960598029901495,
ecdf,,-0.5,,4070.0,0.20351017550877543,
ecdf,,-0.45,,4215.0,0.21076053802690134,
ecdf,,-0.4,,4418.0,0.2209110455522776,
ecdf,,-0.35,,4651.0,0.23256162808140407,
ecdf,,-0.3,,4861.0,0.2430621531076554,
ecdf,,-0.25,,5114.0,0.25571278563928196,
ecdf,,-0.2,,5345.0,0.2672633631681584,
ecdf,,-0.15,,5681.0,0.2840642032101605,
ecdf,,-0.1,,6108.0,0.3054152707635382,
ecdf,,-0.05,,6826.0,0.3413170658532927,
ecdf,,0.0,,8392.0,0.41962098104905243,
ecdf,,0.05,,10539.0,0.5269763488174408,
ecdf,,0.1,,11388.0,0.5694284714235712,
ecdf,,0.15,,12113.0,0.6056802840142007,
ecdf,,0.2,,12644.0,0.6322316115805791,
ecdf,,0.25,,13129.0,0.6564828241412071,
ecdf,,0.3,,13445.0,0.672283614180709,
ecdf,,0.35,,13697.0,0.6848842442122106,
ecdf,,0.4,,13935.0,0.6967848392419621,
ecdf,,0.45,,14175.0,0.7087854392719636,
ecdf,,0.5,,14408.0,0.72043602180109,
ecdf,,0.55,,14600.0,0.7300365018250913,
ecdf,,0.6,,14818.0,0.7409370468523426,
ecdf,,0.65,,15136.0,0.7568378418920946,
ecdf,,0.7,,15590.0,0.7795389769488474,
ecdf,,0.75,,16119.0,0.8059902995149757,
ecdf,,0.8,,16436.0,0.8218410920546028,
ecdf,,0.85,,16798.0,0.839941997099855,
ecdf,,0.9,,17156.0,0.8578428921446072,
ecdf,,0.95,,17616.0,0.8808440422021101,
ecdf,,1.0,,19148.0,0.9574478723936197,
ecdf,,1.05,,19999.0,1.0,
ecdf,,1.1,,19999.0,1.0,
ecdf,,1.15,,19999.0,1.0,
ecdf,,1.2,,19999.0,1.0,
ecdf,,1.25,,19999.0,1.0,
ecdf,,1.3,,19999.0,1.0,
ecdf,,1.35,,19999.0,1.0,
ecdf,,1.4,,19999.0,1.0,
ecdf,,1.45,,19999.0,1.0,
ecdf,,1.5,,19999.0,1.0,
ecdf,,1.55,,19999.0,1.0,
ecdf,,1.6,,19999.0,1.0,
ecdf,,1.65,,19999.0,1.0,
ecdf,,1.7,,19999.0,1.0,
ecdf,,1.75,,19999.0,1.0,
ecdf,,1.8,,19999.0,1.0,
ecdf,,1.85,,19999.0,1.0,
ecdf,,1.9,,19999.0,1.0,
ecdf,,1.95,,19999.0,1.0,
ecdf,,2.0,,19999.0,1.0,
band,free,-inf,0.0,8392.0,0.41962098104905243,42 %
band,cheap,0.0,0.5,6016.0,0.3008150407520376,30 %
band,partial,0.5,1.0,4740.0,0.23701185059252972,24 %
band,full,1.0,inf,851.0,0.042552127606380274,4 %
overflow,below,-1.0,,3169.0,0.1584579228961448,15.8 % below −1
overflow,above,2.0,,0.0,0.0,0.0 % above 2
median,registered,0.03070183757603388,0.03855716844133305,19999.0,0.034540122450644445,
n,all,,,19999.0,19999.0,
