kind,bin,x_mean,y_mean,n_rows,n_fills,x,x_hi,count,fwl_slope
bin,0,-8.371440905988718,-0.22663550824718215,4573,4573,,,,-4.599234789460463
bin,1,-5.2369000477487955,1.379039253486831,4573,4573,,,,-4.599234789460463
bin,2,-3.802894401597384,-0.4680953010240354,4573,4573,,,,-4.599234789460463
bin,3,-2.8603774613429906,1.1701937750649793,4573,4573,,,,-4.599234789460463
bin,4,-2.0585339393411872,0.46293688472181505,4573,4573,,,,-4.599234789460463
bin,5,-1.48469321032609,0.12445507253858847,4573,4573,,,,-4.599234789460463
bin,6,-1.128005306225808,1.6447171057651944,4572,4572,,,,-4.599234789460463
bin,7,-0.7733288736526184,-2.1415041182721617,4572,4572,,,,-4.599234789460463
bin,8,-0.41400998029174385,-1.3945225467363631,4572,4572,,,,-4.599234789460463
bin,9,-0.2029495802141395,0.6961761021730446,4572,4572,,,,-4.599234789460463
bin,10,0.11138809512070905,-0.7269602366187238,4572,4572,,,,-4.599234789460463
bin,11,0.30866044475212295,1.2645763524146398,4572,4572,,,,-4.599234789460463
bin,12,0.6746779453273873,-0.7714670161713618,4572,4572,,,,-4.599234789460463
bin,13,1.1923276867968953,0.2545975048187784,4572,4572,,,,-4.599234789460463
bin,14,1.6875926349785335,0.08633605098990758,4572,4572,,,,-4.599234789460463
bin,15,2.2931716901140886,-1.5159765201685609,4572,4572,,,,-4.599234789460463
bin,16,3.0032104100263384,2.5551249855331344,4572,4572,,,,-4.599234789460463
bin,17,3.844781605402805,-0.45369561746628684,4572,4572,,,,-4.599234789460463
bin,18,4.855145082536526,-1.3543448451024822,4572,4572,,,,-4.599234789460463
bin,19,8.367386956811062,-0.5854854752886745,4572,4572,,,,-4.599234789460463
hist,0,,,,,-20.577216303529127,-19.600793715807413,10,-4.599234789460463
hist,1,,,,,-19.600793715807413,-18.624371128085702,1,-4.599234789460463
hist,2,,,,,-18.624371128085702,-17.647948540363988,1,-4.599234789460463
hist,3,,,,,-17.647948540363988,-16.671525952642277,20,-4.599234789460463
hist,4,,,,,-16.671525952642277,-15.695103364920563,12,-4.599234789460463
hist,5,,,,,-15.695103364920563,-14.71868077719885,2,-4.599234789460463
hist,6,,,,,-14.71868077719885,-13.742258189477138,32,-4.599234789460463
hist,7,,,,,-13.742258189477138,-12.765835601755425,69,-4.599234789460463
hist,8,,,,,-12.765835601755425,-11.789413014033713,195,-4.599234789460463
hist,9,,,,,-11.789413014033713,-10.812990426312,528,-4.599234789460463
hist,10,,,,,-10.812990426312,-9.836567838590287,360,-4.599234789460463
hist,11,,,,,-9.836567838590287,-8.860145250868573,319,-4.599234789460463
hist,12,,,,,-8.860145250868573,-7.883722663146861,512,-4.599234789460463
hist,13,,,,,-7.883722663146861,-6.907300075425148,725,-4.599234789460463
hist,14,,,,,-6.907300075425148,-5.930877487703436,1990,-4.599234789460463
hist,15,,,,,-5.930877487703436,-4.954454899981723,3120,-4.599234789460463
hist,16,,,,,-4.954454899981723,-3.9780323122600088,2774,-4.599234789460463
hist,17,,,,,-3.9780323122600088,-3.001609724538298,4518,-4.599234789460463
hist,18,,,,,-3.001609724538298,-2.0251871368165837,5284,-4.599234789460463
hist,19,,,,,-2.0251871368165837,-1.048764549094873,10431,-4.599234789460463
hist,20,,,,,-1.048764549094873,-0.07234196137315863,14684,-4.599234789460463
hist,21,,,,,-0.07234196137315863,0.9040806263485521,13801,-4.599234789460463
hist,22,,,,,0.9040806263485521,1.8805032140702664,8721,-4.599234789460463
hist,23,,,,,1.8805032140702664,2.8569258017919807,6720,-4.599234789460463
hist,24,,,,,2.8569258017919807,3.8333483895136915,5111,-4.599234789460463
hist,25,,,,,3.8333483895136915,4.809770977235406,4686,-4.599234789460463
hist,26,,,,,4.809770977235406,5.786193564957117,2551,-4.599234789460463
hist,27,,,,,5.786193564957117,6.762616152678831,1409,-4.599234789460463
hist,28,,,,,6.762616152678831,7.739038740400542,768,-4.599234789460463
hist,29,,,,,7.739038740400542,8.715461328122256,571,-4.599234789460463
hist,30,,,,,8.715461328122256,9.691883915843967,349,-4.599234789460463
hist,31,,,,,9.691883915843967,10.668306503565681,302,-4.599234789460463
hist,32,,,,,10.668306503565681,11.644729091287395,435,-4.599234789460463
hist,33,,,,,11.644729091287395,12.62115167900911,123,-4.599234789460463
hist,34,,,,,12.62115167900911,13.597574266730817,14,-4.599234789460463
hist,35,,,,,13.597574266730817,14.573996854452531,40,-4.599234789460463
hist,36,,,,,14.573996854452531,15.550419442174245,55,-4.599234789460463
hist,37,,,,,15.550419442174245,16.52684202989596,39,-4.599234789460463
hist,38,,,,,16.52684202989596,17.503264617617667,132,-4.599234789460463
hist,39,,,,,17.503264617617667,18.47968720533938,32,-4.599234789460463
