event_id,ccy,manager,event_day,event_utc,kinds,n_cells,n_pre,n_post,median_dose,t1_cells,t1_dose_lo,t1_dose_hi,t1_median_dose,t1_n_pre,t1_n_post,t1_y_pre,t1_y_post,t2_cells,t2_dose_lo,t2_dose_hi,t2_median_dose,t2_n_pre,t2_n_post,t2_y_pre,t2_y_post,t3_cells,t3_dose_lo,t3_dose_hi,t3_median_dose,t3_n_pre,t3_n_post,t3_y_pre,t3_y_post
BTC-pm-20250222,BTC,pm,2025-02-22,2025-02-22 19:52:37,BasisContingencyParameters+OtherContingencyParameters+VolShockParameters+scenarios,25,1667,3442,-0.12363167465016847,9,-0.20737855687734622,-0.1376136261266279,-0.15128619351073802,557.0,1481.0,6.313875982579383,10.54346807892128,8,-0.1321445769697196,-0.000584080975765118,-0.07432830139137545,487.0,1045.0,4.873843810472629,8.25181493676294,8,-3.885189413696681e-05,0.0,-1.736197110533949e-08,623.0,916.0,1.9306986679384246,2.193794530263379
BTC-pm2-20260108,BTC,pm2,2026-01-08,2026-01-08 22:50:49,MarginParameters,25,1174,1460,0.011770048686204548,9,-0.03599690833712933,0.0010949371640829417,7.462926408840747e-10,402.0,530.0,-0.5399269818147604,1.6223685305439224,8,0.0020084255686936632,0.018869400046337966,0.014083177010685375,331.0,475.0,10.160683015280762,1.6130270367988018,8,0.01925779262219923,0.02105852058473273,0.020082350294286157,441.0,455.0,5.583392785994015,5.745098793480635
BTC-pm2-20260123,BTC,pm2,2026-01-23,2026-01-23 04:24:05,scenarios,27,1547,2229,0.0,9,-0.27332931134472044,0.0,-0.14417693711281251,575.0,888.0,1.6056491166173557,1.0935891385129213,9,0.0,0.0,0.0,522.0,659.0,1.5249403524363272,4.3891593217547475,9,0.0,0.0,0.0,450.0,682.0,5.808608287765435,4.975069002020951
BTC-pm2-20260524,BTC,pm2,2026-05-24,2026-05-24 04:05:07,BasisContingencyParameters+OtherContingencyParameters+VolShockParameters+scenarios,38,2924,3669,-0.009466014506683045,13,-0.08219906298826758,-0.05910489143520568,-0.06903444853480617,1187.0,1541.0,2.072799786161184,5.886918470477104,13,-0.05907046583975536,-2.486360325971926e-05,-0.008359095496797154,860.0,919.0,1.8203819342356604,3.820216697545645,12,-1.0808677174612255e-05,0.0,-6.10975079916894e-11,877.0,1209.0,2.690817443064848,0.347061363000276
BTC-pm2-20260820,BTC,pm2,2026-08-20,2026-08-20 22:09:25,BasisContingencyParameters+OtherContingencyParameters+VolShockParameters+scenarios,43,2918,3568,-0.20719495655835365,15,-0.3092393766226689,-0.2203626527353737,-0.2489497884783696,1229.0,1668.0,1.848654365798729,2.7444377916205647,14,-0.21770023034666242,-0.005048777351843276,-0.16938233365024613,783.0,874.0,4.510248345637826,5.404347895469876,14,-0.001435170009489296,0.0,-5.533274671906588e-09,906.0,1026.0,-0.8978265001003249,1.6392563292394837
ETH-pm-20250222,ETH,pm,2025-02-22,2025-02-22 19:52:37,BasisContingencyParameters+OtherContingencyParameters+VolShockParameters+scenarios,50,5696,12688,-0.12233354459948595,17,-0.2565818061627441,-0.13880357826020223,-0.16671113813923114,2425.0,5985.0,10.52306054836174,14.21069610257566,17,-0.1347907902668027,-0.009862475817951424,-0.12210695870831965,1307.0,3178.0,12.3086104869011,7.496432976682627,16,-0.009369350941656116,0.0,-2.403485682871664e-05,1964.0,3525.0,4.666212495784743,6.319713294713658
ETH-pm2-20260108,ETH,pm2,2026-01-08,2026-01-08 22:50:49,MarginParameters,37,3186,2891,0.011762888536150751,13,-0.007387667576726832,0.0005696129653633368,0.0,1145.0,838.0,-1.0673952096085315,1.9333309467942952,12,0.0015701887288196415,0.01760841806384972,0.011897213767628166,801.0,957.0,3.627280864493255,3.8359495469012046,12,0.01784383595324424,0.022023786944545994,0.019924437304579268,1240.0,1096.0,4.880685367189596,4.158774534716186
ETH-pm2-20260123,ETH,pm2,2026-01-23,2026-01-23 04:24:05,scenarios,40,2947,5510,0.0,14,-0.2712733312107128,0.0,-0.03651026255730251,1273.0,2479.0,1.3901986804514384,4.015084888089753,13,0.0,0.0,0.0,955.0,1519.0,4.444481248247012,5.437354377798036,13,0.0,0.0,0.0,719.0,1512.0,5.239622106777591,7.916903040315026
ETH-pm2-20260524,ETH,pm2,2026-05-24,2026-05-24 04:05:07,OtherContingencyParameters+VolShockParameters,54,4734,6346,-3.471272516971533e-05,18,-0.05450677724995359,-0.0010962089891613288,-0.011742692566019881,1701.0,2387.0,1.7822714334102552,3.313327871991397,18,-0.0010795692457479598,0.0,-3.471272516971533e-05,1968.0,2304.0,4.2608212778129655,4.024262179307124,18,0.0,0.0008642420148095185,0.0,1065.0,1655.0,6.634901409522519,6.94736335651086
ETH-pm2-20260820,ETH,pm2,2026-08-20,2026-08-20 22:09:25,BasisContingencyParameters+OtherContingencyParameters+VolShockParameters+scenarios,52,4131,5249,-0.11969502555801714,18,-0.375937624102721,-0.13835203830487414,-0.16080462126867745,1823.0,2508.0,2.431402878674785,3.873749441202714,17,-0.1378362633175489,-0.033855501270517147,-0.10967003057776982,779.0,955.0,11.256784264842741,10.104922358015534,17,-0.020644357744565096,0.0,-3.1423859729823652e-06,1529.0,1786.0,0.5179490248343526,2.894548966745191
HYPE-pm2-20260108,HYPE,pm2,2026-01-08,2026-01-08 22:50:49,MarginParameters,0,0,0,,0,,,,,,,,0,,,,,,,,0,,,,,,,
HYPE-pm2-20260508,HYPE,pm2,2026-05-08,2026-05-08 12:24:23,BasisContingencyParameters+OtherContingencyParameters,29,1615,2304,0.0,10,-0.05600430261703096,-0.03898343701211311,-0.03996785131897711,468.0,965.0,-1.2346524003477028,-1.7774056031220664,10,-0.03868327340568115,0.0,0.0,761.0,786.0,13.914286000391938,35.587150446945984,9,0.0,0.0,0.0,386.0,553.0,0.5549423331276787,40.19648342983653
HYPE-pm2-20260524,HYPE,pm2,2026-05-24,2026-05-24 04:05:07,BasisContingencyParameters+MarginParameters+OtherContingencyParameters+VolShockParameters+scenarios,35,2772,4125,-0.21859788876021896,12,-0.44207828553201495,-0.3045541259496555,-0.408564344449168,1116.0,946.0,-1.3839970078685122,20.6423673625702,12,-0.30121787271536804,-0.07510927341734645,-0.16729531981224652,894.0,856.0,45.07725453894668,26.469726775382984,11,-0.0694565285587493,-0.04403488866237485,-0.0509040468565439,762.0,2323.0,16.406340152826996,36.67057776424312
HYPE-pm2-20260820,HYPE,pm2,2026-08-20,2026-08-20 22:09:25,MarginParameters+OtherContingencyParameters+VolShockParameters+scenarios,20,1193,1461,-0.12038739636547705,7,-0.2257289981719111,-0.13147717576538673,-0.1930386962676638,416.0,552.0,8.49070262042599,15.031069867794795,7,-0.12965473429687668,-0.11337434340460101,-0.1202690838556286,450.0,452.0,36.08691928995939,36.333949840128575,6,-0.1127284456988684,-0.093450054615005,-0.1090937753920806,327.0,457.0,33.45380434269409,37.65574014980631
