kind,rep,beta,value,printed
placebo,0.0,-6.062645883502468,,
placebo,1.0,11.797902802741154,,
placebo,2.0,16.733656700976763,,
placebo,3.0,-27.41522806790608,,
placebo,4.0,42.37651017927329,,
placebo,5.0,-49.07319362226187,,
placebo,6.0,-40.53016361434187,,
placebo,7.0,15.48793628052642,,
placebo,8.0,6.832195399651088,,
placebo,9.0,-44.08975488961647,,
placebo,10.0,10.408972427971936,,
placebo,11.0,-3.3822784869090823,,
placebo,12.0,10.015197191923304,,
placebo,13.0,6.456121876402869,,
placebo,14.0,-36.00515197713253,,
placebo,15.0,-89.07105212687799,,
placebo,16.0,-14.501075419202431,,
placebo,17.0,-7.819180420930044,,
placebo,18.0,-101.29622411562887,,
placebo,19.0,5.954267534377164,,
placebo,20.0,-4.329794099861886,,
placebo,21.0,30.557921292827363,,
placebo,22.0,5.518977230406409,,
placebo,23.0,8.320638138437674,,
placebo,24.0,0.5805227442911484,,
placebo,25.0,-81.9797223660826,,
placebo,26.0,21.88513602677209,,
placebo,27.0,9.898613983142548,,
placebo,28.0,-0.3400211766017779,,
placebo,29.0,-41.85522544208516,,
placebo,30.0,-61.585662158612685,,
placebo,31.0,9.362333293356382,,
placebo,32.0,-32.25685155059314,,
placebo,33.0,-0.0165121778285925,,
placebo,34.0,11.531985674734347,,
placebo,35.0,-6.7546653686893645,,
placebo,36.0,-1.6059354343238457,,
placebo,37.0,12.970550283085249,,
placebo,38.0,5.93074660757507,,
placebo,39.0,-7.366073257509668,,
placebo,40.0,16.21919859057978,,
placebo,41.0,11.249360239870532,,
placebo,42.0,-51.17823319475416,,
placebo,43.0,13.997388847193443,,
placebo,44.0,15.15487036227582,,
placebo,45.0,18.11824765271605,,
placebo,46.0,7.78035577958081,,
placebo,47.0,-37.51544973211318,,
placebo,48.0,19.74030251497497,,
placebo,49.0,5.530683550055897,,
placebo,50.0,1.9256764706237288,,
placebo,51.0,-57.8751902985186,,
placebo,52.0,0.0449736825738855,,
placebo,53.0,-6.400190603035444,,
placebo,54.0,-20.311263721745217,,
placebo,55.0,17.99120495542282,,
placebo,56.0,0.3920370782673806,,
placebo,57.0,-21.512820617906034,,
placebo,58.0,-51.846152216179554,,
placebo,59.0,27.01958251607395,,
placebo,60.0,6.597628657806507,,
placebo,61.0,23.354003815697062,,
placebo,62.0,11.925921637817446,,
placebo,63.0,-42.75548014890517,,
placebo,64.0,12.771546398868564,,
placebo,65.0,-1.4529957183023607,,
placebo,66.0,12.1517765475281,,
placebo,67.0,-36.67960507409071,,
placebo,68.0,-33.94975725466659,,
placebo,69.0,5.163030031061569,,
placebo,70.0,-71.31701456643425,,
placebo,71.0,-25.055986630798035,,
placebo,72.0,4.785708844892806,,
placebo,73.0,16.959380633335343,,
placebo,74.0,24.47188527219024,,
placebo,75.0,1.2239003617412272,,
placebo,76.0,-56.570742527474806,,
placebo,77.0,-2.104179161952163,,
placebo,78.0,-8.843487137164239,,
placebo,79.0,19.959950144906635,,
placebo,80.0,1.781999798241137,,
placebo,81.0,0.4359073589161378,,
placebo,82.0,27.4193853243742,,
placebo,83.0,8.790710795219065,,
placebo,84.0,-5.627953263691482,,
placebo,85.0,-43.67196935259253,,
placebo,86.0,13.701663665195095,,
placebo,87.0,-11.922513053133274,,
placebo,88.0,-61.1403351612793,,
placebo,89.0,-63.67363016867738,,
placebo,90.0,21.388049536527568,,
placebo,91.0,-2.3683683104040383,,
placebo,92.0,14.692722196223038,,
placebo,93.0,7.818164640535527,,
placebo,94.0,6.211841236507678,,
placebo,95.0,3.179067616154563,,
placebo,96.0,1.069414452312954,,
placebo,97.0,-0.0400907286549238,,
placebo,98.0,-33.9282057509605,,
placebo,99.0,5.598212281830697,,
estimate,,-4.599234789460463,,estimate
p95,,23.40989788852172,,placebo P95
p,,0.6224,,
criterion_1,,,False,β > 0 and one-sided wild p ≤ 0.05 (p = 0.622): not met
criterion_2,,,False,β above placebo P95 (23.4): not met
verdict,,,True,H4: rejected
placebo_days,,,,placebo days: BTC 54 · ETH 10 · HYPE 67 · legacy 363 / 319
