label,variant,kind,x,x_hi,value
M10,ratio,n,,,3341.0
M10,ratio,share_le_0,0.0,,0.43041005686920086
M10,ratio,quantile,0.01,,-115.90538383829295
M10,ratio,quantile,0.05,,-23.818409493077446
M10,ratio,quantile,0.1,,-8.085590393292835
M10,ratio,quantile,0.25,,-0.37741615347237556
M10,ratio,quantile,0.5,,0.025812590197147368
M10,ratio,quantile,0.75,,0.6963595623859693
M10,ratio,quantile,0.9,,0.979385156436644
M10,ratio,quantile,0.95,,0.9999999999999941
M10,ratio,quantile,0.99,,1.0000000000001588
M10,ratio,hist,-inf,-1.0,714.0
M10,ratio,hist,-1.0,-0.95,5.0
M10,ratio,hist,-0.95,-0.9,12.0
M10,ratio,hist,-0.9,-0.85,1.0
M10,ratio,hist,-0.85,-0.8,11.0
M10,ratio,hist,-0.8,-0.75,5.0
M10,ratio,hist,-0.75,-0.7,5.0
M10,ratio,hist,-0.7,-0.65,11.0
M10,ratio,hist,-0.65,-0.6,9.0
M10,ratio,hist,-0.6,-0.55,9.0
M10,ratio,hist,-0.55,-0.5,8.0
M10,ratio,hist,-0.5,-0.45,23.0
M10,ratio,hist,-0.45,-0.4,16.0
M10,ratio,hist,-0.4,-0.35,19.0
M10,ratio,hist,-0.35,-0.3,31.0
M10,ratio,hist,-0.3,-0.25,30.0
M10,ratio,hist,-0.25,-0.2,27.0
M10,ratio,hist,-0.2,-0.15,47.0
M10,ratio,hist,-0.15,-0.1,51.0
M10,ratio,hist,-0.1,-0.05,104.0
M10,ratio,hist,-0.05,0.0,300.0
M10,ratio,hist,0.0,0.05,473.0
M10,ratio,hist,0.05,0.1,110.0
M10,ratio,hist,0.1,0.15,61.0
M10,ratio,hist,0.15,0.2,32.0
M10,ratio,hist,0.2,0.25,21.0
M10,ratio,hist,0.25,0.3,31.0
M10,ratio,hist,0.3,0.35,18.0
M10,ratio,hist,0.35,0.4,18.0
M10,ratio,hist,0.4,0.45,14.0
M10,ratio,hist,0.45,0.5,27.0
M10,ratio,hist,0.5,0.55,26.0
M10,ratio,hist,0.55,0.6,40.0
M10,ratio,hist,0.6,0.65,90.0
M10,ratio,hist,0.65,0.7,115.0
M10,ratio,hist,0.7,0.75,97.0
M10,ratio,hist,0.75,0.8,83.0
M10,ratio,hist,0.8,0.85,63.0
M10,ratio,hist,0.85,0.9,60.0
M10,ratio,hist,0.9,0.95,87.0
M10,ratio,hist,0.95,1.0,299.0
M10,ratio,hist,1.0,1.05,138.0
M10,ratio,hist,1.05,1.1,0.0
M10,ratio,hist,1.1,1.15,0.0
M10,ratio,hist,1.15,1.2,0.0
M10,ratio,hist,1.2,1.25,0.0
M10,ratio,hist,1.25,1.3,0.0
M10,ratio,hist,1.3,1.35,0.0
M10,ratio,hist,1.35,1.4,0.0
M10,ratio,hist,1.4,1.45,0.0
M10,ratio,hist,1.45,1.5,0.0
M10,ratio,hist,1.5,1.55,0.0
M10,ratio,hist,1.55,1.6,0.0
M10,ratio,hist,1.6,1.65,0.0
M10,ratio,hist,1.65,1.7,0.0
M10,ratio,hist,1.7,1.75,0.0
M10,ratio,hist,1.75,1.8,0.0
M10,ratio,hist,1.8,1.85,0.0
M10,ratio,hist,1.85,1.9,0.0
M10,ratio,hist,1.9,1.95,0.0
M10,ratio,hist,1.95,2.0,0.0
M10,ratio,hist,2.0,inf,0.0
M3,ratio,n,,,6405.0
M3,ratio,share_le_0,0.0,,0.4562060889929742
M3,ratio,quantile,0.01,,-18.04221173610748
M3,ratio,quantile,0.05,,-6.138834966615419
M3,ratio,quantile,0.1,,-2.292968883778655
M3,ratio,quantile,0.25,,-0.37836225752745506
M3,ratio,quantile,0.5,,0.022980377063320977
M3,ratio,quantile,0.75,,0.23412545751970376
M3,ratio,quantile,0.9,,0.7925465580443337
M3,ratio,quantile,0.95,,0.9777326828173609
M3,ratio,quantile,0.99,,1.0000000000001597
M3,ratio,hist,-inf,-1.0,982.0
M3,ratio,hist,-1.0,-0.95,43.0
M3,ratio,hist,-0.95,-0.9,28.0
M3,ratio,hist,-0.9,-0.85,32.0
M3,ratio,hist,-0.85,-0.8,22.0
M3,ratio,hist,-0.8,-0.75,37.0
M3,ratio,hist,-0.75,-0.7,42.0
M3,ratio,hist,-0.7,-0.65,58.0
M3,ratio,hist,-0.65,-0.6,55.0
M3,ratio,hist,-0.6,-0.55,53.0
M3,ratio,hist,-0.55,-0.5,71.0
M3,ratio,hist,-0.5,-0.45,52.0
M3,ratio,hist,-0.45,-0.4,89.0
M3,ratio,hist,-0.4,-0.35,100.0
M3,ratio,hist,-0.35,-0.3,77.0
M3,ratio,hist,-0.3,-0.25,90.0
M3,ratio,hist,-0.25,-0.2,74.0
M3,ratio,hist,-0.2,-0.15,116.0
M3,ratio,hist,-0.15,-0.1,146.0
M3,ratio,hist,-0.1,-0.05,250.0
M3,ratio,hist,-0.05,0.0,505.0
M3,ratio,hist,0.0,0.05,551.0
M3,ratio,hist,0.05,0.1,434.0
M3,ratio,hist,0.1,0.15,377.0
M3,ratio,hist,0.15,0.2,335.0
M3,ratio,hist,0.2,0.25,253.0
M3,ratio,hist,0.25,0.3,161.0
M3,ratio,hist,0.3,0.35,135.0
M3,ratio,hist,0.35,0.4,108.0
M3,ratio,hist,0.4,0.45,95.0
M3,ratio,hist,0.45,0.5,66.0
M3,ratio,hist,0.5,0.55,75.0
M3,ratio,hist,0.55,0.6,53.0
M3,ratio,hist,0.6,0.65,50.0
M3,ratio,hist,0.65,0.7,54.0
M3,ratio,hist,0.7,0.75,36.0
M3,ratio,hist,0.75,0.8,81.0
M3,ratio,hist,0.8,0.85,68.0
M3,ratio,hist,0.85,0.9,60.0
M3,ratio,hist,0.9,0.95,90.0
M3,ratio,hist,0.95,1.0,292.0
M3,ratio,hist,1.0,1.05,109.0
M3,ratio,hist,1.05,1.1,0.0
M3,ratio,hist,1.1,1.15,0.0
M3,ratio,hist,1.15,1.2,0.0
M3,ratio,hist,1.2,1.25,0.0
M3,ratio,hist,1.25,1.3,0.0
M3,ratio,hist,1.3,1.35,0.0
M3,ratio,hist,1.35,1.4,0.0
M3,ratio,hist,1.4,1.45,0.0
M3,ratio,hist,1.45,1.5,0.0
M3,ratio,hist,1.5,1.55,0.0
M3,ratio,hist,1.55,1.6,0.0
M3,ratio,hist,1.6,1.65,0.0
M3,ratio,hist,1.65,1.7,0.0
M3,ratio,hist,1.7,1.75,0.0
M3,ratio,hist,1.75,1.8,0.0
M3,ratio,hist,1.8,1.85,0.0
M3,ratio,hist,1.85,1.9,0.0
M3,ratio,hist,1.9,1.95,0.0
M3,ratio,hist,1.95,2.0,0.0
M3,ratio,hist,2.0,inf,0.0
M5,ratio,n,,,5957.0
M5,ratio,share_le_0,0.0,,0.43025012590229983
M5,ratio,quantile,0.01,,-24.67662213745148
M5,ratio,quantile,0.05,,-7.647089433519534
M5,ratio,quantile,0.1,,-2.628846098712646
M5,ratio,quantile,0.25,,-0.3042782394205636
M5,ratio,quantile,0.5,,0.05047197770153931
M5,ratio,quantile,0.75,,0.7091100570616706
M5,ratio,quantile,0.9,,0.999845190228397
M5,ratio,quantile,0.95,,1.0
M5,ratio,quantile,0.99,,1.000000000005615
M5,ratio,hist,-inf,-1.0,883.0
M5,ratio,hist,-1.0,-0.95,15.0
M5,ratio,hist,-0.95,-0.9,21.0
M5,ratio,hist,-0.9,-0.85,14.0
M5,ratio,hist,-0.85,-0.8,17.0
M5,ratio,hist,-0.8,-0.75,31.0
M5,ratio,hist,-0.75,-0.7,34.0
M5,ratio,hist,-0.7,-0.65,31.0
M5,ratio,hist,-0.65,-0.6,47.0
M5,ratio,hist,-0.6,-0.55,49.0
M5,ratio,hist,-0.55,-0.5,60.0
M5,ratio,hist,-0.5,-0.45,54.0
M5,ratio,hist,-0.45,-0.4,81.0
M5,ratio,hist,-0.4,-0.35,84.0
M5,ratio,hist,-0.35,-0.3,77.0
M5,ratio,hist,-0.3,-0.25,102.0
M5,ratio,hist,-0.25,-0.2,96.0
M5,ratio,hist,-0.2,-0.15,127.0
M5,ratio,hist,-0.15,-0.1,138.0
M5,ratio,hist,-0.1,-0.05,234.0
M5,ratio,hist,-0.05,0.0,368.0
M5,ratio,hist,0.0,0.05,413.0
M5,ratio,hist,0.05,0.1,187.0
M5,ratio,hist,0.1,0.15,231.0
M5,ratio,hist,0.15,0.2,123.0
M5,ratio,hist,0.2,0.25,185.0
M5,ratio,hist,0.25,0.3,82.0
M5,ratio,hist,0.3,0.35,68.0
M5,ratio,hist,0.35,0.4,83.0
M5,ratio,hist,0.4,0.45,95.0
M5,ratio,hist,0.45,0.5,98.0
M5,ratio,hist,0.5,0.55,56.0
M5,ratio,hist,0.55,0.6,59.0
M5,ratio,hist,0.6,0.65,72.0
M5,ratio,hist,0.65,0.7,126.0
M5,ratio,hist,0.7,0.75,194.0
M5,ratio,hist,0.75,0.8,95.0
M5,ratio,hist,0.8,0.85,106.0
M5,ratio,hist,0.85,0.9,117.0
M5,ratio,hist,0.9,0.95,152.0
M5,ratio,hist,0.95,1.0,545.0
M5,ratio,hist,1.0,1.05,307.0
M5,ratio,hist,1.05,1.1,0.0
M5,ratio,hist,1.1,1.15,0.0
M5,ratio,hist,1.15,1.2,0.0
M5,ratio,hist,1.2,1.25,0.0
M5,ratio,hist,1.25,1.3,0.0
M5,ratio,hist,1.3,1.35,0.0
M5,ratio,hist,1.35,1.4,0.0
M5,ratio,hist,1.4,1.45,0.0
M5,ratio,hist,1.45,1.5,0.0
M5,ratio,hist,1.5,1.55,0.0
M5,ratio,hist,1.55,1.6,0.0
M5,ratio,hist,1.6,1.65,0.0
M5,ratio,hist,1.65,1.7,0.0
M5,ratio,hist,1.7,1.75,0.0
M5,ratio,hist,1.75,1.8,0.0
M5,ratio,hist,1.8,1.85,0.0
M5,ratio,hist,1.85,1.9,0.0
M5,ratio,hist,1.9,1.95,0.0
M5,ratio,hist,1.95,2.0,0.0
M5,ratio,hist,2.0,inf,0.0
M8,ratio,n,,,4296.0
M8,ratio,share_le_0,0.0,,0.34194599627560524
M8,ratio,quantile,0.01,,-81.67217698341213
M8,ratio,quantile,0.05,,-15.047860932507042
M8,ratio,quantile,0.1,,-3.512998036497111
M8,ratio,quantile,0.25,,-0.05044297095482989
M8,ratio,quantile,0.5,,0.044850980771494686
M8,ratio,quantile,0.75,,0.7986352194820245
M8,ratio,quantile,0.9,,0.9999999999999251
M8,ratio,quantile,0.95,,1.0000000000000089
M8,ratio,quantile,0.99,,1.0027086097332427
M8,ratio,hist,-inf,-1.0,590.0
M8,ratio,hist,-1.0,-0.95,3.0
M8,ratio,hist,-0.95,-0.9,5.0
M8,ratio,hist,-0.9,-0.85,3.0
M8,ratio,hist,-0.85,-0.8,8.0
M8,ratio,hist,-0.8,-0.75,5.0
M8,ratio,hist,-0.75,-0.7,4.0
M8,ratio,hist,-0.7,-0.65,6.0
M8,ratio,hist,-0.65,-0.6,8.0
M8,ratio,hist,-0.6,-0.55,13.0
M8,ratio,hist,-0.55,-0.5,10.0
M8,ratio,hist,-0.5,-0.45,16.0
M8,ratio,hist,-0.45,-0.4,17.0
M8,ratio,hist,-0.4,-0.35,30.0
M8,ratio,hist,-0.35,-0.3,25.0
M8,ratio,hist,-0.3,-0.25,31.0
M8,ratio,hist,-0.25,-0.2,34.0
M8,ratio,hist,-0.2,-0.15,46.0
M8,ratio,hist,-0.15,-0.1,92.0
M8,ratio,hist,-0.1,-0.05,130.0
M8,ratio,hist,-0.05,0.0,393.0
M8,ratio,hist,0.0,0.05,710.0
M8,ratio,hist,0.05,0.1,118.0
M8,ratio,hist,0.1,0.15,56.0
M8,ratio,hist,0.15,0.2,41.0
M8,ratio,hist,0.2,0.25,26.0
M8,ratio,hist,0.25,0.3,42.0
M8,ratio,hist,0.3,0.35,31.0
M8,ratio,hist,0.35,0.4,29.0
M8,ratio,hist,0.4,0.45,36.0
M8,ratio,hist,0.45,0.5,42.0
M8,ratio,hist,0.5,0.55,35.0
M8,ratio,hist,0.55,0.6,66.0
M8,ratio,hist,0.6,0.65,106.0
M8,ratio,hist,0.65,0.7,159.0
M8,ratio,hist,0.7,0.75,202.0
M8,ratio,hist,0.75,0.8,58.0
M8,ratio,hist,0.8,0.85,125.0
M8,ratio,hist,0.85,0.9,121.0
M8,ratio,hist,0.9,0.95,131.0
M8,ratio,hist,0.95,1.0,396.0
M8,ratio,hist,1.0,1.05,297.0
M8,ratio,hist,1.05,1.1,0.0
M8,ratio,hist,1.1,1.15,0.0
M8,ratio,hist,1.15,1.2,0.0
M8,ratio,hist,1.2,1.25,0.0
M8,ratio,hist,1.25,1.3,0.0
M8,ratio,hist,1.3,1.35,0.0
M8,ratio,hist,1.35,1.4,0.0
M8,ratio,hist,1.4,1.45,0.0
M8,ratio,hist,1.45,1.5,0.0
M8,ratio,hist,1.5,1.55,0.0
M8,ratio,hist,1.55,1.6,0.0
M8,ratio,hist,1.6,1.65,0.0
M8,ratio,hist,1.65,1.7,0.0
M8,ratio,hist,1.7,1.75,0.0
M8,ratio,hist,1.75,1.8,0.0
M8,ratio,hist,1.8,1.85,0.0
M8,ratio,hist,1.85,1.9,0.0
M8,ratio,hist,1.9,1.95,0.0
M8,ratio,hist,1.95,2.0,0.0
M8,ratio,hist,2.0,inf,0.0
all,ratio,n,,,19999.0
all,ratio,share_le_0,0.0,,0.41962098104905243
all,ratio,quantile,0.01,,-52.61887903278658
all,ratio,quantile,0.05,,-9.818153900758603
all,ratio,quantile,0.1,,-3.3691066477639673
all,ratio,quantile,0.25,,-0.2763635569581104
all,ratio,quantile,0.5,,0.034540122450644445
all,ratio,quantile,0.75,,0.6305826716696579
all,ratio,quantile,0.9,,0.9790276201938385
all,ratio,quantile,0.95,,0.9999999999999866
all,ratio,quantile,0.99,,1.0000000000016172
all,ratio,hist,-inf,-1.0,3169.0
all,ratio,hist,-1.0,-0.95,66.0
all,ratio,hist,-0.95,-0.9,66.0
all,ratio,hist,-0.9,-0.85,50.0
all,ratio,hist,-0.85,-0.8,58.0
all,ratio,hist,-0.8,-0.75,78.0
all,ratio,hist,-0.75,-0.7,85.0
all,ratio,hist,-0.7,-0.65,106.0
all,ratio,hist,-0.65,-0.6,119.0
all,ratio,hist,-0.6,-0.55,124.0
all,ratio,hist,-0.55,-0.5,149.0
all,ratio,hist,-0.5,-0.45,145.0
all,ratio,hist,-0.45,-0.4,203.0
all,ratio,hist,-0.4,-0.35,233.0
all,ratio,hist,-0.35,-0.3,210.0
all,ratio,hist,-0.3,-0.25,253.0
all,ratio,hist,-0.25,-0.2,231.0
all,ratio,hist,-0.2,-0.15,336.0
all,ratio,hist,-0.15,-0.1,427.0
all,ratio,hist,-0.1,-0.05,718.0
all,ratio,hist,-0.05,0.0,1566.0
all,ratio,hist,0.0,0.05,2147.0
all,ratio,hist,0.05,0.1,849.0
all,ratio,hist,0.1,0.15,725.0
all,ratio,hist,0.15,0.2,531.0
all,ratio,hist,0.2,0.25,485.0
all,ratio,hist,0.25,0.3,316.0
all,ratio,hist,0.3,0.35,252.0
all,ratio,hist,0.35,0.4,238.0
all,ratio,hist,0.4,0.45,240.0
all,ratio,hist,0.45,0.5,233.0
all,ratio,hist,0.5,0.55,192.0
all,ratio,hist,0.55,0.6,218.0
all,ratio,hist,0.6,0.65,318.0
all,ratio,hist,0.65,0.7,454.0
all,ratio,hist,0.7,0.75,529.0
all,ratio,hist,0.75,0.8,317.0
all,ratio,hist,0.8,0.85,362.0
all,ratio,hist,0.85,0.9,358.0
all,ratio,hist,0.9,0.95,460.0
all,ratio,hist,0.95,1.0,1532.0
all,ratio,hist,1.0,1.05,851.0
all,ratio,hist,1.05,1.1,0.0
all,ratio,hist,1.1,1.15,0.0
all,ratio,hist,1.15,1.2,0.0
all,ratio,hist,1.2,1.25,0.0
all,ratio,hist,1.25,1.3,0.0
all,ratio,hist,1.3,1.35,0.0
all,ratio,hist,1.35,1.4,0.0
all,ratio,hist,1.4,1.45,0.0
all,ratio,hist,1.45,1.5,0.0
all,ratio,hist,1.5,1.55,0.0
all,ratio,hist,1.55,1.6,0.0
all,ratio,hist,1.6,1.65,0.0
all,ratio,hist,1.65,1.7,0.0
all,ratio,hist,1.7,1.75,0.0
all,ratio,hist,1.75,1.8,0.0
all,ratio,hist,1.8,1.85,0.0
all,ratio,hist,1.85,1.9,0.0
all,ratio,hist,1.9,1.95,0.0
all,ratio,hist,1.95,2.0,0.0
all,ratio,hist,2.0,inf,0.0
M10,ratio_unit,n,,,3341.0
M10,ratio_unit,share_le_0,0.0,,0.4372942232864412
M10,ratio_unit,quantile,0.01,,-117.16511400914
M10,ratio_unit,quantile,0.05,,-23.960224259923656
M10,ratio_unit,quantile,0.1,,-8.223283170288651
M10,ratio_unit,quantile,0.25,,-0.4062294980691794
M10,ratio_unit,quantile,0.5,,0.025097019890695484
M10,ratio_unit,quantile,0.75,,0.6948280076297118
M10,ratio_unit,quantile,0.9,,0.9776341147179828
M10,ratio_unit,quantile,0.95,,0.9999999999999316
M10,ratio_unit,quantile,0.99,,1.000000000000518
M10,ratio_unit,hist,-inf,-1.0,726.0
M10,ratio_unit,hist,-1.0,-0.95,6.0
M10,ratio_unit,hist,-0.95,-0.9,10.0
M10,ratio_unit,hist,-0.9,-0.85,3.0
M10,ratio_unit,hist,-0.85,-0.8,10.0
M10,ratio_unit,hist,-0.8,-0.75,7.0
M10,ratio_unit,hist,-0.75,-0.7,8.0
M10,ratio_unit,hist,-0.7,-0.65,12.0
M10,ratio_unit,hist,-0.65,-0.6,7.0
M10,ratio_unit,hist,-0.6,-0.55,8.0
M10,ratio_unit,hist,-0.55,-0.5,8.0
M10,ratio_unit,hist,-0.5,-0.45,19.0
M10,ratio_unit,hist,-0.45,-0.4,15.0
M10,ratio_unit,hist,-0.4,-0.35,21.0
M10,ratio_unit,hist,-0.35,-0.3,24.0
M10,ratio_unit,hist,-0.3,-0.25,30.0
M10,ratio_unit,hist,-0.25,-0.2,29.0
M10,ratio_unit,hist,-0.2,-0.15,50.0
M10,ratio_unit,hist,-0.15,-0.1,49.0
M10,ratio_unit,hist,-0.1,-0.05,103.0
M10,ratio_unit,hist,-0.05,0.0,316.0
M10,ratio_unit,hist,0.0,0.05,455.0
M10,ratio_unit,hist,0.05,0.1,109.0
M10,ratio_unit,hist,0.1,0.15,65.0
M10,ratio_unit,hist,0.15,0.2,30.0
M10,ratio_unit,hist,0.2,0.25,20.0
M10,ratio_unit,hist,0.25,0.3,30.0
M10,ratio_unit,hist,0.3,0.35,18.0
M10,ratio_unit,hist,0.35,0.4,19.0
M10,ratio_unit,hist,0.4,0.45,15.0
M10,ratio_unit,hist,0.45,0.5,25.0
M10,ratio_unit,hist,0.5,0.55,27.0
M10,ratio_unit,hist,0.55,0.6,38.0
M10,ratio_unit,hist,0.6,0.65,94.0
M10,ratio_unit,hist,0.65,0.7,113.0
M10,ratio_unit,hist,0.7,0.75,93.0
M10,ratio_unit,hist,0.75,0.8,84.0
M10,ratio_unit,hist,0.8,0.85,62.0
M10,ratio_unit,hist,0.85,0.9,59.0
M10,ratio_unit,hist,0.9,0.95,89.0
M10,ratio_unit,hist,0.95,1.0,298.0
M10,ratio_unit,hist,1.0,1.05,137.0
M10,ratio_unit,hist,1.05,1.1,0.0
M10,ratio_unit,hist,1.1,1.15,0.0
M10,ratio_unit,hist,1.15,1.2,0.0
M10,ratio_unit,hist,1.2,1.25,0.0
M10,ratio_unit,hist,1.25,1.3,0.0
M10,ratio_unit,hist,1.3,1.35,0.0
M10,ratio_unit,hist,1.35,1.4,0.0
M10,ratio_unit,hist,1.4,1.45,0.0
M10,ratio_unit,hist,1.45,1.5,0.0
M10,ratio_unit,hist,1.5,1.55,0.0
M10,ratio_unit,hist,1.55,1.6,0.0
M10,ratio_unit,hist,1.6,1.65,0.0
M10,ratio_unit,hist,1.65,1.7,0.0
M10,ratio_unit,hist,1.7,1.75,0.0
M10,ratio_unit,hist,1.75,1.8,0.0
M10,ratio_unit,hist,1.8,1.85,0.0
M10,ratio_unit,hist,1.85,1.9,0.0
M10,ratio_unit,hist,1.9,1.95,0.0
M10,ratio_unit,hist,1.95,2.0,0.0
M10,ratio_unit,hist,2.0,inf,0.0
M3,ratio_unit,n,,,6405.0
M3,ratio_unit,share_le_0,0.0,,0.46276346604215457
M3,ratio_unit,quantile,0.01,,-18.104153917352008
M3,ratio_unit,quantile,0.05,,-6.153570970317409
M3,ratio_unit,quantile,0.1,,-2.317893828378146
M3,ratio_unit,quantile,0.25,,-0.39239180850317495
M3,ratio_unit,quantile,0.5,,0.01993837389875025
M3,ratio_unit,quantile,0.75,,0.2272553276640515
M3,ratio_unit,quantile,0.9,,0.7878731775098526
M3,ratio_unit,quantile,0.95,,0.9722755476998901
M3,ratio_unit,quantile,0.99,,1.0000000000600415
M3,ratio_unit,hist,-inf,-1.0,1001.0
M3,ratio_unit,hist,-1.0,-0.95,43.0
M3,ratio_unit,hist,-0.95,-0.9,30.0
M3,ratio_unit,hist,-0.9,-0.85,31.0
M3,ratio_unit,hist,-0.85,-0.8,22.0
M3,ratio_unit,hist,-0.8,-0.75,37.0
M3,ratio_unit,hist,-0.75,-0.7,44.0
M3,ratio_unit,hist,-0.7,-0.65,59.0
M3,ratio_unit,hist,-0.65,-0.6,53.0
M3,ratio_unit,hist,-0.6,-0.55,53.0
M3,ratio_unit,hist,-0.55,-0.5,73.0
M3,ratio_unit,hist,-0.5,-0.45,54.0
M3,ratio_unit,hist,-0.45,-0.4,87.0
M3,ratio_unit,hist,-0.4,-0.35,100.0
M3,ratio_unit,hist,-0.35,-0.3,82.0
M3,ratio_unit,hist,-0.3,-0.25,92.0
M3,ratio_unit,hist,-0.25,-0.2,73.0
M3,ratio_unit,hist,-0.2,-0.15,118.0
M3,ratio_unit,hist,-0.15,-0.1,144.0
M3,ratio_unit,hist,-0.1,-0.05,247.0
M3,ratio_unit,hist,-0.05,0.0,521.0
M3,ratio_unit,hist,0.0,0.05,561.0
M3,ratio_unit,hist,0.05,0.1,439.0
M3,ratio_unit,hist,0.1,0.15,365.0
M3,ratio_unit,hist,0.15,0.2,325.0
M3,ratio_unit,hist,0.2,0.25,244.0
M3,ratio_unit,hist,0.25,0.3,159.0
M3,ratio_unit,hist,0.3,0.35,135.0
M3,ratio_unit,hist,0.35,0.4,104.0
M3,ratio_unit,hist,0.4,0.45,94.0
M3,ratio_unit,hist,0.45,0.5,61.0
M3,ratio_unit,hist,0.5,0.55,74.0
M3,ratio_unit,hist,0.55,0.6,53.0
M3,ratio_unit,hist,0.6,0.65,48.0
M3,ratio_unit,hist,0.65,0.7,51.0
M3,ratio_unit,hist,0.7,0.75,34.0
M3,ratio_unit,hist,0.75,0.8,82.0
M3,ratio_unit,hist,0.8,0.85,66.0
M3,ratio_unit,hist,0.85,0.9,60.0
M3,ratio_unit,hist,0.9,0.95,92.0
M3,ratio_unit,hist,0.95,1.0,277.0
M3,ratio_unit,hist,1.0,1.05,117.0
M3,ratio_unit,hist,1.05,1.1,0.0
M3,ratio_unit,hist,1.1,1.15,0.0
M3,ratio_unit,hist,1.15,1.2,0.0
M3,ratio_unit,hist,1.2,1.25,0.0
M3,ratio_unit,hist,1.25,1.3,0.0
M3,ratio_unit,hist,1.3,1.35,0.0
M3,ratio_unit,hist,1.35,1.4,0.0
M3,ratio_unit,hist,1.4,1.45,0.0
M3,ratio_unit,hist,1.45,1.5,0.0
M3,ratio_unit,hist,1.5,1.55,0.0
M3,ratio_unit,hist,1.55,1.6,0.0
M3,ratio_unit,hist,1.6,1.65,0.0
M3,ratio_unit,hist,1.65,1.7,0.0
M3,ratio_unit,hist,1.7,1.75,0.0
M3,ratio_unit,hist,1.75,1.8,0.0
M3,ratio_unit,hist,1.8,1.85,0.0
M3,ratio_unit,hist,1.85,1.9,0.0
M3,ratio_unit,hist,1.9,1.95,0.0
M3,ratio_unit,hist,1.95,2.0,0.0
M3,ratio_unit,hist,2.0,inf,0.0
M5,ratio_unit,n,,,5957.0
M5,ratio_unit,share_le_0,0.0,,0.43461473896256503
M5,ratio_unit,quantile,0.01,,-24.969522980917134
M5,ratio_unit,quantile,0.05,,-7.719972867198436
M5,ratio_unit,quantile,0.1,,-2.6670133619469314
M5,ratio_unit,quantile,0.25,,-0.31173823583354754
M5,ratio_unit,quantile,0.5,,0.04652825552031901
M5,ratio_unit,quantile,0.75,,0.7055070463942187
M5,ratio_unit,quantile,0.9,,0.9998451898302181
M5,ratio_unit,quantile,0.95,,0.9999999999998943
M5,ratio_unit,quantile,0.99,,1.0000000000076787
M5,ratio_unit,hist,-inf,-1.0,889.0
M5,ratio_unit,hist,-1.0,-0.95,15.0
M5,ratio_unit,hist,-0.95,-0.9,20.0
M5,ratio_unit,hist,-0.9,-0.85,17.0
M5,ratio_unit,hist,-0.85,-0.8,21.0
M5,ratio_unit,hist,-0.8,-0.75,32.0
M5,ratio_unit,hist,-0.75,-0.7,26.0
M5,ratio_unit,hist,-0.7,-0.65,32.0
M5,ratio_unit,hist,-0.65,-0.6,50.0
M5,ratio_unit,hist,-0.6,-0.55,50.0
M5,ratio_unit,hist,-0.55,-0.5,63.0
M5,ratio_unit,hist,-0.5,-0.45,57.0
M5,ratio_unit,hist,-0.45,-0.4,77.0
M5,ratio_unit,hist,-0.4,-0.35,86.0
M5,ratio_unit,hist,-0.35,-0.3,73.0
M5,ratio_unit,hist,-0.3,-0.25,102.0
M5,ratio_unit,hist,-0.25,-0.2,95.0
M5,ratio_unit,hist,-0.2,-0.15,129.0
M5,ratio_unit,hist,-0.15,-0.1,137.0
M5,ratio_unit,hist,-0.1,-0.05,248.0
M5,ratio_unit,hist,-0.05,0.0,370.0
M5,ratio_unit,hist,0.0,0.05,408.0
M5,ratio_unit,hist,0.05,0.1,185.0
M5,ratio_unit,hist,0.1,0.15,228.0
M5,ratio_unit,hist,0.15,0.2,121.0
M5,ratio_unit,hist,0.2,0.25,184.0
M5,ratio_unit,hist,0.25,0.3,84.0
M5,ratio_unit,hist,0.3,0.35,69.0
M5,ratio_unit,hist,0.35,0.4,82.0
M5,ratio_unit,hist,0.4,0.45,95.0
M5,ratio_unit,hist,0.45,0.5,96.0
M5,ratio_unit,hist,0.5,0.55,60.0
M5,ratio_unit,hist,0.55,0.6,59.0
M5,ratio_unit,hist,0.6,0.65,68.0
M5,ratio_unit,hist,0.65,0.7,124.0
M5,ratio_unit,hist,0.7,0.75,198.0
M5,ratio_unit,hist,0.75,0.8,100.0
M5,ratio_unit,hist,0.8,0.85,104.0
M5,ratio_unit,hist,0.85,0.9,117.0
M5,ratio_unit,hist,0.9,0.95,149.0
M5,ratio_unit,hist,0.95,1.0,557.0
M5,ratio_unit,hist,1.0,1.05,280.0
M5,ratio_unit,hist,1.05,1.1,0.0
M5,ratio_unit,hist,1.1,1.15,0.0
M5,ratio_unit,hist,1.15,1.2,0.0
M5,ratio_unit,hist,1.2,1.25,0.0
M5,ratio_unit,hist,1.25,1.3,0.0
M5,ratio_unit,hist,1.3,1.35,0.0
M5,ratio_unit,hist,1.35,1.4,0.0
M5,ratio_unit,hist,1.4,1.45,0.0
M5,ratio_unit,hist,1.45,1.5,0.0
M5,ratio_unit,hist,1.5,1.55,0.0
M5,ratio_unit,hist,1.55,1.6,0.0
M5,ratio_unit,hist,1.6,1.65,0.0
M5,ratio_unit,hist,1.65,1.7,0.0
M5,ratio_unit,hist,1.7,1.75,0.0
M5,ratio_unit,hist,1.75,1.8,0.0
M5,ratio_unit,hist,1.8,1.85,0.0
M5,ratio_unit,hist,1.85,1.9,0.0
M5,ratio_unit,hist,1.9,1.95,0.0
M5,ratio_unit,hist,1.95,2.0,0.0
M5,ratio_unit,hist,2.0,inf,0.0
M8,ratio_unit,n,,,4296.0
M8,ratio_unit,share_le_0,0.0,,0.34567039106145253
M8,ratio_unit,quantile,0.01,,-81.70033332678621
M8,ratio_unit,quantile,0.05,,-15.111489197332865
M8,ratio_unit,quantile,0.1,,-3.55517958069792
M8,ratio_unit,quantile,0.25,,-0.0523027281494428
M8,ratio_unit,quantile,0.5,,0.04291110242127681
M8,ratio_unit,quantile,0.75,,0.7990703716188852
M8,ratio_unit,quantile,0.9,,0.9999999999998408
M8,ratio_unit,quantile,0.95,,1.0000000000000548
M8,ratio_unit,quantile,0.99,,1.0028391920442306
M8,ratio_unit,hist,-inf,-1.0,595.0
M8,ratio_unit,hist,-1.0,-0.95,3.0
M8,ratio_unit,hist,-0.95,-0.9,4.0
M8,ratio_unit,hist,-0.9,-0.85,4.0
M8,ratio_unit,hist,-0.85,-0.8,7.0
M8,ratio_unit,hist,-0.8,-0.75,5.0
M8,ratio_unit,hist,-0.75,-0.7,4.0
M8,ratio_unit,hist,-0.7,-0.65,7.0
M8,ratio_unit,hist,-0.65,-0.6,8.0
M8,ratio_unit,hist,-0.6,-0.55,11.0
M8,ratio_unit,hist,-0.55,-0.5,10.0
M8,ratio_unit,hist,-0.5,-0.45,17.0
M8,ratio_unit,hist,-0.45,-0.4,16.0
M8,ratio_unit,hist,-0.4,-0.35,27.0
M8,ratio_unit,hist,-0.35,-0.3,26.0
M8,ratio_unit,hist,-0.3,-0.25,31.0
M8,ratio_unit,hist,-0.25,-0.2,34.0
M8,ratio_unit,hist,-0.2,-0.15,47.0
M8,ratio_unit,hist,-0.15,-0.1,92.0
M8,ratio_unit,hist,-0.1,-0.05,134.0
M8,ratio_unit,hist,-0.05,0.0,403.0
M8,ratio_unit,hist,0.0,0.05,708.0
M8,ratio_unit,hist,0.05,0.1,116.0
M8,ratio_unit,hist,0.1,0.15,53.0
M8,ratio_unit,hist,0.15,0.2,40.0
M8,ratio_unit,hist,0.2,0.25,24.0
M8,ratio_unit,hist,0.25,0.3,41.0
M8,ratio_unit,hist,0.3,0.35,30.0
M8,ratio_unit,hist,0.35,0.4,29.0
M8,ratio_unit,hist,0.4,0.45,35.0
M8,ratio_unit,hist,0.45,0.5,43.0
M8,ratio_unit,hist,0.5,0.55,34.0
M8,ratio_unit,hist,0.55,0.6,67.0
M8,ratio_unit,hist,0.6,0.65,104.0
M8,ratio_unit,hist,0.65,0.7,160.0
M8,ratio_unit,hist,0.7,0.75,198.0
M8,ratio_unit,hist,0.75,0.8,56.0
M8,ratio_unit,hist,0.8,0.85,127.0
M8,ratio_unit,hist,0.85,0.9,121.0
M8,ratio_unit,hist,0.9,0.95,139.0
M8,ratio_unit,hist,0.95,1.0,398.0
M8,ratio_unit,hist,1.0,1.05,288.0
M8,ratio_unit,hist,1.05,1.1,0.0
M8,ratio_unit,hist,1.1,1.15,0.0
M8,ratio_unit,hist,1.15,1.2,0.0
M8,ratio_unit,hist,1.2,1.25,0.0
M8,ratio_unit,hist,1.25,1.3,0.0
M8,ratio_unit,hist,1.3,1.35,0.0
M8,ratio_unit,hist,1.35,1.4,0.0
M8,ratio_unit,hist,1.4,1.45,0.0
M8,ratio_unit,hist,1.45,1.5,0.0
M8,ratio_unit,hist,1.5,1.55,0.0
M8,ratio_unit,hist,1.55,1.6,0.0
M8,ratio_unit,hist,1.6,1.65,0.0
M8,ratio_unit,hist,1.65,1.7,0.0
M8,ratio_unit,hist,1.7,1.75,0.0
M8,ratio_unit,hist,1.75,1.8,0.0
M8,ratio_unit,hist,1.8,1.85,0.0
M8,ratio_unit,hist,1.85,1.9,0.0
M8,ratio_unit,hist,1.9,1.95,0.0
M8,ratio_unit,hist,1.95,2.0,0.0
M8,ratio_unit,hist,2.0,inf,0.0
all,ratio_unit,n,,,19999.0
all,ratio_unit,share_le_0,0.0,,0.4249712485624281
all,ratio_unit,quantile,0.01,,-52.61887903278878
all,ratio_unit,quantile,0.05,,-9.854554788591908
all,ratio_unit,quantile,0.1,,-3.4194278764087853
all,ratio_unit,quantile,0.25,,-0.28273986770263504
all,ratio_unit,quantile,0.5,,0.03291189572634804
all,ratio_unit,quantile,0.75,,0.6244921627989551
all,ratio_unit,quantile,0.9,,0.9764931349394723
all,ratio_unit,quantile,0.95,,0.9999999999998884
all,ratio_unit,quantile,0.99,,1.0000000000233478
all,ratio_unit,hist,-inf,-1.0,3211.0
all,ratio_unit,hist,-1.0,-0.95,67.0
all,ratio_unit,hist,-0.95,-0.9,64.0
all,ratio_unit,hist,-0.9,-0.85,55.0
all,ratio_unit,hist,-0.85,-0.8,60.0
all,ratio_unit,hist,-0.8,-0.75,81.0
all,ratio_unit,hist,-0.75,-0.7,82.0
all,ratio_unit,hist,-0.7,-0.65,110.0
all,ratio_unit,hist,-0.65,-0.6,118.0
all,ratio_unit,hist,-0.6,-0.55,122.0
all,ratio_unit,hist,-0.55,-0.5,154.0
all,ratio_unit,hist,-0.5,-0.45,147.0
all,ratio_unit,hist,-0.45,-0.4,195.0
all,ratio_unit,hist,-0.4,-0.35,234.0
all,ratio_unit,hist,-0.35,-0.3,205.0
all,ratio_unit,hist,-0.3,-0.25,255.0
all,ratio_unit,hist,-0.25,-0.2,231.0
all,ratio_unit,hist,-0.2,-0.15,344.0
all,ratio_unit,hist,-0.15,-0.1,422.0
all,ratio_unit,hist,-0.1,-0.05,732.0
all,ratio_unit,hist,-0.05,0.0,1610.0
all,ratio_unit,hist,0.0,0.05,2132.0
all,ratio_unit,hist,0.05,0.1,849.0
all,ratio_unit,hist,0.1,0.15,711.0
all,ratio_unit,hist,0.15,0.2,516.0
all,ratio_unit,hist,0.2,0.25,472.0
all,ratio_unit,hist,0.25,0.3,314.0
all,ratio_unit,hist,0.3,0.35,252.0
all,ratio_unit,hist,0.35,0.4,234.0
all,ratio_unit,hist,0.4,0.45,239.0
all,ratio_unit,hist,0.45,0.5,225.0
all,ratio_unit,hist,0.5,0.55,195.0
all,ratio_unit,hist,0.55,0.6,217.0
all,ratio_unit,hist,0.6,0.65,314.0
all,ratio_unit,hist,0.65,0.7,448.0
all,ratio_unit,hist,0.7,0.75,523.0
all,ratio_unit,hist,0.75,0.8,322.0
all,ratio_unit,hist,0.8,0.85,359.0
all,ratio_unit,hist,0.85,0.9,357.0
all,ratio_unit,hist,0.9,0.95,469.0
all,ratio_unit,hist,0.95,1.0,1530.0
all,ratio_unit,hist,1.0,1.05,822.0
all,ratio_unit,hist,1.05,1.1,0.0
all,ratio_unit,hist,1.1,1.15,0.0
all,ratio_unit,hist,1.15,1.2,0.0
all,ratio_unit,hist,1.2,1.25,0.0
all,ratio_unit,hist,1.25,1.3,0.0
all,ratio_unit,hist,1.3,1.35,0.0
all,ratio_unit,hist,1.35,1.4,0.0
all,ratio_unit,hist,1.4,1.45,0.0
all,ratio_unit,hist,1.45,1.5,0.0
all,ratio_unit,hist,1.5,1.55,0.0
all,ratio_unit,hist,1.55,1.6,0.0
all,ratio_unit,hist,1.6,1.65,0.0
all,ratio_unit,hist,1.65,1.7,0.0
all,ratio_unit,hist,1.7,1.75,0.0
all,ratio_unit,hist,1.75,1.8,0.0
all,ratio_unit,hist,1.8,1.85,0.0
all,ratio_unit,hist,1.85,1.9,0.0
all,ratio_unit,hist,1.9,1.95,0.0
all,ratio_unit,hist,1.95,2.0,0.0
all,ratio_unit,hist,2.0,inf,0.0
M10,ratio_tape,n,,,3341.0
M10,ratio_tape,share_le_0,0.0,,0.43041005686920086
M10,ratio_tape,quantile,0.01,,-115.90538383829295
M10,ratio_tape,quantile,0.05,,-23.818409493077446
M10,ratio_tape,quantile,0.1,,-8.085590393292835
M10,ratio_tape,quantile,0.25,,-0.37741615347237556
M10,ratio_tape,quantile,0.5,,0.025812590197147368
M10,ratio_tape,quantile,0.75,,0.6963595623859693
M10,ratio_tape,quantile,0.9,,0.979385156436644
M10,ratio_tape,quantile,0.95,,0.9999999999999942
M10,ratio_tape,quantile,0.99,,1.0000000000001417
M10,ratio_tape,hist,-inf,-1.0,714.0
M10,ratio_tape,hist,-1.0,-0.95,5.0
M10,ratio_tape,hist,-0.95,-0.9,12.0
M10,ratio_tape,hist,-0.9,-0.85,1.0
M10,ratio_tape,hist,-0.85,-0.8,11.0
M10,ratio_tape,hist,-0.8,-0.75,5.0
M10,ratio_tape,hist,-0.75,-0.7,5.0
M10,ratio_tape,hist,-0.7,-0.65,11.0
M10,ratio_tape,hist,-0.65,-0.6,9.0
M10,ratio_tape,hist,-0.6,-0.55,9.0
M10,ratio_tape,hist,-0.55,-0.5,8.0
M10,ratio_tape,hist,-0.5,-0.45,23.0
M10,ratio_tape,hist,-0.45,-0.4,16.0
M10,ratio_tape,hist,-0.4,-0.35,19.0
M10,ratio_tape,hist,-0.35,-0.3,31.0
M10,ratio_tape,hist,-0.3,-0.25,30.0
M10,ratio_tape,hist,-0.25,-0.2,27.0
M10,ratio_tape,hist,-0.2,-0.15,47.0
M10,ratio_tape,hist,-0.15,-0.1,51.0
M10,ratio_tape,hist,-0.1,-0.05,104.0
M10,ratio_tape,hist,-0.05,0.0,300.0
M10,ratio_tape,hist,0.0,0.05,473.0
M10,ratio_tape,hist,0.05,0.1,110.0
M10,ratio_tape,hist,0.1,0.15,61.0
M10,ratio_tape,hist,0.15,0.2,32.0
M10,ratio_tape,hist,0.2,0.25,21.0
M10,ratio_tape,hist,0.25,0.3,31.0
M10,ratio_tape,hist,0.3,0.35,18.0
M10,ratio_tape,hist,0.35,0.4,18.0
M10,ratio_tape,hist,0.4,0.45,15.0
M10,ratio_tape,hist,0.45,0.5,26.0
M10,ratio_tape,hist,0.5,0.55,26.0
M10,ratio_tape,hist,0.55,0.6,40.0
M10,ratio_tape,hist,0.6,0.65,90.0
M10,ratio_tape,hist,0.65,0.7,115.0
M10,ratio_tape,hist,0.7,0.75,97.0
M10,ratio_tape,hist,0.75,0.8,83.0
M10,ratio_tape,hist,0.8,0.85,63.0
M10,ratio_tape,hist,0.85,0.9,60.0
M10,ratio_tape,hist,0.9,0.95,87.0
M10,ratio_tape,hist,0.95,1.0,298.0
M10,ratio_tape,hist,1.0,1.05,139.0
M10,ratio_tape,hist,1.05,1.1,0.0
M10,ratio_tape,hist,1.1,1.15,0.0
M10,ratio_tape,hist,1.15,1.2,0.0
M10,ratio_tape,hist,1.2,1.25,0.0
M10,ratio_tape,hist,1.25,1.3,0.0
M10,ratio_tape,hist,1.3,1.35,0.0
M10,ratio_tape,hist,1.35,1.4,0.0
M10,ratio_tape,hist,1.4,1.45,0.0
M10,ratio_tape,hist,1.45,1.5,0.0
M10,ratio_tape,hist,1.5,1.55,0.0
M10,ratio_tape,hist,1.55,1.6,0.0
M10,ratio_tape,hist,1.6,1.65,0.0
M10,ratio_tape,hist,1.65,1.7,0.0
M10,ratio_tape,hist,1.7,1.75,0.0
M10,ratio_tape,hist,1.75,1.8,0.0
M10,ratio_tape,hist,1.8,1.85,0.0
M10,ratio_tape,hist,1.85,1.9,0.0
M10,ratio_tape,hist,1.9,1.95,0.0
M10,ratio_tape,hist,1.95,2.0,0.0
M10,ratio_tape,hist,2.0,inf,0.0
M3,ratio_tape,n,,,6405.0
M3,ratio_tape,share_le_0,0.0,,0.46198282591725215
M3,ratio_tape,quantile,0.01,,-18.279712706509404
M3,ratio_tape,quantile,0.05,,-6.052829840638008
M3,ratio_tape,quantile,0.1,,-2.4052609836797725
M3,ratio_tape,quantile,0.25,,-0.39467380163910415
M3,ratio_tape,quantile,0.5,,0.021488032644526332
M3,ratio_tape,quantile,0.75,,0.2538066793033289
M3,ratio_tape,quantile,0.9,,0.8323100991122564
M3,ratio_tape,quantile,0.95,,0.9805258289213035
M3,ratio_tape,quantile,0.99,,1.000000000000172
M3,ratio_tape,hist,-inf,-1.0,1026.0
M3,ratio_tape,hist,-1.0,-0.95,41.0
M3,ratio_tape,hist,-0.95,-0.9,25.0
M3,ratio_tape,hist,-0.9,-0.85,34.0
M3,ratio_tape,hist,-0.85,-0.8,22.0
M3,ratio_tape,hist,-0.8,-0.75,38.0
M3,ratio_tape,hist,-0.75,-0.7,40.0
M3,ratio_tape,hist,-0.7,-0.65,57.0
M3,ratio_tape,hist,-0.65,-0.6,54.0
M3,ratio_tape,hist,-0.6,-0.55,55.0
M3,ratio_tape,hist,-0.55,-0.5,75.0
M3,ratio_tape,hist,-0.5,-0.45,47.0
M3,ratio_tape,hist,-0.45,-0.4,76.0
M3,ratio_tape,hist,-0.4,-0.35,94.0
M3,ratio_tape,hist,-0.35,-0.3,84.0
M3,ratio_tape,hist,-0.3,-0.25,96.0
M3,ratio_tape,hist,-0.25,-0.2,73.0
M3,ratio_tape,hist,-0.2,-0.15,121.0
M3,ratio_tape,hist,-0.15,-0.1,144.0
M3,ratio_tape,hist,-0.1,-0.05,251.0
M3,ratio_tape,hist,-0.05,0.0,506.0
M3,ratio_tape,hist,0.0,0.05,533.0
M3,ratio_tape,hist,0.05,0.1,425.0
M3,ratio_tape,hist,0.1,0.15,330.0
M3,ratio_tape,hist,0.15,0.2,293.0
M3,ratio_tape,hist,0.2,0.25,250.0
M3,ratio_tape,hist,0.25,0.3,148.0
M3,ratio_tape,hist,0.3,0.35,142.0
M3,ratio_tape,hist,0.35,0.4,99.0
M3,ratio_tape,hist,0.4,0.45,84.0
M3,ratio_tape,hist,0.45,0.5,75.0
M3,ratio_tape,hist,0.5,0.55,85.0
M3,ratio_tape,hist,0.55,0.6,60.0
M3,ratio_tape,hist,0.6,0.65,53.0
M3,ratio_tape,hist,0.65,0.7,55.0
M3,ratio_tape,hist,0.7,0.75,47.0
M3,ratio_tape,hist,0.75,0.8,78.0
M3,ratio_tape,hist,0.8,0.85,73.0
M3,ratio_tape,hist,0.85,0.9,87.0
M3,ratio_tape,hist,0.9,0.95,113.0
M3,ratio_tape,hist,0.95,1.0,310.0
M3,ratio_tape,hist,1.0,1.05,106.0
M3,ratio_tape,hist,1.05,1.1,0.0
M3,ratio_tape,hist,1.1,1.15,0.0
M3,ratio_tape,hist,1.15,1.2,0.0
M3,ratio_tape,hist,1.2,1.25,0.0
M3,ratio_tape,hist,1.25,1.3,0.0
M3,ratio_tape,hist,1.3,1.35,0.0
M3,ratio_tape,hist,1.35,1.4,0.0
M3,ratio_tape,hist,1.4,1.45,0.0
M3,ratio_tape,hist,1.45,1.5,0.0
M3,ratio_tape,hist,1.5,1.55,0.0
M3,ratio_tape,hist,1.55,1.6,0.0
M3,ratio_tape,hist,1.6,1.65,0.0
M3,ratio_tape,hist,1.65,1.7,0.0
M3,ratio_tape,hist,1.7,1.75,0.0
M3,ratio_tape,hist,1.75,1.8,0.0
M3,ratio_tape,hist,1.8,1.85,0.0
M3,ratio_tape,hist,1.85,1.9,0.0
M3,ratio_tape,hist,1.9,1.95,0.0
M3,ratio_tape,hist,1.95,2.0,0.0
M3,ratio_tape,hist,2.0,inf,0.0
M5,ratio_tape,n,,,5957.0
M5,ratio_tape,share_le_0,0.0,,0.4315930837669968
M5,ratio_tape,quantile,0.01,,-24.62601477374444
M5,ratio_tape,quantile,0.05,,-7.420060905031606
M5,ratio_tape,quantile,0.1,,-2.5872704011304695
M5,ratio_tape,quantile,0.25,,-0.3028962076175825
M5,ratio_tape,quantile,0.5,,0.04976022765615732
M5,ratio_tape,quantile,0.75,,0.7123386326121746
M5,ratio_tape,quantile,0.9,,0.999845190228397
M5,ratio_tape,quantile,0.95,,1.0
M5,ratio_tape,quantile,0.99,,1.0000000000048368
M5,ratio_tape,hist,-inf,-1.0,884.0
M5,ratio_tape,hist,-1.0,-0.95,13.0
M5,ratio_tape,hist,-0.95,-0.9,20.0
M5,ratio_tape,hist,-0.9,-0.85,12.0
M5,ratio_tape,hist,-0.85,-0.8,18.0
M5,ratio_tape,hist,-0.8,-0.75,28.0
M5,ratio_tape,hist,-0.75,-0.7,34.0
M5,ratio_tape,hist,-0.7,-0.65,33.0
M5,ratio_tape,hist,-0.65,-0.6,48.0
M5,ratio_tape,hist,-0.6,-0.55,48.0
M5,ratio_tape,hist,-0.55,-0.5,58.0
M5,ratio_tape,hist,-0.5,-0.45,56.0
M5,ratio_tape,hist,-0.45,-0.4,80.0
M5,ratio_tape,hist,-0.4,-0.35,84.0
M5,ratio_tape,hist,-0.35,-0.3,80.0
M5,ratio_tape,hist,-0.3,-0.25,103.0
M5,ratio_tape,hist,-0.25,-0.2,96.0
M5,ratio_tape,hist,-0.2,-0.15,129.0
M5,ratio_tape,hist,-0.15,-0.1,139.0
M5,ratio_tape,hist,-0.1,-0.05,234.0
M5,ratio_tape,hist,-0.05,0.0,374.0
M5,ratio_tape,hist,0.0,0.05,409.0
M5,ratio_tape,hist,0.05,0.1,181.0
M5,ratio_tape,hist,0.1,0.15,226.0
M5,ratio_tape,hist,0.15,0.2,126.0
M5,ratio_tape,hist,0.2,0.25,181.0
M5,ratio_tape,hist,0.25,0.3,82.0
M5,ratio_tape,hist,0.3,0.35,68.0
M5,ratio_tape,hist,0.35,0.4,86.0
M5,ratio_tape,hist,0.4,0.45,94.0
M5,ratio_tape,hist,0.45,0.5,97.0
M5,ratio_tape,hist,0.5,0.55,57.0
M5,ratio_tape,hist,0.55,0.6,56.0
M5,ratio_tape,hist,0.6,0.65,71.0
M5,ratio_tape,hist,0.65,0.7,124.0
M5,ratio_tape,hist,0.7,0.75,192.0
M5,ratio_tape,hist,0.75,0.8,91.0
M5,ratio_tape,hist,0.8,0.85,106.0
M5,ratio_tape,hist,0.85,0.9,122.0
M5,ratio_tape,hist,0.9,0.95,153.0
M5,ratio_tape,hist,0.95,1.0,551.0
M5,ratio_tape,hist,1.0,1.05,313.0
M5,ratio_tape,hist,1.05,1.1,0.0
M5,ratio_tape,hist,1.1,1.15,0.0
M5,ratio_tape,hist,1.15,1.2,0.0
M5,ratio_tape,hist,1.2,1.25,0.0
M5,ratio_tape,hist,1.25,1.3,0.0
M5,ratio_tape,hist,1.3,1.35,0.0
M5,ratio_tape,hist,1.35,1.4,0.0
M5,ratio_tape,hist,1.4,1.45,0.0
M5,ratio_tape,hist,1.45,1.5,0.0
M5,ratio_tape,hist,1.5,1.55,0.0
M5,ratio_tape,hist,1.55,1.6,0.0
M5,ratio_tape,hist,1.6,1.65,0.0
M5,ratio_tape,hist,1.65,1.7,0.0
M5,ratio_tape,hist,1.7,1.75,0.0
M5,ratio_tape,hist,1.75,1.8,0.0
M5,ratio_tape,hist,1.8,1.85,0.0
M5,ratio_tape,hist,1.85,1.9,0.0
M5,ratio_tape,hist,1.9,1.95,0.0
M5,ratio_tape,hist,1.95,2.0,0.0
M5,ratio_tape,hist,2.0,inf,0.0
M8,ratio_tape,n,,,4296.0
M8,ratio_tape,share_le_0,0.0,,0.3370577281191806
M8,ratio_tape,quantile,0.01,,-81.67217698341204
M8,ratio_tape,quantile,0.05,,-15.229261308064736
M8,ratio_tape,quantile,0.1,,-3.55354249953929
M8,ratio_tape,quantile,0.25,,-0.04728881060888614
M8,ratio_tape,quantile,0.5,,0.045721687013381064
M8,ratio_tape,quantile,0.75,,0.8096596747076691
M8,ratio_tape,quantile,0.9,,0.9999999999998666
M8,ratio_tape,quantile,0.95,,1.0000000000000073
M8,ratio_tape,quantile,0.99,,1.0003188979218183
M8,ratio_tape,hist,-inf,-1.0,590.0
M8,ratio_tape,hist,-1.0,-0.95,2.0
M8,ratio_tape,hist,-0.95,-0.9,5.0
M8,ratio_tape,hist,-0.9,-0.85,3.0
M8,ratio_tape,hist,-0.85,-0.8,8.0
M8,ratio_tape,hist,-0.8,-0.75,5.0
M8,ratio_tape,hist,-0.75,-0.7,5.0
M8,ratio_tape,hist,-0.7,-0.65,6.0
M8,ratio_tape,hist,-0.65,-0.6,8.0
M8,ratio_tape,hist,-0.6,-0.55,13.0
M8,ratio_tape,hist,-0.55,-0.5,6.0
M8,ratio_tape,hist,-0.5,-0.45,15.0
M8,ratio_tape,hist,-0.45,-0.4,17.0
M8,ratio_tape,hist,-0.4,-0.35,28.0
M8,ratio_tape,hist,-0.35,-0.3,25.0
M8,ratio_tape,hist,-0.3,-0.25,31.0
M8,ratio_tape,hist,-0.25,-0.2,34.0
M8,ratio_tape,hist,-0.2,-0.15,47.0
M8,ratio_tape,hist,-0.15,-0.1,94.0
M8,ratio_tape,hist,-0.1,-0.05,119.0
M8,ratio_tape,hist,-0.05,0.0,387.0
M8,ratio_tape,hist,0.0,0.05,722.0
M8,ratio_tape,hist,0.05,0.1,118.0
M8,ratio_tape,hist,0.1,0.15,55.0
M8,ratio_tape,hist,0.15,0.2,36.0
M8,ratio_tape,hist,0.2,0.25,26.0
M8,ratio_tape,hist,0.25,0.3,41.0
M8,ratio_tape,hist,0.3,0.35,30.0
M8,ratio_tape,hist,0.35,0.4,30.0
M8,ratio_tape,hist,0.4,0.45,33.0
M8,ratio_tape,hist,0.45,0.5,39.0
M8,ratio_tape,hist,0.5,0.55,34.0
M8,ratio_tape,hist,0.55,0.6,61.0
M8,ratio_tape,hist,0.6,0.65,106.0
M8,ratio_tape,hist,0.65,0.7,158.0
M8,ratio_tape,hist,0.7,0.75,201.0
M8,ratio_tape,hist,0.75,0.8,62.0
M8,ratio_tape,hist,0.8,0.85,138.0
M8,ratio_tape,hist,0.85,0.9,130.0
M8,ratio_tape,hist,0.9,0.95,135.0
M8,ratio_tape,hist,0.95,1.0,409.0
M8,ratio_tape,hist,1.0,1.05,284.0
M8,ratio_tape,hist,1.05,1.1,0.0
M8,ratio_tape,hist,1.1,1.15,0.0
M8,ratio_tape,hist,1.15,1.2,0.0
M8,ratio_tape,hist,1.2,1.25,0.0
M8,ratio_tape,hist,1.25,1.3,0.0
M8,ratio_tape,hist,1.3,1.35,0.0
M8,ratio_tape,hist,1.35,1.4,0.0
M8,ratio_tape,hist,1.4,1.45,0.0
M8,ratio_tape,hist,1.45,1.5,0.0
M8,ratio_tape,hist,1.5,1.55,0.0
M8,ratio_tape,hist,1.55,1.6,0.0
M8,ratio_tape,hist,1.6,1.65,0.0
M8,ratio_tape,hist,1.65,1.7,0.0
M8,ratio_tape,hist,1.7,1.75,0.0
M8,ratio_tape,hist,1.75,1.8,0.0
M8,ratio_tape,hist,1.8,1.85,0.0
M8,ratio_tape,hist,1.85,1.9,0.0
M8,ratio_tape,hist,1.9,1.95,0.0
M8,ratio_tape,hist,1.95,2.0,0.0
M8,ratio_tape,hist,2.0,inf,0.0
all,ratio_tape,n,,,19999.0
all,ratio_tape,share_le_0,0.0,,0.4208210410520526
all,ratio_tape,quantile,0.01,,-52.61887903278661
all,ratio_tape,quantile,0.05,,-9.634609899698374
all,ratio_tape,quantile,0.1,,-3.3384955258596682
all,ratio_tape,quantile,0.25,,-0.27955789931221453
all,ratio_tape,quantile,0.5,,0.03403281826875784
all,ratio_tape,quantile,0.75,,0.6459891652186074
all,ratio_tape,quantile,0.9,,0.9795809734568682
all,ratio_tape,quantile,0.95,,0.9999999999999847
all,ratio_tape,quantile,0.99,,1.0000000000012121
all,ratio_tape,hist,-inf,-1.0,3214.0
all,ratio_tape,hist,-1.0,-0.95,61.0
all,ratio_tape,hist,-0.95,-0.9,62.0
all,ratio_tape,hist,-0.9,-0.85,50.0
all,ratio_tape,hist,-0.85,-0.8,59.0
all,ratio_tape,hist,-0.8,-0.75,76.0
all,ratio_tape,hist,-0.75,-0.7,84.0
all,ratio_tape,hist,-0.7,-0.65,107.0
all,ratio_tape,hist,-0.65,-0.6,119.0
all,ratio_tape,hist,-0.6,-0.55,125.0
all,ratio_tape,hist,-0.55,-0.5,147.0
all,ratio_tape,hist,-0.5,-0.45,141.0
all,ratio_tape,hist,-0.45,-0.4,189.0
all,ratio_tape,hist,-0.4,-0.35,225.0
all,ratio_tape,hist,-0.35,-0.3,220.0
all,ratio_tape,hist,-0.3,-0.25,260.0
all,ratio_tape,hist,-0.25,-0.2,230.0
all,ratio_tape,hist,-0.2,-0.15,344.0
all,ratio_tape,hist,-0.15,-0.1,428.0
all,ratio_tape,hist,-0.1,-0.05,708.0
all,ratio_tape,hist,-0.05,0.0,1567.0
all,ratio_tape,hist,0.0,0.05,2137.0
all,ratio_tape,hist,0.05,0.1,834.0
all,ratio_tape,hist,0.1,0.15,672.0
all,ratio_tape,hist,0.15,0.2,487.0
all,ratio_tape,hist,0.2,0.25,478.0
all,ratio_tape,hist,0.25,0.3,302.0
all,ratio_tape,hist,0.3,0.35,258.0
all,ratio_tape,hist,0.35,0.4,233.0
all,ratio_tape,hist,0.4,0.45,226.0
all,ratio_tape,hist,0.45,0.5,237.0
all,ratio_tape,hist,0.5,0.55,202.0
all,ratio_tape,hist,0.55,0.6,217.0
all,ratio_tape,hist,0.6,0.65,320.0
all,ratio_tape,hist,0.65,0.7,452.0
all,ratio_tape,hist,0.7,0.75,537.0
all,ratio_tape,hist,0.75,0.8,314.0
all,ratio_tape,hist,0.8,0.85,380.0
all,ratio_tape,hist,0.85,0.9,399.0
all,ratio_tape,hist,0.9,0.95,488.0
all,ratio_tape,hist,0.95,1.0,1568.0
all,ratio_tape,hist,1.0,1.05,842.0
all,ratio_tape,hist,1.05,1.1,0.0
all,ratio_tape,hist,1.1,1.15,0.0
all,ratio_tape,hist,1.15,1.2,0.0
all,ratio_tape,hist,1.2,1.25,0.0
all,ratio_tape,hist,1.25,1.3,0.0
all,ratio_tape,hist,1.3,1.35,0.0
all,ratio_tape,hist,1.35,1.4,0.0
all,ratio_tape,hist,1.4,1.45,0.0
all,ratio_tape,hist,1.45,1.5,0.0
all,ratio_tape,hist,1.5,1.55,0.0
all,ratio_tape,hist,1.55,1.6,0.0
all,ratio_tape,hist,1.6,1.65,0.0
all,ratio_tape,hist,1.65,1.7,0.0
all,ratio_tape,hist,1.7,1.75,0.0
all,ratio_tape,hist,1.75,1.8,0.0
all,ratio_tape,hist,1.8,1.85,0.0
all,ratio_tape,hist,1.85,1.9,0.0
all,ratio_tape,hist,1.9,1.95,0.0
all,ratio_tape,hist,1.95,2.0,0.0
all,ratio_tape,hist,2.0,inf,0.0
M10,ratio_mm,n,,,3341.0
M10,ratio_mm,share_le_0,0.0,,0.44268183178689013
M10,ratio_mm,quantile,0.01,,-80.67212865041995
M10,ratio_mm,quantile,0.05,,-14.938442196834245
M10,ratio_mm,quantile,0.1,,-5.371489546425202
M10,ratio_mm,quantile,0.25,,-0.3463247815316716
M10,ratio_mm,quantile,0.5,,0.017392635211641673
M10,ratio_mm,quantile,0.75,,0.35646725753928227
M10,ratio_mm,quantile,0.9,,0.6698162033638554
M10,ratio_mm,quantile,0.95,,0.9382193843528143
M10,ratio_mm,quantile,0.99,,1.000000000000011
M10,ratio_mm,hist,-inf,-1.0,673.0
M10,ratio_mm,hist,-1.0,-0.95,9.0
M10,ratio_mm,hist,-0.95,-0.9,10.0
M10,ratio_mm,hist,-0.9,-0.85,5.0
M10,ratio_mm,hist,-0.85,-0.8,13.0
M10,ratio_mm,hist,-0.8,-0.75,12.0
M10,ratio_mm,hist,-0.75,-0.7,4.0
M10,ratio_mm,hist,-0.7,-0.65,15.0
M10,ratio_mm,hist,-0.65,-0.6,14.0
M10,ratio_mm,hist,-0.6,-0.55,15.0
M10,ratio_mm,hist,-0.55,-0.5,16.0
M10,ratio_mm,hist,-0.5,-0.45,14.0
M10,ratio_mm,hist,-0.45,-0.4,18.0
M10,ratio_mm,hist,-0.4,-0.35,17.0
M10,ratio_mm,hist,-0.35,-0.3,25.0
M10,ratio_mm,hist,-0.3,-0.25,40.0
M10,ratio_mm,hist,-0.25,-0.2,43.0
M10,ratio_mm,hist,-0.2,-0.15,45.0
M10,ratio_mm,hist,-0.15,-0.1,64.0
M10,ratio_mm,hist,-0.1,-0.05,85.0
M10,ratio_mm,hist,-0.05,0.0,342.0
M10,ratio_mm,hist,0.0,0.05,499.0
M10,ratio_mm,hist,0.05,0.1,110.0
M10,ratio_mm,hist,0.1,0.15,44.0
M10,ratio_mm,hist,0.15,0.2,29.0
M10,ratio_mm,hist,0.2,0.25,62.0
M10,ratio_mm,hist,0.25,0.3,130.0
M10,ratio_mm,hist,0.3,0.35,142.0
M10,ratio_mm,hist,0.35,0.4,91.0
M10,ratio_mm,hist,0.4,0.45,203.0
M10,ratio_mm,hist,0.45,0.5,145.0
M10,ratio_mm,hist,0.5,0.55,7.0
M10,ratio_mm,hist,0.55,0.6,18.0
M10,ratio_mm,hist,0.6,0.65,34.0
M10,ratio_mm,hist,0.65,0.7,42.0
M10,ratio_mm,hist,0.7,0.75,36.0
M10,ratio_mm,hist,0.75,0.8,32.0
M10,ratio_mm,hist,0.8,0.85,26.0
M10,ratio_mm,hist,0.85,0.9,28.0
M10,ratio_mm,hist,0.9,0.95,30.0
M10,ratio_mm,hist,0.95,1.0,104.0
M10,ratio_mm,hist,1.0,1.05,50.0
M10,ratio_mm,hist,1.05,1.1,0.0
M10,ratio_mm,hist,1.1,1.15,0.0
M10,ratio_mm,hist,1.15,1.2,0.0
M10,ratio_mm,hist,1.2,1.25,0.0
M10,ratio_mm,hist,1.25,1.3,0.0
M10,ratio_mm,hist,1.3,1.35,0.0
M10,ratio_mm,hist,1.35,1.4,0.0
M10,ratio_mm,hist,1.4,1.45,0.0
M10,ratio_mm,hist,1.45,1.5,0.0
M10,ratio_mm,hist,1.5,1.55,0.0
M10,ratio_mm,hist,1.55,1.6,0.0
M10,ratio_mm,hist,1.6,1.65,0.0
M10,ratio_mm,hist,1.65,1.7,0.0
M10,ratio_mm,hist,1.7,1.75,0.0
M10,ratio_mm,hist,1.75,1.8,0.0
M10,ratio_mm,hist,1.8,1.85,0.0
M10,ratio_mm,hist,1.85,1.9,0.0
M10,ratio_mm,hist,1.9,1.95,0.0
M10,ratio_mm,hist,1.95,2.0,0.0
M10,ratio_mm,hist,2.0,inf,0.0
M3,ratio_mm,n,,,6398.0
M3,ratio_mm,share_le_0,0.0,,0.5054704595185996
M3,ratio_mm,quantile,0.01,,-9.976844217089923
M3,ratio_mm,quantile,0.05,,-3.198266213738352
M3,ratio_mm,quantile,0.1,,-1.4516768561925555
M3,ratio_mm,quantile,0.25,,-0.3028218905643385
M3,ratio_mm,quantile,0.5,,-0.0018710473234115957
M3,ratio_mm,quantile,0.75,,0.11211011957689021
M3,ratio_mm,quantile,0.9,,0.3591219583583867
M3,ratio_mm,quantile,0.95,,0.45030967290114376
M3,ratio_mm,quantile,0.99,,0.8268863099342212
M3,ratio_mm,hist,-inf,-1.0,842.0
M3,ratio_mm,hist,-1.0,-0.95,31.0
M3,ratio_mm,hist,-0.95,-0.9,29.0
M3,ratio_mm,hist,-0.9,-0.85,33.0
M3,ratio_mm,hist,-0.85,-0.8,38.0
M3,ratio_mm,hist,-0.8,-0.75,46.0
M3,ratio_mm,hist,-0.75,-0.7,37.0
M3,ratio_mm,hist,-0.7,-0.65,43.0
M3,ratio_mm,hist,-0.65,-0.6,51.0
M3,ratio_mm,hist,-0.6,-0.55,64.0
M3,ratio_mm,hist,-0.55,-0.5,57.0
M3,ratio_mm,hist,-0.5,-0.45,80.0
M3,ratio_mm,hist,-0.45,-0.4,66.0
M3,ratio_mm,hist,-0.4,-0.35,101.0
M3,ratio_mm,hist,-0.35,-0.3,88.0
M3,ratio_mm,hist,-0.3,-0.25,92.0
M3,ratio_mm,hist,-0.25,-0.2,161.0
M3,ratio_mm,hist,-0.2,-0.15,186.0
M3,ratio_mm,hist,-0.15,-0.1,185.0
M3,ratio_mm,hist,-0.1,-0.05,296.0
M3,ratio_mm,hist,-0.05,0.0,708.0
M3,ratio_mm,hist,0.0,0.05,856.0
M3,ratio_mm,hist,0.05,0.1,571.0
M3,ratio_mm,hist,0.1,0.15,428.0
M3,ratio_mm,hist,0.15,0.2,241.0
M3,ratio_mm,hist,0.2,0.25,187.0
M3,ratio_mm,hist,0.25,0.3,109.0
M3,ratio_mm,hist,0.3,0.35,112.0
M3,ratio_mm,hist,0.35,0.4,149.0
M3,ratio_mm,hist,0.4,0.45,190.0
M3,ratio_mm,hist,0.45,0.5,173.0
M3,ratio_mm,hist,0.5,0.55,33.0
M3,ratio_mm,hist,0.55,0.6,12.0
M3,ratio_mm,hist,0.6,0.65,12.0
M3,ratio_mm,hist,0.65,0.7,7.0
M3,ratio_mm,hist,0.7,0.75,6.0
M3,ratio_mm,hist,0.75,0.8,5.0
M3,ratio_mm,hist,0.8,0.85,22.0
M3,ratio_mm,hist,0.85,0.9,7.0
M3,ratio_mm,hist,0.9,0.95,13.0
M3,ratio_mm,hist,0.95,1.0,22.0
M3,ratio_mm,hist,1.0,1.05,9.0
M3,ratio_mm,hist,1.05,1.1,0.0
M3,ratio_mm,hist,1.1,1.15,0.0
M3,ratio_mm,hist,1.15,1.2,0.0
M3,ratio_mm,hist,1.2,1.25,0.0
M3,ratio_mm,hist,1.25,1.3,0.0
M3,ratio_mm,hist,1.3,1.35,0.0
M3,ratio_mm,hist,1.35,1.4,0.0
M3,ratio_mm,hist,1.4,1.45,0.0
M3,ratio_mm,hist,1.45,1.5,0.0
M3,ratio_mm,hist,1.5,1.55,0.0
M3,ratio_mm,hist,1.55,1.6,0.0
M3,ratio_mm,hist,1.6,1.65,0.0
M3,ratio_mm,hist,1.65,1.7,0.0
M3,ratio_mm,hist,1.7,1.75,0.0
M3,ratio_mm,hist,1.75,1.8,0.0
M3,ratio_mm,hist,1.8,1.85,0.0
M3,ratio_mm,hist,1.85,1.9,0.0
M3,ratio_mm,hist,1.9,1.95,0.0
M3,ratio_mm,hist,1.95,2.0,0.0
M3,ratio_mm,hist,2.0,inf,0.0
M5,ratio_mm,n,,,5942.0
M5,ratio_mm,share_le_0,0.0,,0.4390777515987883
M5,ratio_mm,quantile,0.01,,-19.225498549631165
M5,ratio_mm,quantile,0.05,,-5.605528003490114
M5,ratio_mm,quantile,0.1,,-1.6098211557047548
M5,ratio_mm,quantile,0.25,,-0.17971994672577168
M5,ratio_mm,quantile,0.5,,0.032478536870517404
M5,ratio_mm,quantile,0.75,,0.3494544787160837
M5,ratio_mm,quantile,0.9,,0.6538273438642024
M5,ratio_mm,quantile,0.95,,0.913795349390384
M5,ratio_mm,quantile,0.99,,1.000000000000913
M5,ratio_mm,hist,-inf,-1.0,727.0
M5,ratio_mm,hist,-1.0,-0.95,12.0
M5,ratio_mm,hist,-0.95,-0.9,17.0
M5,ratio_mm,hist,-0.9,-0.85,24.0
M5,ratio_mm,hist,-0.85,-0.8,13.0
M5,ratio_mm,hist,-0.8,-0.75,24.0
M5,ratio_mm,hist,-0.75,-0.7,32.0
M5,ratio_mm,hist,-0.7,-0.65,35.0
M5,ratio_mm,hist,-0.65,-0.6,21.0
M5,ratio_mm,hist,-0.6,-0.55,37.0
M5,ratio_mm,hist,-0.55,-0.5,30.0
M5,ratio_mm,hist,-0.5,-0.45,47.0
M5,ratio_mm,hist,-0.45,-0.4,63.0
M5,ratio_mm,hist,-0.4,-0.35,49.0
M5,ratio_mm,hist,-0.35,-0.3,72.0
M5,ratio_mm,hist,-0.3,-0.25,115.0
M5,ratio_mm,hist,-0.25,-0.2,114.0
M5,ratio_mm,hist,-0.2,-0.15,157.0
M5,ratio_mm,hist,-0.15,-0.1,225.0
M5,ratio_mm,hist,-0.1,-0.05,281.0
M5,ratio_mm,hist,-0.05,0.0,514.0
M5,ratio_mm,hist,0.0,0.05,511.0
M5,ratio_mm,hist,0.05,0.1,326.0
M5,ratio_mm,hist,0.1,0.15,245.0
M5,ratio_mm,hist,0.15,0.2,154.0
M5,ratio_mm,hist,0.2,0.25,204.0
M5,ratio_mm,hist,0.25,0.3,168.0
M5,ratio_mm,hist,0.3,0.35,240.0
M5,ratio_mm,hist,0.35,0.4,223.0
M5,ratio_mm,hist,0.4,0.45,433.0
M5,ratio_mm,hist,0.45,0.5,154.0
M5,ratio_mm,hist,0.5,0.55,22.0
M5,ratio_mm,hist,0.55,0.6,24.0
M5,ratio_mm,hist,0.6,0.65,29.0
M5,ratio_mm,hist,0.65,0.7,42.0
M5,ratio_mm,hist,0.7,0.75,69.0
M5,ratio_mm,hist,0.75,0.8,43.0
M5,ratio_mm,hist,0.8,0.85,67.0
M5,ratio_mm,hist,0.85,0.9,67.0
M5,ratio_mm,hist,0.9,0.95,55.0
M5,ratio_mm,hist,0.95,1.0,147.0
M5,ratio_mm,hist,1.0,1.05,110.0
M5,ratio_mm,hist,1.05,1.1,0.0
M5,ratio_mm,hist,1.1,1.15,0.0
M5,ratio_mm,hist,1.15,1.2,0.0
M5,ratio_mm,hist,1.2,1.25,0.0
M5,ratio_mm,hist,1.25,1.3,0.0
M5,ratio_mm,hist,1.3,1.35,0.0
M5,ratio_mm,hist,1.35,1.4,0.0
M5,ratio_mm,hist,1.4,1.45,0.0
M5,ratio_mm,hist,1.45,1.5,0.0
M5,ratio_mm,hist,1.5,1.55,0.0
M5,ratio_mm,hist,1.55,1.6,0.0
M5,ratio_mm,hist,1.6,1.65,0.0
M5,ratio_mm,hist,1.65,1.7,0.0
M5,ratio_mm,hist,1.7,1.75,0.0
M5,ratio_mm,hist,1.75,1.8,0.0
M5,ratio_mm,hist,1.8,1.85,0.0
M5,ratio_mm,hist,1.85,1.9,0.0
M5,ratio_mm,hist,1.9,1.95,0.0
M5,ratio_mm,hist,1.95,2.0,0.0
M5,ratio_mm,hist,2.0,inf,0.0
M8,ratio_mm,n,,,4296.0
M8,ratio_mm,share_le_0,0.0,,0.3563780260707635
M8,ratio_mm,quantile,0.01,,-77.61819129180292
M8,ratio_mm,quantile,0.05,,-14.606535980386687
M8,ratio_mm,quantile,0.1,,-3.4273122112739496
M8,ratio_mm,quantile,0.25,,-0.05526685615530038
M8,ratio_mm,quantile,0.5,,0.0336844970996132
M8,ratio_mm,quantile,0.75,,0.7936921232377729
M8,ratio_mm,quantile,0.9,,0.9999999999999343
M8,ratio_mm,quantile,0.95,,1.0000000000000113
M8,ratio_mm,quantile,0.99,,1.006194963777166
M8,ratio_mm,hist,-inf,-1.0,578.0
M8,ratio_mm,hist,-1.0,-0.95,7.0
M8,ratio_mm,hist,-0.95,-0.9,4.0
M8,ratio_mm,hist,-0.9,-0.85,5.0
M8,ratio_mm,hist,-0.85,-0.8,9.0
M8,ratio_mm,hist,-0.8,-0.75,3.0
M8,ratio_mm,hist,-0.75,-0.7,5.0
M8,ratio_mm,hist,-0.7,-0.65,5.0
M8,ratio_mm,hist,-0.65,-0.6,11.0
M8,ratio_mm,hist,-0.6,-0.55,5.0
M8,ratio_mm,hist,-0.55,-0.5,11.0
M8,ratio_mm,hist,-0.5,-0.45,23.0
M8,ratio_mm,hist,-0.45,-0.4,18.0
M8,ratio_mm,hist,-0.4,-0.35,29.0
M8,ratio_mm,hist,-0.35,-0.3,23.0
M8,ratio_mm,hist,-0.3,-0.25,37.0
M8,ratio_mm,hist,-0.25,-0.2,35.0
M8,ratio_mm,hist,-0.2,-0.15,50.0
M8,ratio_mm,hist,-0.15,-0.1,95.0
M8,ratio_mm,hist,-0.1,-0.05,135.0
M8,ratio_mm,hist,-0.05,0.0,443.0
M8,ratio_mm,hist,0.0,0.05,680.0
M8,ratio_mm,hist,0.05,0.1,98.0
M8,ratio_mm,hist,0.1,0.15,39.0
M8,ratio_mm,hist,0.15,0.2,42.0
M8,ratio_mm,hist,0.2,0.25,30.0
M8,ratio_mm,hist,0.25,0.3,46.0
M8,ratio_mm,hist,0.3,0.35,29.0
M8,ratio_mm,hist,0.35,0.4,30.0
M8,ratio_mm,hist,0.4,0.45,37.0
M8,ratio_mm,hist,0.45,0.5,42.0
M8,ratio_mm,hist,0.5,0.55,40.0
M8,ratio_mm,hist,0.55,0.6,54.0
M8,ratio_mm,hist,0.6,0.65,121.0
M8,ratio_mm,hist,0.65,0.7,152.0
M8,ratio_mm,hist,0.7,0.75,196.0
M8,ratio_mm,hist,0.75,0.8,63.0
M8,ratio_mm,hist,0.8,0.85,120.0
M8,ratio_mm,hist,0.85,0.9,121.0
M8,ratio_mm,hist,0.9,0.95,121.0
M8,ratio_mm,hist,0.95,1.0,400.0
M8,ratio_mm,hist,1.0,1.05,303.0
M8,ratio_mm,hist,1.05,1.1,1.0
M8,ratio_mm,hist,1.1,1.15,0.0
M8,ratio_mm,hist,1.15,1.2,0.0
M8,ratio_mm,hist,1.2,1.25,0.0
M8,ratio_mm,hist,1.25,1.3,0.0
M8,ratio_mm,hist,1.3,1.35,0.0
M8,ratio_mm,hist,1.35,1.4,0.0
M8,ratio_mm,hist,1.4,1.45,0.0
M8,ratio_mm,hist,1.45,1.5,0.0
M8,ratio_mm,hist,1.5,1.55,0.0
M8,ratio_mm,hist,1.55,1.6,0.0
M8,ratio_mm,hist,1.6,1.65,0.0
M8,ratio_mm,hist,1.65,1.7,0.0
M8,ratio_mm,hist,1.7,1.75,0.0
M8,ratio_mm,hist,1.75,1.8,0.0
M8,ratio_mm,hist,1.8,1.85,0.0
M8,ratio_mm,hist,1.85,1.9,0.0
M8,ratio_mm,hist,1.9,1.95,0.0
M8,ratio_mm,hist,1.95,2.0,0.0
M8,ratio_mm,hist,2.0,inf,0.0
all,ratio_mm,n,,,19977.0
all,ratio_mm,share_le_0,0.0,,0.44315963357861543
all,ratio_mm,quantile,0.01,,-37.02409214650614
all,ratio_mm,quantile,0.05,,-6.70585066561909
all,ratio_mm,quantile,0.1,,-2.2469008178505576
all,ratio_mm,quantile,0.25,,-0.2062363970748945
all,ratio_mm,quantile,0.5,,0.018956035390212313
all,ratio_mm,quantile,0.75,,0.32893211989749543
all,ratio_mm,quantile,0.9,,0.7432353226568132
all,ratio_mm,quantile,0.95,,0.9748135107926477
all,ratio_mm,quantile,0.99,,1.0000000000002707
all,ratio_mm,hist,-inf,-1.0,2820.0
all,ratio_mm,hist,-1.0,-0.95,59.0
all,ratio_mm,hist,-0.95,-0.9,60.0
all,ratio_mm,hist,-0.9,-0.85,67.0
all,ratio_mm,hist,-0.85,-0.8,73.0
all,ratio_mm,hist,-0.8,-0.75,85.0
all,ratio_mm,hist,-0.75,-0.7,78.0
all,ratio_mm,hist,-0.7,-0.65,98.0
all,ratio_mm,hist,-0.65,-0.6,97.0
all,ratio_mm,hist,-0.6,-0.55,121.0
all,ratio_mm,hist,-0.55,-0.5,114.0
all,ratio_mm,hist,-0.5,-0.45,164.0
all,ratio_mm,hist,-0.45,-0.4,165.0
all,ratio_mm,hist,-0.4,-0.35,196.0
all,ratio_mm,hist,-0.35,-0.3,208.0
all,ratio_mm,hist,-0.3,-0.25,284.0
all,ratio_mm,hist,-0.25,-0.2,353.0
all,ratio_mm,hist,-0.2,-0.15,438.0
all,ratio_mm,hist,-0.15,-0.1,569.0
all,ratio_mm,hist,-0.1,-0.05,797.0
all,ratio_mm,hist,-0.05,0.0,2007.0
all,ratio_mm,hist,0.0,0.05,2546.0
all,ratio_mm,hist,0.05,0.1,1105.0
all,ratio_mm,hist,0.1,0.15,756.0
all,ratio_mm,hist,0.15,0.2,466.0
all,ratio_mm,hist,0.2,0.25,483.0
all,ratio_mm,hist,0.25,0.3,453.0
all,ratio_mm,hist,0.3,0.35,523.0
all,ratio_mm,hist,0.35,0.4,493.0
all,ratio_mm,hist,0.4,0.45,863.0
all,ratio_mm,hist,0.45,0.5,514.0
all,ratio_mm,hist,0.5,0.55,102.0
all,ratio_mm,hist,0.55,0.6,108.0
all,ratio_mm,hist,0.6,0.65,196.0
all,ratio_mm,hist,0.65,0.7,243.0
all,ratio_mm,hist,0.7,0.75,307.0
all,ratio_mm,hist,0.75,0.8,143.0
all,ratio_mm,hist,0.8,0.85,235.0
all,ratio_mm,hist,0.85,0.9,223.0
all,ratio_mm,hist,0.9,0.95,219.0
all,ratio_mm,hist,0.95,1.0,673.0
all,ratio_mm,hist,1.0,1.05,472.0
all,ratio_mm,hist,1.05,1.1,1.0
all,ratio_mm,hist,1.1,1.15,0.0
all,ratio_mm,hist,1.15,1.2,0.0
all,ratio_mm,hist,1.2,1.25,0.0
all,ratio_mm,hist,1.25,1.3,0.0
all,ratio_mm,hist,1.3,1.35,0.0
all,ratio_mm,hist,1.35,1.4,0.0
all,ratio_mm,hist,1.4,1.45,0.0
all,ratio_mm,hist,1.45,1.5,0.0
all,ratio_mm,hist,1.5,1.55,0.0
all,ratio_mm,hist,1.55,1.6,0.0
all,ratio_mm,hist,1.6,1.65,0.0
all,ratio_mm,hist,1.65,1.7,0.0
all,ratio_mm,hist,1.7,1.75,0.0
all,ratio_mm,hist,1.75,1.8,0.0
all,ratio_mm,hist,1.8,1.85,0.0
all,ratio_mm,hist,1.85,1.9,0.0
all,ratio_mm,hist,1.9,1.95,0.0
all,ratio_mm,hist,1.95,2.0,0.0
all,ratio_mm,hist,2.0,inf,0.0
