key,value,printed
x_lo,1e-13,
x_hi,0.1,
revert_cases,0,
revert_rows,0,
vol_age_max_s,1112.0,
fwd_age_max_s,1100.0,
vol_limit_s,1200.0,
fwd_limit_s,3600.0,
pm2_window_fills,353655,
spot_age_max_s,1161.0,
spot_limit_s,180.0,
spot_stale_fills,17,
books,26,
maker_days,20,
feed_sentence_holds,True,"In the PM2 window no fill uses a volatility feed older than 1\,200~seconds or a forward feed older than 3\,600~seconds, the feed ages the validation allows; 17 fills use a spot price older than the heartbeat of the spot feed (180 seconds) and stay in the sample."
capital_path,data/p2/derived/capital.parquet,
