ccy,side,cell,manager,regime,ratio,row,jitter,row_label,row_median,row_n,printed_n
BTC,sell,BTC|sell|00-10|<=2d,sm,pooled,0.9947709353478227,0,-0.18,SM BTC,0.9433034750136767,29,29
BTC,sell,BTC|sell|00-10|2-7d,sm,pooled,1.313207240472174,0,0.042492235949962154,SM BTC,0.9433034750136767,29,29
BTC,sell,BTC|sell|00-10|7-30d,sm,pooled,1.3821849842286686,0,-0.09501552810007567,SM BTC,0.9433034750136767,29,29
BTC,sell,BTC|sell|00-10|30-90d,sm,pooled,1.4508252103205062,0,0.12747670784988652,SM BTC,0.9433034750136767,29,29
BTC,sell,BTC|sell|00-10|>90d,sm,pooled,1.6795055211626844,0,-0.01003105620015135,SM BTC,0.9433034750136767,29,29
BTC,sell,BTC|sell|10-25|<=2d,sm,pooled,0.8604185477300448,0,-0.14753882025018916,SM BTC,0.9433034750136767,29,29
BTC,sell,BTC|sell|10-25|2-7d,sm,pooled,1.06787741734378,0,0.07495341569977299,SM BTC,0.9433034750136767,29,29
BTC,sell,BTC|sell|10-25|7-30d,sm,pooled,1.1382660744876285,0,-0.06255434835026484,SM BTC,0.9433034750136767,29,29
BTC,sell,BTC|sell|10-25|30-90d,sm,pooled,1.2864417372432535,0,0.1599378875996973,SM BTC,0.9433034750136767,29,29
BTC,sell,BTC|sell|10-25|>90d,sm,pooled,1.3462629566785373,0,0.02243012354965948,SM BTC,0.9433034750136767,29,29
BTC,sell,BTC|sell|25-40|<=2d,sm,pooled,0.8552235869295509,0,-0.11507764050037834,SM BTC,0.9433034750136767,29,29
BTC,sell,BTC|sell|25-40|2-7d,sm,pooled,0.9433034750136767,0,0.10741459544958382,SM BTC,0.9433034750136767,29,29
BTC,sell,BTC|sell|25-40|7-30d,sm,pooled,0.9536729666580723,0,-0.030093168600454023,SM BTC,0.9433034750136767,29,29
BTC,sell,BTC|sell|25-40|30-90d,sm,pooled,1.1241665926875166,0,-0.16760093265049186,SM BTC,0.9433034750136767,29,29
BTC,sell,BTC|sell|25-40|>90d,sm,pooled,0.9738901123244733,0,0.05489130329947031,SM BTC,0.9433034750136767,29,29
BTC,sell,BTC|sell|40-60|<=2d,sm,pooled,0.8689351436060271,0,-0.08261646075056753,SM BTC,0.9433034750136767,29,29
BTC,sell,BTC|sell|40-60|2-7d,sm,pooled,0.941005057381264,0,0.13987577519939465,SM BTC,0.9433034750136767,29,29
BTC,sell,BTC|sell|40-60|7-30d,sm,pooled,0.9419238464720877,0,0.002368011149356808,SM BTC,0.9433034750136767,29,29
BTC,sell,BTC|sell|40-60|30-90d,sm,pooled,0.9919806695631128,0,-0.13513975290068103,SM BTC,0.9433034750136767,29,29
BTC,sell,BTC|sell|40-60|>90d,sm,pooled,0.8893614835518956,0,0.08735248304928112,SM BTC,0.9433034750136767,29,29
BTC,sell,BTC|sell|60-75|<=2d,sm,pooled,0.8637994017288856,0,-0.050155281000756696,SM BTC,0.9433034750136767,29,29
BTC,sell,BTC|sell|60-75|2-7d,sm,pooled,0.874531252252541,0,0.17233695494920548,SM BTC,0.9433034750136767,29,29
BTC,sell,BTC|sell|60-75|7-30d,sm,pooled,0.9030435028009034,0,0.03482919089916764,SM BTC,0.9433034750136767,29,29
BTC,sell,BTC|sell|60-75|30-90d,sm,pooled,0.9459075480543021,0,-0.1026785731508702,SM BTC,0.9433034750136767,29,29
BTC,sell,BTC|sell|75-90|<=2d,sm,pooled,0.8477390270447758,0,-0.017694101250945865,SM BTC,0.9433034750136767,29,29
BTC,sell,BTC|sell|75-90|2-7d,sm,pooled,0.8952904048690605,0,-0.1552018653009837,SM BTC,0.9433034750136767,29,29
BTC,sell,BTC|sell|75-90|7-30d,sm,pooled,0.9020744939261461,0,0.06729037064897908,SM BTC,0.9433034750136767,29,29
BTC,sell,BTC|sell|75-90|30-90d,sm,pooled,0.9066320482585063,0,-0.07021739340105938,SM BTC,0.9433034750136767,29,29
BTC,sell,BTC|sell|90-100|<=2d,sm,pooled,0.8520078156408085,0,0.014767078498864938,SM BTC,0.9433034750136767,29,29
BTC,sell,BTC|sell|00-10|2-7d,sm,R4,2.2952634411424744,1,0.042492235949962154,R4,1.398241527700785,6,6
BTC,sell,BTC|sell|00-10|7-30d,sm,R4,2.0216190792763937,1,-0.09501552810007567,R4,1.398241527700785,6,6
BTC,sell,BTC|sell|00-10|<=2d,sm,R4,1.455344331622805,1,-0.18,R4,1.398241527700785,6,6
BTC,sell,BTC|sell|10-25|2-7d,sm,R4,1.3411387237787649,1,0.07495341569977299,R4,1.398241527700785,6,6
BTC,sell,BTC|sell|10-25|<=2d,sm,R4,1.1369877337950567,1,-0.14753882025018916,R4,1.398241527700785,6,6
BTC,sell,BTC|sell|40-60|7-30d,sm,R4,1.21153075972744,1,0.002368011149356808,R4,1.398241527700785,6,6
ETH,sell,ETH|sell|00-10|<=2d,sm,pooled,1.0128033630705422,2,-0.18,SM ETH,0.9017610051517273,34,34
ETH,sell,ETH|sell|00-10|2-7d,sm,pooled,1.2447285935371046,2,0.042492235949962154,SM ETH,0.9017610051517273,34,34
ETH,sell,ETH|sell|00-10|7-30d,sm,pooled,1.3421757542495598,2,-0.09501552810007567,SM ETH,0.9017610051517273,34,34
ETH,sell,ETH|sell|00-10|30-90d,sm,pooled,1.6065461773485592,2,0.12747670784988652,SM ETH,0.9017610051517273,34,34
ETH,sell,ETH|sell|00-10|>90d,sm,pooled,1.849006062778821,2,-0.01003105620015135,SM ETH,0.9017610051517273,34,34
ETH,sell,ETH|sell|10-25|<=2d,sm,pooled,0.8770695466210474,2,-0.14753882025018916,SM ETH,0.9017610051517273,34,34
ETH,sell,ETH|sell|10-25|2-7d,sm,pooled,1.0040351507332048,2,0.07495341569977299,SM ETH,0.9017610051517273,34,34
ETH,sell,ETH|sell|10-25|7-30d,sm,pooled,1.1111524379749502,2,-0.06255434835026484,SM ETH,0.9017610051517273,34,34
ETH,sell,ETH|sell|10-25|30-90d,sm,pooled,1.204267407473092,2,0.1599378875996973,SM ETH,0.9017610051517273,34,34
ETH,sell,ETH|sell|10-25|>90d,sm,pooled,1.4460759239481722,2,0.02243012354965948,SM ETH,0.9017610051517273,34,34
ETH,sell,ETH|sell|25-40|<=2d,sm,pooled,0.8437465649241758,2,-0.11507764050037834,SM ETH,0.9017610051517273,34,34
ETH,sell,ETH|sell|25-40|2-7d,sm,pooled,0.8847392412546036,2,0.10741459544958382,SM ETH,0.9017610051517273,34,34
ETH,sell,ETH|sell|25-40|7-30d,sm,pooled,0.9638033969440073,2,-0.030093168600454023,SM ETH,0.9017610051517273,34,34
ETH,sell,ETH|sell|25-40|30-90d,sm,pooled,0.9937098161736533,2,-0.16760093265049186,SM ETH,0.9017610051517273,34,34
ETH,sell,ETH|sell|25-40|>90d,sm,pooled,0.9786097913005406,2,0.05489130329947031,SM ETH,0.9017610051517273,34,34
ETH,sell,ETH|sell|40-60|<=2d,sm,pooled,0.8686171001083057,2,-0.08261646075056753,SM ETH,0.9017610051517273,34,34
ETH,sell,ETH|sell|40-60|2-7d,sm,pooled,0.9019231971208052,2,0.13987577519939465,SM ETH,0.9017610051517273,34,34
ETH,sell,ETH|sell|40-60|7-30d,sm,pooled,0.9439658317380603,2,0.002368011149356808,SM ETH,0.9017610051517273,34,34
ETH,sell,ETH|sell|40-60|30-90d,sm,pooled,0.9042467525219928,2,-0.13513975290068103,SM ETH,0.9017610051517273,34,34
ETH,sell,ETH|sell|40-60|>90d,sm,pooled,0.8295363958413532,2,0.08735248304928112,SM ETH,0.9017610051517273,34,34
ETH,sell,ETH|sell|60-75|<=2d,sm,pooled,0.8570582006358659,2,-0.050155281000756696,SM ETH,0.9017610051517273,34,34
ETH,sell,ETH|sell|60-75|2-7d,sm,pooled,0.8811696287932083,2,0.17233695494920548,SM ETH,0.9017610051517273,34,34
ETH,sell,ETH|sell|60-75|7-30d,sm,pooled,0.9032846138499592,2,0.03482919089916764,SM ETH,0.9017610051517273,34,34
ETH,sell,ETH|sell|60-75|30-90d,sm,pooled,0.9031162546595488,2,-0.1026785731508702,SM ETH,0.9017610051517273,34,34
ETH,sell,ETH|sell|60-75|>90d,sm,pooled,0.7749212143128801,2,0.11981366279909195,SM ETH,0.9017610051517273,34,34
ETH,sell,ETH|sell|75-90|<=2d,sm,pooled,0.8477592443877665,2,-0.017694101250945865,SM ETH,0.9017610051517273,34,34
ETH,sell,ETH|sell|75-90|2-7d,sm,pooled,0.8659836875722753,2,-0.1552018653009837,SM ETH,0.9017610051517273,34,34
ETH,sell,ETH|sell|75-90|7-30d,sm,pooled,0.8458563238557902,2,0.06729037064897908,SM ETH,0.9017610051517273,34,34
ETH,sell,ETH|sell|75-90|30-90d,sm,pooled,0.8560496130404098,2,-0.07021739340105938,SM ETH,0.9017610051517273,34,34
ETH,sell,ETH|sell|75-90|>90d,sm,pooled,0.772831742462335,2,0.1522748425489021,SM ETH,0.9017610051517273,34,34
ETH,sell,ETH|sell|90-100|<=2d,sm,pooled,0.82291135969988,2,0.014767078498864938,SM ETH,0.9017610051517273,34,34
ETH,sell,ETH|sell|90-100|2-7d,sm,pooled,0.8443295477130116,2,-0.12274068555117224,SM ETH,0.9017610051517273,34,34
ETH,sell,ETH|sell|90-100|7-30d,sm,pooled,0.8300934704101509,2,0.09975155039878925,SM ETH,0.9017610051517273,34,34
ETH,sell,ETH|sell|90-100|30-90d,sm,pooled,0.9015988131826495,2,-0.037756213651249204,SM ETH,0.9017610051517273,34,34
ETH,sell,ETH|sell|00-10|2-7d,sm,R4,1.583187275692127,3,0.042492235949962154,R4,1.1400422456781611,18,18
ETH,sell,ETH|sell|00-10|30-90d,sm,R4,2.6454379518488302,3,0.12747670784988652,R4,1.1400422456781611,18,18
ETH,sell,ETH|sell|00-10|7-30d,sm,R4,1.9239057478106056,3,-0.09501552810007567,R4,1.1400422456781611,18,18
ETH,sell,ETH|sell|00-10|<=2d,sm,R4,1.3917731961364546,3,-0.18,R4,1.1400422456781611,18,18
ETH,sell,ETH|sell|00-10|>90d,sm,R4,1.894382818204829,3,-0.01003105620015135,R4,1.1400422456781611,18,18
ETH,sell,ETH|sell|10-25|2-7d,sm,R4,1.1752702360355953,3,0.07495341569977299,R4,1.1400422456781611,18,18
ETH,sell,ETH|sell|10-25|30-90d,sm,R4,1.6453222714221538,3,0.1599378875996973,R4,1.1400422456781611,18,18
ETH,sell,ETH|sell|10-25|7-30d,sm,R4,1.438250008160278,3,-0.06255434835026484,R4,1.1400422456781611,18,18
ETH,sell,ETH|sell|10-25|<=2d,sm,R4,1.0098715142156662,3,-0.14753882025018916,R4,1.1400422456781611,18,18
ETH,sell,ETH|sell|10-25|>90d,sm,R4,1.5342225102810496,3,0.02243012354965948,R4,1.1400422456781611,18,18
ETH,sell,ETH|sell|25-40|2-7d,sm,R4,1.031280560520002,3,0.10741459544958382,R4,1.1400422456781611,18,18
ETH,sell,ETH|sell|25-40|7-30d,sm,R4,1.101764037461327,3,-0.030093168600454023,R4,1.1400422456781611,18,18
ETH,sell,ETH|sell|25-40|<=2d,sm,R4,0.9568638037409025,3,-0.11507764050037834,R4,1.1400422456781611,18,18
ETH,sell,ETH|sell|25-40|>90d,sm,R4,1.1048142553207267,3,0.05489130329947031,R4,1.1400422456781611,18,18
ETH,sell,ETH|sell|40-60|2-7d,sm,R4,1.0208742074611445,3,0.13987577519939465,R4,1.1400422456781611,18,18
ETH,sell,ETH|sell|40-60|30-90d,sm,R4,1.0466532162104059,3,-0.13513975290068103,R4,1.1400422456781611,18,18
ETH,sell,ETH|sell|40-60|7-30d,sm,R4,1.0833690531248337,3,0.002368011149356808,R4,1.1400422456781611,18,18
ETH,sell,ETH|sell|40-60|<=2d,sm,R4,0.9674764621134933,3,-0.08261646075056753,R4,1.1400422456781611,18,18
HYPE,sell,HYPE|sell|00-10|<=2d,sm,pooled,0.7649311912063022,4,-0.18,SM HYPE,0.8752923695341165,23,23
HYPE,sell,HYPE|sell|00-10|2-7d,sm,pooled,1.0418659901085963,4,0.042492235949962154,SM HYPE,0.8752923695341165,23,23
HYPE,sell,HYPE|sell|00-10|7-30d,sm,pooled,1.2300496276903452,4,-0.09501552810007567,SM HYPE,0.8752923695341165,23,23
HYPE,sell,HYPE|sell|00-10|30-90d,sm,pooled,1.1267776981136466,4,0.12747670784988652,SM HYPE,0.8752923695341165,23,23
HYPE,sell,HYPE|sell|10-25|<=2d,sm,pooled,0.7570856801193038,4,-0.14753882025018916,SM HYPE,0.8752923695341165,23,23
HYPE,sell,HYPE|sell|10-25|2-7d,sm,pooled,0.9702523470830056,4,0.07495341569977299,SM HYPE,0.8752923695341165,23,23
HYPE,sell,HYPE|sell|10-25|7-30d,sm,pooled,0.9228758030654703,4,-0.06255434835026484,SM HYPE,0.8752923695341165,23,23
HYPE,sell,HYPE|sell|10-25|30-90d,sm,pooled,0.965789043267097,4,0.1599378875996973,SM HYPE,0.8752923695341165,23,23
HYPE,sell,HYPE|sell|10-25|>90d,sm,pooled,1.4371933270725141,4,0.02243012354965948,SM HYPE,0.8752923695341165,23,23
HYPE,sell,HYPE|sell|25-40|<=2d,sm,pooled,0.7520319322991664,4,-0.11507764050037834,SM HYPE,0.8752923695341165,23,23
HYPE,sell,HYPE|sell|25-40|2-7d,sm,pooled,0.905681990057318,4,0.10741459544958382,SM HYPE,0.8752923695341165,23,23
HYPE,sell,HYPE|sell|25-40|7-30d,sm,pooled,0.9281865125013327,4,-0.030093168600454023,SM HYPE,0.8752923695341165,23,23
HYPE,sell,HYPE|sell|25-40|30-90d,sm,pooled,0.9895111045465868,4,-0.16760093265049186,SM HYPE,0.8752923695341165,23,23
HYPE,sell,HYPE|sell|25-40|>90d,sm,pooled,0.8577573118954304,4,0.05489130329947031,SM HYPE,0.8752923695341165,23,23
HYPE,sell,HYPE|sell|40-60|<=2d,sm,pooled,0.8515979795251292,4,-0.08261646075056753,SM HYPE,0.8752923695341165,23,23
HYPE,sell,HYPE|sell|40-60|2-7d,sm,pooled,0.9111721491003633,4,0.13987577519939465,SM HYPE,0.8752923695341165,23,23
HYPE,sell,HYPE|sell|40-60|7-30d,sm,pooled,0.8451397402796875,4,0.002368011149356808,SM HYPE,0.8752923695341165,23,23
HYPE,sell,HYPE|sell|40-60|30-90d,sm,pooled,0.7929350606815663,4,-0.13513975290068103,SM HYPE,0.8752923695341165,23,23
HYPE,sell,HYPE|sell|40-60|>90d,sm,pooled,0.7968717753441164,4,0.08735248304928112,SM HYPE,0.8752923695341165,23,23
HYPE,sell,HYPE|sell|60-75|2-7d,sm,pooled,0.8417469874476635,4,0.17233695494920548,SM HYPE,0.8752923695341165,23,23
HYPE,sell,HYPE|sell|60-75|7-30d,sm,pooled,0.8752923695341165,4,0.03482919089916764,SM HYPE,0.8752923695341165,23,23
HYPE,sell,HYPE|sell|75-90|<=2d,sm,pooled,0.7936611576213917,4,-0.017694101250945865,SM HYPE,0.8752923695341165,23,23
HYPE,sell,HYPE|sell|75-90|7-30d,sm,pooled,0.8543793379779222,4,0.06729037064897908,SM HYPE,0.8752923695341165,23,23
HYPE,sell,HYPE|sell|10-25|7-30d,sm,R4,1.4439889092896137,5,-0.06255434835026484,R4,1.4439889092896137,1,1
BTC,sell,BTC|sell|00-10|<=2d,pm,pooled,1.3565645040826944,6,-0.18,legacy BTC,1.382423365603624,29,29
BTC,sell,BTC|sell|00-10|2-7d,pm,pooled,1.2978542082520985,6,0.042492235949962154,legacy BTC,1.382423365603624,29,29
BTC,sell,BTC|sell|00-10|7-30d,pm,pooled,1.1757575288526303,6,-0.09501552810007567,legacy BTC,1.382423365603624,29,29
BTC,sell,BTC|sell|00-10|30-90d,pm,pooled,0.9461869237250567,6,0.12747670784988652,legacy BTC,1.382423365603624,29,29
BTC,sell,BTC|sell|00-10|>90d,pm,pooled,1.2871831175131847,6,-0.01003105620015135,legacy BTC,1.382423365603624,29,29
BTC,sell,BTC|sell|10-25|<=2d,pm,pooled,1.3882553665495792,6,-0.14753882025018916,legacy BTC,1.382423365603624,29,29
BTC,sell,BTC|sell|10-25|2-7d,pm,pooled,1.5303106716213621,6,0.07495341569977299,legacy BTC,1.382423365603624,29,29
BTC,sell,BTC|sell|10-25|7-30d,pm,pooled,1.3850787809462524,6,-0.06255434835026484,legacy BTC,1.382423365603624,29,29
BTC,sell,BTC|sell|10-25|30-90d,pm,pooled,1.3545676092116308,6,0.1599378875996973,legacy BTC,1.382423365603624,29,29
BTC,sell,BTC|sell|10-25|>90d,pm,pooled,1.3331695544983302,6,0.02243012354965948,legacy BTC,1.382423365603624,29,29
BTC,sell,BTC|sell|25-40|<=2d,pm,pooled,1.3770697801340206,6,-0.11507764050037834,legacy BTC,1.382423365603624,29,29
BTC,sell,BTC|sell|25-40|2-7d,pm,pooled,1.471054271776866,6,0.10741459544958382,legacy BTC,1.382423365603624,29,29
BTC,sell,BTC|sell|25-40|7-30d,pm,pooled,1.3893577498178311,6,-0.030093168600454023,legacy BTC,1.382423365603624,29,29
BTC,sell,BTC|sell|25-40|30-90d,pm,pooled,1.5206612738316572,6,-0.16760093265049186,legacy BTC,1.382423365603624,29,29
BTC,sell,BTC|sell|25-40|>90d,pm,pooled,1.3703862790957377,6,0.05489130329947031,legacy BTC,1.382423365603624,29,29
BTC,sell,BTC|sell|40-60|<=2d,pm,pooled,1.3625717844272187,6,-0.08261646075056753,legacy BTC,1.382423365603624,29,29
BTC,sell,BTC|sell|40-60|2-7d,pm,pooled,1.4345504448692037,6,0.13987577519939465,legacy BTC,1.382423365603624,29,29
BTC,sell,BTC|sell|40-60|7-30d,pm,pooled,1.3842424339073307,6,0.002368011149356808,legacy BTC,1.382423365603624,29,29
BTC,sell,BTC|sell|40-60|30-90d,pm,pooled,1.4387223862653966,6,-0.13513975290068103,legacy BTC,1.382423365603624,29,29
BTC,sell,BTC|sell|40-60|>90d,pm,pooled,1.422386429928558,6,0.08735248304928112,legacy BTC,1.382423365603624,29,29
BTC,sell,BTC|sell|60-75|<=2d,pm,pooled,1.3691127915870938,6,-0.050155281000756696,legacy BTC,1.382423365603624,29,29
BTC,sell,BTC|sell|60-75|2-7d,pm,pooled,1.3646209911064553,6,0.17233695494920548,legacy BTC,1.382423365603624,29,29
BTC,sell,BTC|sell|60-75|7-30d,pm,pooled,1.3540860621569035,6,0.03482919089916764,legacy BTC,1.382423365603624,29,29
BTC,sell,BTC|sell|60-75|30-90d,pm,pooled,1.4041164383347668,6,-0.1026785731508702,legacy BTC,1.382423365603624,29,29
BTC,sell,BTC|sell|75-90|<=2d,pm,pooled,1.3582072962849387,6,-0.017694101250945865,legacy BTC,1.382423365603624,29,29
BTC,sell,BTC|sell|75-90|2-7d,pm,pooled,1.4239522284282446,6,-0.1552018653009837,legacy BTC,1.382423365603624,29,29
BTC,sell,BTC|sell|75-90|7-30d,pm,pooled,1.4216318216068182,6,0.06729037064897908,legacy BTC,1.382423365603624,29,29
BTC,sell,BTC|sell|75-90|30-90d,pm,pooled,1.4349078309865795,6,-0.07021739340105938,legacy BTC,1.382423365603624,29,29
BTC,sell,BTC|sell|90-100|<=2d,pm,pooled,1.382423365603624,6,0.014767078498864938,legacy BTC,1.382423365603624,29,29
ETH,sell,ETH|sell|00-10|<=2d,pm,pooled,1.2636419967773451,7,-0.18,legacy ETH,1.3548129978908958,34,34
ETH,sell,ETH|sell|00-10|2-7d,pm,pooled,1.16770814297083,7,0.042492235949962154,legacy ETH,1.3548129978908958,34,34
ETH,sell,ETH|sell|00-10|7-30d,pm,pooled,0.973343472443489,7,-0.09501552810007567,legacy ETH,1.3548129978908958,34,34
ETH,sell,ETH|sell|00-10|30-90d,pm,pooled,1.0572491914783104,7,0.12747670784988652,legacy ETH,1.3548129978908958,34,34
ETH,sell,ETH|sell|00-10|>90d,pm,pooled,1.735849256440843,7,-0.01003105620015135,legacy ETH,1.3548129978908958,34,34
ETH,sell,ETH|sell|10-25|<=2d,pm,pooled,1.3581914339581695,7,-0.14753882025018916,legacy ETH,1.3548129978908958,34,34
ETH,sell,ETH|sell|10-25|2-7d,pm,pooled,1.318992646503875,7,0.07495341569977299,legacy ETH,1.3548129978908958,34,34
ETH,sell,ETH|sell|10-25|7-30d,pm,pooled,1.2757485865023828,7,-0.06255434835026484,legacy ETH,1.3548129978908958,34,34
ETH,sell,ETH|sell|10-25|30-90d,pm,pooled,1.325876298013779,7,0.1599378875996973,legacy ETH,1.3548129978908958,34,34
ETH,sell,ETH|sell|10-25|>90d,pm,pooled,1.6696429066003946,7,0.02243012354965948,legacy ETH,1.3548129978908958,34,34
ETH,sell,ETH|sell|25-40|<=2d,pm,pooled,1.349857976398439,7,-0.11507764050037834,legacy ETH,1.3548129978908958,34,34
ETH,sell,ETH|sell|25-40|2-7d,pm,pooled,1.3644977520959716,7,0.10741459544958382,legacy ETH,1.3548129978908958,34,34
ETH,sell,ETH|sell|25-40|7-30d,pm,pooled,1.3752589224124243,7,-0.030093168600454023,legacy ETH,1.3548129978908958,34,34
ETH,sell,ETH|sell|25-40|30-90d,pm,pooled,1.3705017551050258,7,-0.16760093265049186,legacy ETH,1.3548129978908958,34,34
ETH,sell,ETH|sell|25-40|>90d,pm,pooled,1.488769938008957,7,0.05489130329947031,legacy ETH,1.3548129978908958,34,34
ETH,sell,ETH|sell|40-60|<=2d,pm,pooled,1.3470853568438892,7,-0.08261646075056753,legacy ETH,1.3548129978908958,34,34
ETH,sell,ETH|sell|40-60|2-7d,pm,pooled,1.3557721118638197,7,0.13987577519939465,legacy ETH,1.3548129978908958,34,34
ETH,sell,ETH|sell|40-60|7-30d,pm,pooled,1.3870050436872725,7,0.002368011149356808,legacy ETH,1.3548129978908958,34,34
ETH,sell,ETH|sell|40-60|30-90d,pm,pooled,1.37081143751874,7,-0.13513975290068103,legacy ETH,1.3548129978908958,34,34
ETH,sell,ETH|sell|40-60|>90d,pm,pooled,1.4115721307231213,7,0.08735248304928112,legacy ETH,1.3548129978908958,34,34
ETH,sell,ETH|sell|60-75|<=2d,pm,pooled,1.344775157851623,7,-0.050155281000756696,legacy ETH,1.3548129978908958,34,34
ETH,sell,ETH|sell|60-75|2-7d,pm,pooled,1.3510978410668002,7,0.17233695494920548,legacy ETH,1.3548129978908958,34,34
ETH,sell,ETH|sell|60-75|7-30d,pm,pooled,1.372464981761557,7,0.03482919089916764,legacy ETH,1.3548129978908958,34,34
ETH,sell,ETH|sell|60-75|30-90d,pm,pooled,1.3795690461191106,7,-0.1026785731508702,legacy ETH,1.3548129978908958,34,34
ETH,sell,ETH|sell|60-75|>90d,pm,pooled,1.353853883917972,7,0.11981366279909195,legacy ETH,1.3548129978908958,34,34
ETH,sell,ETH|sell|75-90|<=2d,pm,pooled,1.3576403450266972,7,-0.017694101250945865,legacy ETH,1.3548129978908958,34,34
ETH,sell,ETH|sell|75-90|2-7d,pm,pooled,1.369213818885779,7,-0.1552018653009837,legacy ETH,1.3548129978908958,34,34
ETH,sell,ETH|sell|75-90|7-30d,pm,pooled,1.3468321376824397,7,0.06729037064897908,legacy ETH,1.3548129978908958,34,34
ETH,sell,ETH|sell|75-90|30-90d,pm,pooled,1.3846911219895683,7,-0.07021739340105938,legacy ETH,1.3548129978908958,34,34
ETH,sell,ETH|sell|75-90|>90d,pm,pooled,1.307312533790265,7,0.1522748425489021,legacy ETH,1.3548129978908958,34,34
ETH,sell,ETH|sell|90-100|<=2d,pm,pooled,1.3444712619998849,7,0.014767078498864938,legacy ETH,1.3548129978908958,34,34
ETH,sell,ETH|sell|90-100|2-7d,pm,pooled,1.3730894100223556,7,-0.12274068555117224,legacy ETH,1.3548129978908958,34,34
ETH,sell,ETH|sell|90-100|7-30d,pm,pooled,1.350433229384423,7,0.09975155039878925,legacy ETH,1.3548129978908958,34,34
ETH,sell,ETH|sell|90-100|30-90d,pm,pooled,1.3351157970957315,7,-0.037756213651249204,legacy ETH,1.3548129978908958,34,34
BTC,buy,BTC|buy|00-10|<=2d,sm,pooled,0.9931992263811673,0,-0.18,SM BTC,1.016001966709013,31,31
BTC,buy,BTC|buy|00-10|2-7d,sm,pooled,0.9846626492776127,0,0.042492235949962154,SM BTC,1.016001966709013,31,31
BTC,buy,BTC|buy|00-10|7-30d,sm,pooled,0.9986222616017154,0,-0.09501552810007567,SM BTC,1.016001966709013,31,31
BTC,buy,BTC|buy|00-10|30-90d,sm,pooled,1.0260813870701317,0,0.12747670784988652,SM BTC,1.016001966709013,31,31
BTC,buy,BTC|buy|00-10|>90d,sm,pooled,1.0417582547813518,0,-0.01003105620015135,SM BTC,1.016001966709013,31,31
BTC,buy,BTC|buy|10-25|<=2d,sm,pooled,1.0,0,-0.14753882025018916,SM BTC,1.016001966709013,31,31
BTC,buy,BTC|buy|10-25|2-7d,sm,pooled,1.00000068190597,0,0.07495341569977299,SM BTC,1.016001966709013,31,31
BTC,buy,BTC|buy|10-25|7-30d,sm,pooled,1.0012749018168432,0,-0.06255434835026484,SM BTC,1.016001966709013,31,31
BTC,buy,BTC|buy|10-25|30-90d,sm,pooled,1.0299373756216306,0,0.1599378875996973,SM BTC,1.016001966709013,31,31
BTC,buy,BTC|buy|10-25|>90d,sm,pooled,1.1265170405503526,0,0.02243012354965948,SM BTC,1.016001966709013,31,31
BTC,buy,BTC|buy|25-40|<=2d,sm,pooled,1.000000000000189,0,-0.11507764050037834,SM BTC,1.016001966709013,31,31
BTC,buy,BTC|buy|25-40|2-7d,sm,pooled,1.0000157969163097,0,0.10741459544958382,SM BTC,1.016001966709013,31,31
BTC,buy,BTC|buy|25-40|7-30d,sm,pooled,1.0045790629162976,0,-0.030093168600454023,SM BTC,1.016001966709013,31,31
BTC,buy,BTC|buy|25-40|30-90d,sm,pooled,1.0471870332907143,0,-0.16760093265049186,SM BTC,1.016001966709013,31,31
BTC,buy,BTC|buy|25-40|>90d,sm,pooled,1.256196635813938,0,0.05489130329947031,SM BTC,1.016001966709013,31,31
BTC,buy,BTC|buy|40-60|<=2d,sm,pooled,1.0000000004292278,0,-0.08261646075056753,SM BTC,1.016001966709013,31,31
BTC,buy,BTC|buy|40-60|2-7d,sm,pooled,1.0000380486349307,0,0.13987577519939465,SM BTC,1.016001966709013,31,31
BTC,buy,BTC|buy|40-60|7-30d,sm,pooled,1.0200468794620476,0,0.002368011149356808,SM BTC,1.016001966709013,31,31
BTC,buy,BTC|buy|40-60|30-90d,sm,pooled,1.1453840085465534,0,-0.13513975290068103,SM BTC,1.016001966709013,31,31
BTC,buy,BTC|buy|40-60|>90d,sm,pooled,1.429824984498876,0,0.08735248304928112,SM BTC,1.016001966709013,31,31
BTC,buy,BTC|buy|60-75|<=2d,sm,pooled,1.0000000000139246,0,-0.050155281000756696,SM BTC,1.016001966709013,31,31
BTC,buy,BTC|buy|60-75|2-7d,sm,pooled,1.0005426585936652,0,0.17233695494920548,SM BTC,1.016001966709013,31,31
BTC,buy,BTC|buy|60-75|7-30d,sm,pooled,1.016001966709013,0,0.03482919089916764,SM BTC,1.016001966709013,31,31
BTC,buy,BTC|buy|60-75|30-90d,sm,pooled,1.1740859295836583,0,-0.1026785731508702,SM BTC,1.016001966709013,31,31
BTC,buy,BTC|buy|75-90|<=2d,sm,pooled,1.000000852841706,0,-0.017694101250945865,SM BTC,1.016001966709013,31,31
BTC,buy,BTC|buy|75-90|2-7d,sm,pooled,1.0018955004130239,0,-0.1552018653009837,SM BTC,1.016001966709013,31,31
BTC,buy,BTC|buy|75-90|7-30d,sm,pooled,1.2120323194061355,0,0.06729037064897908,SM BTC,1.016001966709013,31,31
BTC,buy,BTC|buy|75-90|30-90d,sm,pooled,1.4767510001822388,0,-0.07021739340105938,SM BTC,1.016001966709013,31,31
BTC,buy,BTC|buy|90-100|<=2d,sm,pooled,1.0285251407648774,0,0.014767078498864938,SM BTC,1.016001966709013,31,31
BTC,buy,BTC|buy|90-100|2-7d,sm,pooled,1.0393920235158134,0,-0.12274068555117224,SM BTC,1.016001966709013,31,31
BTC,buy,BTC|buy|90-100|7-30d,sm,pooled,1.552335923775711,0,0.09975155039878925,SM BTC,1.016001966709013,31,31
BTC,buy,BTC|buy|00-10|7-30d,sm,R4,0.9971121546426611,1,-0.09501552810007567,R4,1.0000002766514415,3,3
BTC,buy,BTC|buy|10-25|2-7d,sm,R4,1.0000002766514415,1,0.07495341569977299,R4,1.0000002766514415,3,3
BTC,buy,BTC|buy|10-25|7-30d,sm,R4,1.0015183058301191,1,-0.06255434835026484,R4,1.0000002766514415,3,3
ETH,buy,ETH|buy|00-10|<=2d,sm,pooled,0.9464169532198103,2,-0.18,SM ETH,1.0691565454582284,34,34
ETH,buy,ETH|buy|00-10|2-7d,sm,pooled,0.9863679751481977,2,0.042492235949962154,SM ETH,1.0691565454582284,34,34
ETH,buy,ETH|buy|00-10|7-30d,sm,pooled,0.9828370873022718,2,-0.09501552810007567,SM ETH,1.0691565454582284,34,34
ETH,buy,ETH|buy|00-10|30-90d,sm,pooled,1.0040750999091776,2,0.12747670784988652,SM ETH,1.0691565454582284,34,34
ETH,buy,ETH|buy|00-10|>90d,sm,pooled,1.087521335593357,2,-0.01003105620015135,SM ETH,1.0691565454582284,34,34
ETH,buy,ETH|buy|10-25|<=2d,sm,pooled,1.0000000000000004,2,-0.14753882025018916,SM ETH,1.0691565454582284,34,34
ETH,buy,ETH|buy|10-25|2-7d,sm,pooled,1.0000125143706917,2,0.07495341569977299,SM ETH,1.0691565454582284,34,34
ETH,buy,ETH|buy|10-25|7-30d,sm,pooled,1.0059698250512628,2,-0.06255434835026484,SM ETH,1.0691565454582284,34,34
ETH,buy,ETH|buy|10-25|30-90d,sm,pooled,1.067357795544095,2,0.1599378875996973,SM ETH,1.0691565454582284,34,34
ETH,buy,ETH|buy|10-25|>90d,sm,pooled,1.1821107310023073,2,0.02243012354965948,SM ETH,1.0691565454582284,34,34
ETH,buy,ETH|buy|25-40|<=2d,sm,pooled,1.000000000204569,2,-0.11507764050037834,SM ETH,1.0691565454582284,34,34
ETH,buy,ETH|buy|25-40|2-7d,sm,pooled,1.0000430375291633,2,0.10741459544958382,SM ETH,1.0691565454582284,34,34
ETH,buy,ETH|buy|25-40|7-30d,sm,pooled,1.0172573528360758,2,-0.030093168600454023,SM ETH,1.0691565454582284,34,34
ETH,buy,ETH|buy|25-40|30-90d,sm,pooled,1.165652366376842,2,-0.16760093265049186,SM ETH,1.0691565454582284,34,34
ETH,buy,ETH|buy|25-40|>90d,sm,pooled,1.3600567998866164,2,0.05489130329947031,SM ETH,1.0691565454582284,34,34
ETH,buy,ETH|buy|40-60|<=2d,sm,pooled,1.0000000001814493,2,-0.08261646075056753,SM ETH,1.0691565454582284,34,34
ETH,buy,ETH|buy|40-60|2-7d,sm,pooled,1.0001802573937437,2,0.13987577519939465,SM ETH,1.0691565454582284,34,34
ETH,buy,ETH|buy|40-60|7-30d,sm,pooled,1.0712599442559658,2,0.002368011149356808,SM ETH,1.0691565454582284,34,34
ETH,buy,ETH|buy|40-60|30-90d,sm,pooled,1.3099831291342328,2,-0.13513975290068103,SM ETH,1.0691565454582284,34,34
ETH,buy,ETH|buy|40-60|>90d,sm,pooled,1.976234056392008,2,0.08735248304928112,SM ETH,1.0691565454582284,34,34
ETH,buy,ETH|buy|60-75|<=2d,sm,pooled,1.0000745908449964,2,-0.050155281000756696,SM ETH,1.0691565454582284,34,34
ETH,buy,ETH|buy|60-75|2-7d,sm,pooled,1.0034206195842597,2,0.17233695494920548,SM ETH,1.0691565454582284,34,34
ETH,buy,ETH|buy|60-75|7-30d,sm,pooled,1.1352419393597335,2,0.03482919089916764,SM ETH,1.0691565454582284,34,34
ETH,buy,ETH|buy|60-75|30-90d,sm,pooled,1.567639129502538,2,-0.1026785731508702,SM ETH,1.0691565454582284,34,34
ETH,buy,ETH|buy|60-75|>90d,sm,pooled,2.291752292349543,2,0.11981366279909195,SM ETH,1.0691565454582284,34,34
ETH,buy,ETH|buy|75-90|<=2d,sm,pooled,1.000001817360446,2,-0.017694101250945865,SM ETH,1.0691565454582284,34,34
ETH,buy,ETH|buy|75-90|2-7d,sm,pooled,1.0180013588464538,2,-0.1552018653009837,SM ETH,1.0691565454582284,34,34
ETH,buy,ETH|buy|75-90|7-30d,sm,pooled,1.3870003912163158,2,0.06729037064897908,SM ETH,1.0691565454582284,34,34
ETH,buy,ETH|buy|75-90|30-90d,sm,pooled,1.9026994479366106,2,-0.07021739340105938,SM ETH,1.0691565454582284,34,34
ETH,buy,ETH|buy|75-90|>90d,sm,pooled,3.3412068373691644,2,0.1522748425489021,SM ETH,1.0691565454582284,34,34
ETH,buy,ETH|buy|90-100|<=2d,sm,pooled,1.0709552953723616,2,0.014767078498864938,SM ETH,1.0691565454582284,34,34
ETH,buy,ETH|buy|90-100|2-7d,sm,pooled,1.2987550636719989,2,-0.12274068555117224,SM ETH,1.0691565454582284,34,34
ETH,buy,ETH|buy|90-100|7-30d,sm,pooled,1.816549266087338,2,0.09975155039878925,SM ETH,1.0691565454582284,34,34
ETH,buy,ETH|buy|90-100|30-90d,sm,pooled,4.669201273373373,2,-0.037756213651249204,SM ETH,1.0691565454582284,34,34
ETH,buy,ETH|buy|00-10|2-7d,sm,R4,0.9945103236902549,3,0.042492235949962154,R4,1.0000296813290037,14,14
ETH,buy,ETH|buy|00-10|7-30d,sm,R4,0.9953639648938057,3,-0.09501552810007567,R4,1.0000296813290037,14,14
ETH,buy,ETH|buy|00-10|<=2d,sm,R4,0.9459163227255849,3,-0.18,R4,1.0000296813290037,14,14
ETH,buy,ETH|buy|00-10|>90d,sm,R4,1.0887949250797735,3,-0.01003105620015135,R4,1.0000296813290037,14,14
ETH,buy,ETH|buy|10-25|2-7d,sm,R4,1.0000384984307094,3,0.07495341569977299,R4,1.0000296813290037,14,14
ETH,buy,ETH|buy|10-25|30-90d,sm,R4,1.0805906544746324,3,0.1599378875996973,R4,1.0000296813290037,14,14
ETH,buy,ETH|buy|10-25|7-30d,sm,R4,1.0062850507686236,3,-0.06255434835026484,R4,1.0000296813290037,14,14
ETH,buy,ETH|buy|10-25|<=2d,sm,R4,1.000000000000004,3,-0.14753882025018916,R4,1.0000296813290037,14,14
ETH,buy,ETH|buy|25-40|2-7d,sm,R4,1.000020864227298,3,0.10741459544958382,R4,1.0000296813290037,14,14
ETH,buy,ETH|buy|25-40|7-30d,sm,R4,1.012598347595756,3,-0.030093168600454023,R4,1.0000296813290037,14,14
ETH,buy,ETH|buy|25-40|<=2d,sm,R4,1.0000000012008234,3,-0.11507764050037834,R4,1.0000296813290037,14,14
ETH,buy,ETH|buy|40-60|2-7d,sm,R4,1.0007533879828228,3,0.13987577519939465,R4,1.0000296813290037,14,14
ETH,buy,ETH|buy|40-60|7-30d,sm,R4,1.0235324263455547,3,0.002368011149356808,R4,1.0000296813290037,14,14
ETH,buy,ETH|buy|40-60|<=2d,sm,R4,1.0000000000962777,3,-0.08261646075056753,R4,1.0000296813290037,14,14
HYPE,buy,HYPE|buy|00-10|7-30d,sm,pooled,0.8499234941441686,4,-0.09501552810007567,SM HYPE,0.9094270496247467,22,22
HYPE,buy,HYPE|buy|10-25|<=2d,sm,pooled,0.9169023578217202,4,-0.14753882025018916,SM HYPE,0.9094270496247467,22,22
HYPE,buy,HYPE|buy|10-25|2-7d,sm,pooled,0.895644829471392,4,0.07495341569977299,SM HYPE,0.9094270496247467,22,22
HYPE,buy,HYPE|buy|10-25|7-30d,sm,pooled,0.8982875283422388,4,-0.06255434835026484,SM HYPE,0.9094270496247467,22,22
HYPE,buy,HYPE|buy|10-25|30-90d,sm,pooled,0.941835275700521,4,0.1599378875996973,SM HYPE,0.9094270496247467,22,22
HYPE,buy,HYPE|buy|10-25|>90d,sm,pooled,1.0952698589306908,4,0.02243012354965948,SM HYPE,0.9094270496247467,22,22
HYPE,buy,HYPE|buy|25-40|<=2d,sm,pooled,0.8900375859470775,4,-0.11507764050037834,SM HYPE,0.9094270496247467,22,22
HYPE,buy,HYPE|buy|25-40|2-7d,sm,pooled,0.8874023530177712,4,0.10741459544958382,SM HYPE,0.9094270496247467,22,22
HYPE,buy,HYPE|buy|25-40|7-30d,sm,pooled,0.901260273962836,4,-0.030093168600454023,SM HYPE,0.9094270496247467,22,22
HYPE,buy,HYPE|buy|25-40|30-90d,sm,pooled,1.0094874871059807,4,-0.16760093265049186,SM HYPE,0.9094270496247467,22,22
HYPE,buy,HYPE|buy|25-40|>90d,sm,pooled,1.1824851800162677,4,0.05489130329947031,SM HYPE,0.9094270496247467,22,22
HYPE,buy,HYPE|buy|40-60|<=2d,sm,pooled,0.8952283246880541,4,-0.08261646075056753,SM HYPE,0.9094270496247467,22,22
HYPE,buy,HYPE|buy|40-60|2-7d,sm,pooled,0.896023613936537,4,0.13987577519939465,SM HYPE,0.9094270496247467,22,22
HYPE,buy,HYPE|buy|40-60|7-30d,sm,pooled,0.9273345010154396,4,0.002368011149356808,SM HYPE,0.9094270496247467,22,22
HYPE,buy,HYPE|buy|40-60|30-90d,sm,pooled,1.0347744344919092,4,-0.13513975290068103,SM HYPE,0.9094270496247467,22,22
HYPE,buy,HYPE|buy|40-60|>90d,sm,pooled,1.117972911762231,4,0.08735248304928112,SM HYPE,0.9094270496247467,22,22
HYPE,buy,HYPE|buy|60-75|<=2d,sm,pooled,0.8874005766109397,4,-0.050155281000756696,SM HYPE,0.9094270496247467,22,22
HYPE,buy,HYPE|buy|60-75|2-7d,sm,pooled,0.9019517414277731,4,0.17233695494920548,SM HYPE,0.9094270496247467,22,22
HYPE,buy,HYPE|buy|60-75|7-30d,sm,pooled,0.9173404303809027,4,0.03482919089916764,SM HYPE,0.9094270496247467,22,22
HYPE,buy,HYPE|buy|60-75|30-90d,sm,pooled,1.0192543016744766,4,-0.1026785731508702,SM HYPE,0.9094270496247467,22,22
HYPE,buy,HYPE|buy|75-90|<=2d,sm,pooled,0.8801170384761662,4,-0.017694101250945865,SM HYPE,0.9094270496247467,22,22
HYPE,buy,HYPE|buy|75-90|7-30d,sm,pooled,0.9318398295457815,4,0.06729037064897908,SM HYPE,0.9094270496247467,22,22
HYPE,buy,HYPE|buy|10-25|7-30d,sm,R4,1.0039628068470265,5,-0.06255434835026484,R4,1.0039628068470265,3,3
HYPE,buy,HYPE|buy|25-40|7-30d,sm,R4,1.0020024346039644,5,-0.030093168600454023,R4,1.0039628068470265,3,3
HYPE,buy,HYPE|buy|40-60|7-30d,sm,R4,1.0053076812863952,5,0.002368011149356808,R4,1.0039628068470265,3,3
BTC,buy,BTC|buy|00-10|<=2d,pm,pooled,1.1932663366501655,6,-0.18,legacy BTC,1.2631196057536087,31,31
BTC,buy,BTC|buy|00-10|2-7d,pm,pooled,1.2844218523243893,6,0.042492235949962154,legacy BTC,1.2631196057536087,31,31
BTC,buy,BTC|buy|00-10|7-30d,pm,pooled,1.280643442151909,6,-0.09501552810007567,legacy BTC,1.2631196057536087,31,31
BTC,buy,BTC|buy|00-10|30-90d,pm,pooled,1.2771660125155724,6,0.12747670784988652,legacy BTC,1.2631196057536087,31,31
BTC,buy,BTC|buy|00-10|>90d,pm,pooled,1.34143517314497,6,-0.01003105620015135,legacy BTC,1.2631196057536087,31,31
BTC,buy,BTC|buy|10-25|<=2d,pm,pooled,1.2487108801026983,6,-0.14753882025018916,legacy BTC,1.2631196057536087,31,31
BTC,buy,BTC|buy|10-25|2-7d,pm,pooled,1.2753859867408481,6,0.07495341569977299,legacy BTC,1.2631196057536087,31,31
BTC,buy,BTC|buy|10-25|7-30d,pm,pooled,1.2634119363012963,6,-0.06255434835026484,legacy BTC,1.2631196057536087,31,31
BTC,buy,BTC|buy|10-25|30-90d,pm,pooled,1.2736604852236646,6,0.1599378875996973,legacy BTC,1.2631196057536087,31,31
BTC,buy,BTC|buy|10-25|>90d,pm,pooled,1.3054930172781838,6,0.02243012354965948,legacy BTC,1.2631196057536087,31,31
BTC,buy,BTC|buy|25-40|<=2d,pm,pooled,1.2441021295710284,6,-0.11507764050037834,legacy BTC,1.2631196057536087,31,31
BTC,buy,BTC|buy|25-40|2-7d,pm,pooled,1.2517338147978194,6,0.10741459544958382,legacy BTC,1.2631196057536087,31,31
BTC,buy,BTC|buy|25-40|7-30d,pm,pooled,1.2500701529101756,6,-0.030093168600454023,legacy BTC,1.2631196057536087,31,31
BTC,buy,BTC|buy|25-40|30-90d,pm,pooled,1.2496350321217793,6,-0.16760093265049186,legacy BTC,1.2631196057536087,31,31
BTC,buy,BTC|buy|25-40|>90d,pm,pooled,1.255251084375085,6,0.05489130329947031,legacy BTC,1.2631196057536087,31,31
BTC,buy,BTC|buy|40-60|<=2d,pm,pooled,1.2449517275003705,6,-0.08261646075056753,legacy BTC,1.2631196057536087,31,31
BTC,buy,BTC|buy|40-60|2-7d,pm,pooled,1.248507952208933,6,0.13987577519939465,legacy BTC,1.2631196057536087,31,31
BTC,buy,BTC|buy|40-60|7-30d,pm,pooled,1.2478749785495395,6,0.002368011149356808,legacy BTC,1.2631196057536087,31,31
BTC,buy,BTC|buy|40-60|30-90d,pm,pooled,1.27464437321086,6,-0.13513975290068103,legacy BTC,1.2631196057536087,31,31
BTC,buy,BTC|buy|40-60|>90d,pm,pooled,1.256152279283605,6,0.08735248304928112,legacy BTC,1.2631196057536087,31,31
BTC,buy,BTC|buy|60-75|<=2d,pm,pooled,1.2545548947851162,6,-0.050155281000756696,legacy BTC,1.2631196057536087,31,31
BTC,buy,BTC|buy|60-75|2-7d,pm,pooled,1.254568781661137,6,0.17233695494920548,legacy BTC,1.2631196057536087,31,31
BTC,buy,BTC|buy|60-75|7-30d,pm,pooled,1.2525448286235294,6,0.03482919089916764,legacy BTC,1.2631196057536087,31,31
BTC,buy,BTC|buy|60-75|30-90d,pm,pooled,1.308732606748129,6,-0.1026785731508702,legacy BTC,1.2631196057536087,31,31
BTC,buy,BTC|buy|75-90|<=2d,pm,pooled,1.2668868324770524,6,-0.017694101250945865,legacy BTC,1.2631196057536087,31,31
BTC,buy,BTC|buy|75-90|2-7d,pm,pooled,1.2594654122681683,6,-0.1552018653009837,legacy BTC,1.2631196057536087,31,31
BTC,buy,BTC|buy|75-90|7-30d,pm,pooled,1.3328445680014243,6,0.06729037064897908,legacy BTC,1.2631196057536087,31,31
BTC,buy,BTC|buy|75-90|30-90d,pm,pooled,1.3794179359966778,6,-0.07021739340105938,legacy BTC,1.2631196057536087,31,31
BTC,buy,BTC|buy|90-100|<=2d,pm,pooled,1.3189633923608455,6,0.014767078498864938,legacy BTC,1.2631196057536087,31,31
BTC,buy,BTC|buy|90-100|2-7d,pm,pooled,1.2631196057536087,6,-0.12274068555117224,legacy BTC,1.2631196057536087,31,31
BTC,buy,BTC|buy|90-100|7-30d,pm,pooled,1.3561348968024245,6,0.09975155039878925,legacy BTC,1.2631196057536087,31,31
ETH,buy,ETH|buy|00-10|<=2d,pm,pooled,1.1909656947339071,7,-0.18,legacy ETH,1.2577344602694018,34,34
ETH,buy,ETH|buy|00-10|2-7d,pm,pooled,1.2709118309493226,7,0.042492235949962154,legacy ETH,1.2577344602694018,34,34
ETH,buy,ETH|buy|00-10|7-30d,pm,pooled,1.2496598569802881,7,-0.09501552810007567,legacy ETH,1.2577344602694018,34,34
ETH,buy,ETH|buy|00-10|30-90d,pm,pooled,1.2467258636621201,7,0.12747670784988652,legacy ETH,1.2577344602694018,34,34
ETH,buy,ETH|buy|00-10|>90d,pm,pooled,1.41581188352175,7,-0.01003105620015135,legacy ETH,1.2577344602694018,34,34
ETH,buy,ETH|buy|10-25|<=2d,pm,pooled,1.2470575699673083,7,-0.14753882025018916,legacy ETH,1.2577344602694018,34,34
ETH,buy,ETH|buy|10-25|2-7d,pm,pooled,1.2677811700475712,7,0.07495341569977299,legacy ETH,1.2577344602694018,34,34
ETH,buy,ETH|buy|10-25|7-30d,pm,pooled,1.2585525058934048,7,-0.06255434835026484,legacy ETH,1.2577344602694018,34,34
ETH,buy,ETH|buy|10-25|30-90d,pm,pooled,1.2521244274160963,7,0.1599378875996973,legacy ETH,1.2577344602694018,34,34
ETH,buy,ETH|buy|10-25|>90d,pm,pooled,1.2717286515686803,7,0.02243012354965948,legacy ETH,1.2577344602694018,34,34
ETH,buy,ETH|buy|25-40|<=2d,pm,pooled,1.2359090564983857,7,-0.11507764050037834,legacy ETH,1.2577344602694018,34,34
ETH,buy,ETH|buy|25-40|2-7d,pm,pooled,1.2514897519681962,7,0.10741459544958382,legacy ETH,1.2577344602694018,34,34
ETH,buy,ETH|buy|25-40|7-30d,pm,pooled,1.2502311079261086,7,-0.030093168600454023,legacy ETH,1.2577344602694018,34,34
ETH,buy,ETH|buy|25-40|30-90d,pm,pooled,1.2487314429710792,7,-0.16760093265049186,legacy ETH,1.2577344602694018,34,34
ETH,buy,ETH|buy|25-40|>90d,pm,pooled,1.2617467250994114,7,0.05489130329947031,legacy ETH,1.2577344602694018,34,34
ETH,buy,ETH|buy|40-60|<=2d,pm,pooled,1.247757938580823,7,-0.08261646075056753,legacy ETH,1.2577344602694018,34,34
ETH,buy,ETH|buy|40-60|2-7d,pm,pooled,1.2492837176320666,7,0.13987577519939465,legacy ETH,1.2577344602694018,34,34
ETH,buy,ETH|buy|40-60|7-30d,pm,pooled,1.2450470641189533,7,0.002368011149356808,legacy ETH,1.2577344602694018,34,34
ETH,buy,ETH|buy|40-60|30-90d,pm,pooled,1.2522857474944684,7,-0.13513975290068103,legacy ETH,1.2577344602694018,34,34
ETH,buy,ETH|buy|40-60|>90d,pm,pooled,1.2932599788549208,7,0.08735248304928112,legacy ETH,1.2577344602694018,34,34
ETH,buy,ETH|buy|60-75|<=2d,pm,pooled,1.2569164146453988,7,-0.050155281000756696,legacy ETH,1.2577344602694018,34,34
ETH,buy,ETH|buy|60-75|2-7d,pm,pooled,1.2522389585507552,7,0.17233695494920548,legacy ETH,1.2577344602694018,34,34
ETH,buy,ETH|buy|60-75|7-30d,pm,pooled,1.2488635377993225,7,0.03482919089916764,legacy ETH,1.2577344602694018,34,34
ETH,buy,ETH|buy|60-75|30-90d,pm,pooled,1.2721366730632324,7,-0.1026785731508702,legacy ETH,1.2577344602694018,34,34
ETH,buy,ETH|buy|60-75|>90d,pm,pooled,1.3370958887709559,7,0.11981366279909195,legacy ETH,1.2577344602694018,34,34
ETH,buy,ETH|buy|75-90|<=2d,pm,pooled,1.2705161256407398,7,-0.017694101250945865,legacy ETH,1.2577344602694018,34,34
ETH,buy,ETH|buy|75-90|2-7d,pm,pooled,1.252647608841919,7,-0.1552018653009837,legacy ETH,1.2577344602694018,34,34
ETH,buy,ETH|buy|75-90|7-30d,pm,pooled,1.2966445953390249,7,0.06729037064897908,legacy ETH,1.2577344602694018,34,34
ETH,buy,ETH|buy|75-90|30-90d,pm,pooled,1.3117414467761297,7,-0.07021739340105938,legacy ETH,1.2577344602694018,34,34
ETH,buy,ETH|buy|75-90|>90d,pm,pooled,1.4375936142076964,7,0.1522748425489021,legacy ETH,1.2577344602694018,34,34
ETH,buy,ETH|buy|90-100|<=2d,pm,pooled,1.261588915676524,7,0.014767078498864938,legacy ETH,1.2577344602694018,34,34
ETH,buy,ETH|buy|90-100|2-7d,pm,pooled,1.2821486184215385,7,-0.12274068555117224,legacy ETH,1.2577344602694018,34,34
ETH,buy,ETH|buy|90-100|7-30d,pm,pooled,1.3480624128066647,7,0.09975155039878925,legacy ETH,1.2577344602694018,34,34
ETH,buy,ETH|buy|90-100|30-90d,pm,pooled,1.4471983830146051,7,-0.037756213651249204,legacy ETH,1.2577344602694018,34,34
