item,kind,ccy,manager,row,is_initial,drawn,block,ts,book,n_legs,K_chain,K_replica,abs_err,rel_err,strip,at_edge,x_plot,jitter,strip_x,value,printed
point,book,BTC,pm,-1,False,False,25739593,1751500801,M2 2025-07-03,3,2177.883696,2177.883701,5.764088201e-06,2.646646472e-09,False,False,2.646646472e-09,0,,,
point,book,BTC,pm,-1,False,False,28461193,1756944001,M2 2025-09-04,10,99978.09301,99978.09314,0.0001339758019,1.340051584e-09,False,False,1.340051584e-09,0,,,
point,book,BTC,pm,-1,False,False,28849993,1757721601,M2 2025-09-13,9,36171.00382,36171.00382,1.278829586e-06,3.535510357e-11,False,False,3.535510357e-11,0,,,
point,book,BTC,pm,-1,False,False,29800393,1759622401,M6 2025-10-05,13,46699.05991,46699.0601,0.0001948672725,4.172830736e-09,False,False,4.172830736e-09,0,,,
point,book,BTC,pm,-1,False,False,36064393,1772150401,M2 2026-02-27,4,1379.292188,1379.292201,1.314225847e-05,9.528262819e-09,False,False,9.528262819e-09,0,,,
point,book,BTC,pm,-1,False,False,36841993,1773705601,M2 2026-03-17,2,350.8000027,350.8000026,6.925301932e-08,1.974145347e-10,False,False,1.974145347e-10,0,,,
point,book,BTC,pm,-1,False,False,37403593,1774828801,M2 2026-03-30,13,21377.11184,21377.11184,1.60644413e-06,7.514785634e-11,False,False,7.514785634e-11,0,,,
point,book,BTC,pm,-1,True,True,25739593,1751500801,M2 2025-07-03,3,2722.964838,2722.964861,2.211587798e-05,8.121984416e-09,False,False,8.121984416e-09,0,,,
point,book,BTC,pm,-1,True,True,28461193,1756944001,M2 2025-09-04,10,124972.6795,124972.6797,0.0001614839857,1.292154304e-09,False,False,1.292154304e-09,0,,,
point,book,BTC,pm,-1,True,True,28849993,1757721601,M2 2025-09-13,9,45218.70575,45218.70576,3.92965012e-06,8.690319757e-11,False,False,8.690319757e-11,0,,,
point,book,BTC,pm,-1,True,True,29800393,1759622401,M6 2025-10-05,13,58374.03461,58374.0348,0.000185018871,3.169540571e-09,False,False,3.169540571e-09,0,,,
point,book,BTC,pm,-1,True,True,36064393,1772150401,M2 2026-02-27,4,1723.450308,1723.450321,1.311264145e-05,7.608366422e-09,False,False,7.608366422e-09,0,,,
point,book,BTC,pm,-1,True,True,36841993,1773705601,M2 2026-03-17,2,438.5327149,438.5327147,1.738620767e-07,3.964631847e-10,False,False,3.964631847e-10,0,,,
point,book,BTC,pm,-1,True,True,37403593,1774828801,M2 2026-03-30,13,26716.34116,26716.34117,5.102680007e-06,1.909947165e-10,False,False,1.909947165e-10,0,,,
point,book,BTC,pm2,-1,False,False,25739593,1751500801,M2 2025-07-03,3,774.22859,774.2285824,7.647252573e-06,9.877254175e-09,False,False,9.877254175e-09,0,,,
point,book,BTC,pm2,-1,False,False,28461193,1756944001,M2 2025-09-04,10,93123.1101,93123.11012,1.98896887e-05,2.135848844e-10,False,False,2.135848844e-10,0,,,
point,book,BTC,pm2,-1,False,False,28849993,1757721601,M2 2025-09-13,9,21655.80318,21655.80317,5.141602742e-06,2.374237843e-10,False,False,2.374237843e-10,0,,,
point,book,BTC,pm2,-1,False,False,29800393,1759622401,M6 2025-10-05,13,31697.52057,31697.52077,0.0002009126256,6.338433478e-09,False,False,6.338433478e-09,0,,,
point,book,BTC,pm2,-1,False,False,36064393,1772150401,M2 2026-02-27,4,939.7980434,939.7980566,1.315851932e-05,1.400143298e-08,False,False,1.400143298e-08,0,,,
point,book,BTC,pm2,-1,False,False,36841993,1773705601,M2 2026-03-17,2,200.8478693,200.8478693,2.374017072e-08,1.181997638e-10,False,False,1.181997638e-10,0,,,
point,book,BTC,pm2,-1,False,False,37403593,1774828801,M2 2026-03-30,13,13268.80681,13268.80681,1.04501305e-06,7.875712303e-11,False,False,7.875712303e-11,0,,,
point,book,BTC,pm2,-1,True,True,25739593,1751500801,M2 2025-07-03,3,1104.370294,1104.3703,5.351223081e-06,4.84549712e-09,False,False,4.84549712e-09,0,,,
point,book,BTC,pm2,-1,True,True,28461193,1756944001,M2 2025-09-04,10,118071.636,118071.636,1.888563565e-05,1.599506562e-10,False,False,1.599506562e-10,0,,,
point,book,BTC,pm2,-1,True,True,28849993,1757721601,M2 2025-09-13,9,27782.90514,27782.90513,9.001378203e-07,3.239898117e-11,False,False,3.239898117e-11,0,,,
point,book,BTC,pm2,-1,True,True,29800393,1759622401,M6 2025-10-05,13,40363.09855,40363.09875,0.0001929649297,4.780726373e-09,False,False,4.780726373e-09,0,,,
point,book,BTC,pm2,-1,True,True,36064393,1772150401,M2 2026-02-27,4,1197.088313,1197.088326,1.314225847e-05,1.09785204e-08,False,False,1.09785204e-08,0,,,
point,book,BTC,pm2,-1,True,True,36841993,1773705601,M2 2026-03-17,2,262.2720518,262.2720517,5.753094001e-08,2.193559688e-10,False,False,2.193559688e-10,0,,,
point,book,BTC,pm2,-1,True,True,37403593,1774828801,M2 2026-03-30,13,17112.34993,17112.34993,1.807660738e-06,1.056348628e-10,False,False,1.056348628e-10,0,,,
point,book,BTC,sm,-1,False,False,25739593,1751500801,M2 2025-07-03,3,638.4673903,638.4673903,0,0,True,False,,0,0,,
point,book,BTC,sm,-1,False,False,28461193,1756944001,M2 2025-09-04,10,111780.5965,111780.5966,3.305920109e-05,2.957508021e-10,False,False,2.957508021e-10,0,,,
point,book,BTC,sm,-1,False,False,28849993,1757721601,M2 2025-09-13,9,51991.3385,51991.33844,5.559148121e-05,1.069245048e-09,False,False,1.069245048e-09,0,,,
point,book,BTC,sm,-1,False,False,29800393,1759622401,M6 2025-10-05,13,52416.28644,52416.2867,0.0002637295111,5.031442114e-09,False,False,5.031442114e-09,0,,,
point,book,BTC,sm,-1,False,False,36064393,1772150401,M2 2026-02-27,4,965.6106101,965.6106263,1.623283265e-05,1.6810951e-08,False,False,1.6810951e-08,0,,,
point,book,BTC,sm,-1,False,False,36841993,1773705601,M2 2026-03-17,2,220.9297982,220.9297982,0,0,True,False,,0,0,,
point,book,BTC,sm,-1,False,False,37403593,1774828801,M2 2026-03-30,13,18387.68409,18387.68405,3.674403706e-05,1.998296081e-09,False,False,1.998296081e-09,0,,,
point,book,BTC,sm,-1,True,True,25739593,1751500801,M2 2025-07-03,3,638.4673903,638.4673903,0,0,True,False,,0,0,,
point,book,BTC,sm,-1,True,True,28461193,1756944001,M2 2025-09-04,10,162590.7874,162590.7875,3.305921564e-05,2.033277295e-10,False,False,2.033277295e-10,0,,,
point,book,BTC,sm,-1,True,True,28849993,1757721601,M2 2025-09-13,9,77854.29923,77854.29917,5.559147394e-05,7.140450109e-10,False,False,7.140450109e-10,0,,,
point,book,BTC,sm,-1,True,True,29800393,1759622401,M6 2025-10-05,13,80593.2887,80593.28896,0.0002637294965,3.272350598e-09,False,False,3.272350598e-09,0,,,
point,book,BTC,sm,-1,True,True,36064393,1772150401,M2 2026-02-27,4,1370.585501,1370.585517,1.623283288e-05,1.184372143e-08,False,False,1.184372143e-08,0,,,
point,book,BTC,sm,-1,True,True,36841993,1773705601,M2 2026-03-17,2,220.9657708,220.9657708,0,0,True,False,,0,0,,
point,book,BTC,sm,-1,True,True,37403593,1774828801,M2 2026-03-30,13,27291.32569,27291.32565,3.674403706e-05,1.346363217e-09,False,False,1.346363217e-09,0,,,
point,book,ETH,pm,-1,False,False,25739593,1751500801,M2 2025-07-03,19,312122.6931,312122.6816,0.01150619972,3.686434846e-08,False,False,3.686434846e-08,0,,,
point,book,ETH,pm,-1,False,False,26171593,1752364801,M4 2025-07-13,127,255391.0501,255391.0516,0.001505847875,5.896243718e-09,False,False,5.896243718e-09,0,,,
point,book,ETH,pm,-1,False,False,27035593,1754092801,M4 2025-08-02,84,114356.8594,114356.8588,0.0006508656079,5.691530976e-09,False,False,5.691530976e-09,0,,,
point,book,ETH,pm,-1,False,False,27165193,1754352001,M1 2025-08-05,75,280117.452,280117.4526,0.0006246359553,2.229907315e-09,False,False,2.229907315e-09,0,,,
point,book,ETH,pm,-1,False,False,28461193,1756944001,M2 2025-09-04,23,595649.3834,595649.3847,0.001238067634,2.078517445e-09,False,False,2.078517445e-09,0,,,
point,book,ETH,pm,-1,False,False,28849993,1757721601,M2 2025-09-13,25,686886.106,686886.1068,0.0008811161388,1.282768906e-09,False,False,1.282768906e-09,0,,,
point,book,ETH,pm,-1,False,False,29195593,1758412801,M4 2025-09-21,126,202904.2026,202904.2029,0.00030653266,1.510726028e-09,False,False,1.510726028e-09,0,,,
point,book,ETH,pm,-1,False,False,31182793,1762387201,M5 2025-11-06,226,949121.3137,949121.3216,0.007895742892,8.319002827e-09,False,False,8.319002827e-09,0,,,
point,book,ETH,pm,-1,False,False,35157193,1770336001,M5 2026-02-06,245,860612.2002,860612.1928,0.007434165105,8.638228813e-09,False,False,8.638228813e-09,0,,,
point,book,ETH,pm,-1,False,False,36064393,1772150401,M2 2026-02-27,4,2135.124101,2135.124099,1.945394615e-06,9.111388954e-10,False,False,9.111388954e-10,0,,,
point,book,ETH,pm,-1,False,False,36712393,1773446401,M2 2026-03-14,6,5837.691034,5837.691036,1.876369424e-06,3.214232157e-10,False,False,3.214232157e-10,0,,,
point,book,ETH,pm,-1,False,False,36841993,1773705601,M2 2026-03-17,14,9738.16882,9738.168878,5.870019595e-05,6.027847436e-09,False,False,6.027847436e-09,0,,,
point,book,ETH,pm,-1,False,False,37403593,1774828801,M2 2026-03-30,14,22896.09809,22896.09807,1.820985926e-05,7.953258757e-10,False,False,7.953258757e-10,0,,,
point,book,ETH,pm,-1,False,False,39865993,1779753601,M5 2026-05-26,177,1353602.266,1353602.275,0.009064020589,6.696221497e-09,False,False,6.696221497e-09,0,,,
point,book,ETH,pm,-1,False,False,41421193,1782864001,M8 2026-07-01,21,44128.59273,44128.59255,0.0001811220209,4.104414161e-09,False,False,4.104414161e-09,0,,,
point,book,ETH,pm,-1,False,False,42457993,1784937601,M8 2026-07-25,21,53341.38897,53341.389,3.64214211e-05,6.827985136e-10,False,False,6.827985136e-10,0,,,
point,book,ETH,pm,-1,False,False,44315593,1788652801,M8 2026-09-06,10,196.3509,196.3509,2.350643058e-08,1.197164392e-10,False,False,1.197164392e-10,0,,,
point,book,ETH,pm,-1,False,False,44661193,1789344001,M8 2026-09-14,10,96.55698892,96.55698892,1.919985948e-09,1.988448449e-11,False,False,1.988448449e-11,0,,,
point,book,ETH,pm,-1,True,True,25739593,1751500801,M2 2025-07-03,19,390172.9665,390172.953,0.01345928363,3.449568469e-08,False,False,3.449568469e-08,0,,,
point,book,ETH,pm,-1,True,True,26171593,1752364801,M4 2025-07-13,127,319127.4274,319127.429,0.001626406098,5.096415909e-09,False,False,5.096415909e-09,0,,,
point,book,ETH,pm,-1,True,True,27035593,1754092801,M4 2025-08-02,84,142915.8623,142915.8618,0.0005442405236,3.80811839e-09,False,False,3.80811839e-09,0,,,
point,book,ETH,pm,-1,True,True,27165193,1754352001,M1 2025-08-05,75,350016.6723,350016.6732,0.0008459477685,2.416878496e-09,False,False,2.416878496e-09,0,,,
point,book,ETH,pm,-1,True,True,28461193,1756944001,M2 2025-09-04,23,744265.0356,744265.037,0.001413392834,1.899045054e-09,False,False,1.899045054e-09,0,,,
point,book,ETH,pm,-1,True,True,28849993,1757721601,M2 2025-09-13,25,858658.098,858658.099,0.000965890009,1.12488313e-09,False,False,1.12488313e-09,0,,,
point,book,ETH,pm,-1,True,True,29195593,1758412801,M4 2025-09-21,126,253653.1556,253653.1562,0.0006548669189,2.58174166e-09,False,False,2.58174166e-09,0,,,
point,book,ETH,pm,-1,True,True,31182793,1762387201,M5 2025-11-06,226,1187478.285,1187478.293,0.00798712112,6.72611973e-09,False,False,6.72611973e-09,0,,,
point,book,ETH,pm,-1,True,True,35157193,1770336001,M5 2026-02-06,245,1075545.964,1075545.954,0.009998294525,9.29601789e-09,False,False,9.29601789e-09,0,,,
point,book,ETH,pm,-1,True,True,36064393,1772150401,M2 2026-02-27,4,2669.73682,2669.736833,1.308912533e-05,4.902777396e-09,False,False,4.902777396e-09,0,,,
point,book,ETH,pm,-1,True,True,36712393,1773446401,M2 2026-03-14,6,7297.186356,7297.186358,1.958569555e-06,2.684006492e-10,False,False,2.684006492e-10,0,,,
point,book,ETH,pm,-1,True,True,36841993,1773705601,M2 2026-03-17,14,12171.68814,12171.68819,5.105558193e-05,4.194617982e-09,False,False,4.194617982e-09,0,,,
point,book,ETH,pm,-1,True,True,37403593,1774828801,M2 2026-03-30,14,28614.22242,28614.22244,1.410353434e-05,4.928854656e-10,False,False,4.928854656e-10,0,,,
point,book,ETH,pm,-1,True,True,39865993,1779753601,M5 2026-05-26,177,1691729.487,1691729.493,0.005510827526,3.257511066e-09,False,False,3.257511066e-09,0,,,
point,book,ETH,pm,-1,True,True,41421193,1782864001,M8 2026-07-01,21,55173.2977,55173.29748,0.0002217729561,4.019570433e-09,False,False,4.019570433e-09,0,,,
point,book,ETH,pm,-1,True,True,42457993,1784937601,M8 2026-07-25,21,66680.4353,66680.43534,4.866757081e-05,7.29862824e-10,False,False,7.29862824e-10,0,,,
point,book,ETH,pm,-1,True,True,44315593,1788652801,M8 2026-09-06,10,245.5505899,245.5505846,5.342488208e-06,2.175717929e-08,False,False,2.175717929e-08,0,,,
point,book,ETH,pm,-1,True,True,44661193,1789344001,M8 2026-09-14,10,121.0217597,121.0217577,2.014408835e-06,1.66450136e-08,False,False,1.66450136e-08,0,,,
point,book,ETH,pm2,-1,False,False,25739593,1751500801,M2 2025-07-03,19,283262.2925,283262.2889,0.003575458773,1.262243111e-08,False,False,1.262243111e-08,0,,,
point,book,ETH,pm2,-1,False,False,26171593,1752364801,M4 2025-07-13,127,160772.9229,160772.9244,0.001527839107,9.50308721e-09,False,False,9.50308721e-09,0,,,
point,book,ETH,pm2,-1,False,False,27035593,1754092801,M4 2025-08-02,84,59238.99006,59238.98934,0.000721123768,1.217312732e-08,False,False,1.217312732e-08,0,,,
point,book,ETH,pm2,-1,False,False,27165193,1754352001,M1 2025-08-05,75,164390.5914,164390.5919,0.0004831240512,2.938878966e-09,False,False,2.938878966e-09,0,,,
point,book,ETH,pm2,-1,False,False,28461193,1756944001,M2 2025-09-04,23,429770.1786,429770.1797,0.001096611144,2.551622236e-09,False,False,2.551622236e-09,0,,,
point,book,ETH,pm2,-1,False,False,28849993,1757721601,M2 2025-09-13,25,489513.2512,489513.252,0.0008058054373,1.646136106e-09,False,False,1.646136106e-09,0,,,
point,book,ETH,pm2,-1,False,False,29195593,1758412801,M4 2025-09-21,126,105462.2891,105462.2891,4.719791468e-05,4.475335695e-10,False,False,4.475335695e-10,0,,,
point,book,ETH,pm2,-1,False,False,31182793,1762387201,M5 2025-11-06,226,588649.2558,588649.2636,0.007792206248,1.323743498e-08,False,False,1.323743498e-08,0,,,
point,book,ETH,pm2,-1,False,False,35157193,1770336001,M5 2026-02-06,245,497738.6871,497738.6816,0.005456395214,1.096236912e-08,False,False,1.096236912e-08,0,,,
point,book,ETH,pm2,-1,False,False,36064393,1772150401,M2 2026-02-27,4,1573.215915,1573.215902,1.357552378e-05,8.629154873e-09,False,False,8.629154873e-09,0,,,
point,book,ETH,pm2,-1,False,False,36712393,1773446401,M2 2026-03-14,6,4341.499674,4341.499676,1.809860805e-06,4.16874569e-10,False,False,4.16874569e-10,0,,,
point,book,ETH,pm2,-1,False,False,36841993,1773705601,M2 2026-03-17,14,6878.901178,6878.901242,6.432217197e-05,9.350646317e-09,False,False,9.350646317e-09,0,,,
point,book,ETH,pm2,-1,False,False,37403593,1774828801,M2 2026-03-30,14,15125.35363,15125.35358,4.387061927e-05,2.900468997e-09,False,False,2.900468997e-09,0,,,
point,book,ETH,pm2,-1,False,False,39865993,1779753601,M5 2026-05-26,177,846422.3524,846422.3638,0.01146110415,1.354064448e-08,False,False,1.354064448e-08,0,,,
point,book,ETH,pm2,-1,False,False,41421193,1782864001,M8 2026-07-01,21,29278.17478,29278.17464,0.0001405640833,4.800985182e-09,False,False,4.800985182e-09,0,,,
point,book,ETH,pm2,-1,False,False,42457993,1784937601,M8 2026-07-25,21,35842.14447,35842.14448,7.456852472e-06,2.080470514e-10,False,False,2.080470514e-10,0,,,
point,book,ETH,pm2,-1,False,False,44315593,1788652801,M8 2026-09-06,10,151.4443136,151.444318,4.353427784e-06,2.874606302e-08,False,False,2.874606302e-08,0,,,
point,book,ETH,pm2,-1,False,False,44661193,1789344001,M8 2026-09-14,10,76.82862762,76.82863088,3.257025412e-06,4.239338269e-08,False,False,4.239338269e-08,0,,,
point,book,ETH,pm2,-1,True,True,25739593,1751500801,M2 2025-07-03,19,360206.7827,360206.7792,0.003555141389,9.869723614e-09,False,False,9.869723614e-09,0,,,
point,book,ETH,pm2,-1,True,True,26171593,1752364801,M4 2025-07-13,127,202652.5332,202652.5349,0.001660916809,8.195884762e-09,False,False,8.195884762e-09,0,,,
point,book,ETH,pm2,-1,True,True,27035593,1754092801,M4 2025-08-02,84,79299.854,79299.85336,0.0006376495003,8.04099211e-09,False,False,8.04099211e-09,0,,,
point,book,ETH,pm2,-1,True,True,27165193,1754352001,M1 2025-08-05,75,214882.0339,214882.0345,0.0006679781363,3.108580668e-09,False,False,3.108580668e-09,0,,,
point,book,ETH,pm2,-1,True,True,28461193,1756944001,M2 2025-09-04,23,544767.3474,544767.3486,0.001239013625,2.2743904e-09,False,False,2.2743904e-09,0,,,
point,book,ETH,pm2,-1,True,True,28849993,1757721601,M2 2025-09-13,25,622195.0213,622195.0221,0.0008727409877,1.402680764e-09,False,False,1.402680764e-09,0,,,
point,book,ETH,pm2,-1,True,True,29195593,1758412801,M4 2025-09-21,126,140068.3593,140068.3596,0.0003308802261,2.362276733e-09,False,False,2.362276733e-09,0,,,
point,book,ETH,pm2,-1,True,True,31182793,1762387201,M5 2025-11-06,226,745028.6849,745028.6927,0.00785743515,1.054648675e-08,False,False,1.054648675e-08,0,,,
point,book,ETH,pm2,-1,True,True,35157193,1770336001,M5 2026-02-06,245,649238.3756,649238.3681,0.007491191616,1.15384301e-08,False,False,1.15384301e-08,0,,,
point,book,ETH,pm2,-1,True,True,36064393,1772150401,M2 2026-02-27,4,2011.786906,2011.786904,1.493488071e-06,7.423689192e-10,False,False,7.423689192e-10,0,,,
point,book,ETH,pm2,-1,True,True,36712393,1773446401,M2 2026-03-14,6,5499.422283,5499.422285,1.876371243e-06,3.411942467e-10,False,False,3.411942467e-10,0,,,
point,book,ETH,pm2,-1,True,True,36841993,1773705601,M2 2026-03-17,14,8753.516214,8753.516272,5.814646101e-05,6.642640465e-09,False,False,6.642640465e-09,0,,,
point,book,ETH,pm2,-1,True,True,37403593,1774828801,M2 2026-03-30,14,19410.20653,19410.20651,1.824762876e-05,9.401048224e-10,False,False,9.401048224e-10,0,,,
point,book,ETH,pm2,-1,True,True,39865993,1779753601,M5 2026-05-26,177,1116482.024,1116482.032,0.008620561101,7.721182174e-09,False,False,7.721182174e-09,0,,,
point,book,ETH,pm2,-1,True,True,41421193,1782864001,M8 2026-07-01,21,37409.50631,37409.50614,0.0001711156729,4.574122723e-09,False,False,4.574122723e-09,0,,,
point,book,ETH,pm2,-1,True,True,42457993,1784937601,M8 2026-07-25,21,45802.65907,45802.65908,1.244147279e-05,2.71632107e-10,False,False,2.71632107e-10,0,,,
point,book,ETH,pm2,-1,True,True,44315593,1788652801,M8 2026-09-06,10,189.6751723,189.6751724,8.026063369e-08,4.231478095e-10,False,False,4.231478095e-10,0,,,
point,book,ETH,pm2,-1,True,True,44661193,1789344001,M8 2026-09-14,10,96.68421833,96.68422039,2.056751114e-06,2.127287317e-08,False,False,2.127287317e-08,0,,,
point,book,ETH,sm,-1,False,False,25739593,1751500801,M2 2025-07-03,19,368230.9866,368230.9828,0.003794572316,1.030486964e-08,False,False,1.030486964e-08,0,,,
point,book,ETH,sm,-1,False,False,26171593,1752364801,M4 2025-07-13,127,809484.5045,809484.5066,0.002069082111,2.556049065e-09,False,False,2.556049065e-09,0,,,
point,book,ETH,sm,-1,False,False,27035593,1754092801,M4 2025-08-02,84,941634.039,941634.0352,0.003738602391,3.970334797e-09,False,False,3.970334797e-09,0,,,
point,book,ETH,sm,-1,False,False,27165193,1754352001,M1 2025-08-05,75,970487.4951,970487.4967,0.0016326888,1.682338833e-09,False,False,1.682338833e-09,0,,,
point,book,ETH,sm,-1,False,False,28461193,1756944001,M2 2025-09-04,23,371326.8327,371326.8333,0.0005806107074,1.563610965e-09,False,False,1.563610965e-09,0,,,
point,book,ETH,sm,-1,False,False,28849993,1757721601,M2 2025-09-13,25,482561.8275,482561.8281,0.0005382257514,1.115350864e-09,False,False,1.115350864e-09,0,,,
point,book,ETH,sm,-1,False,False,29195593,1758412801,M4 2025-09-21,126,1715282.751,1715282.745,0.006610271055,3.853750089e-09,False,False,3.853750089e-09,0,,,
point,book,ETH,sm,-1,False,False,31182793,1762387201,M5 2025-11-06,226,4753833.667,4753833.671,0.00403745845,8.493057882e-10,False,False,8.493057882e-10,0,,,
point,book,ETH,sm,-1,False,False,35157193,1770336001,M5 2026-02-06,245,3678097.949,3678097.968,0.01878996938,5.108610387e-09,False,False,5.108610387e-09,0,,,
point,book,ETH,sm,-1,False,False,36064393,1772150401,M2 2026-02-27,4,945.5484494,945.5484494,0,0,True,False,,0,0,,
point,book,ETH,sm,-1,False,False,36712393,1773446401,M2 2026-03-14,6,4801.015862,4801.015864,1.366204742e-06,2.84565763e-10,False,False,2.84565763e-10,0,,,
point,book,ETH,sm,-1,False,False,36841993,1773705601,M2 2026-03-17,14,18485.49025,18485.49027,1.728666393e-05,9.351477132e-10,False,False,9.351477132e-10,0,,,
point,book,ETH,sm,-1,False,False,37403593,1774828801,M2 2026-03-30,14,43831.92106,43831.92103,3.380738781e-05,7.712960553e-10,False,False,7.712960553e-10,0,,,
point,book,ETH,sm,-1,False,False,39865993,1779753601,M5 2026-05-26,177,2545764.271,2545764.278,0.006260012276,2.458991332e-09,False,False,2.458991332e-09,0,,,
point,book,ETH,sm,-1,False,False,41421193,1782864001,M8 2026-07-01,21,141264.7458,141264.7457,2.486680751e-05,1.760298181e-10,False,False,1.760298181e-10,0,,,
point,book,ETH,sm,-1,False,False,42457993,1784937601,M8 2026-07-25,21,116049.1879,116049.1878,4.700684804e-05,4.050596897e-10,False,False,4.050596897e-10,0,,,
point,book,ETH,sm,-1,False,False,44315593,1788652801,M8 2026-09-06,10,192.8337145,192.8337145,2.842170943e-14,1.473897316e-16,False,True,1e-13,0,,,
point,book,ETH,sm,-1,False,False,44661193,1789344001,M8 2026-09-14,10,92.98670459,92.98670459,0,0,True,False,,0,0,,
point,book,ETH,sm,-1,True,True,25739593,1751500801,M2 2025-07-03,19,559006.596,559006.5922,0.0037945722,6.788063373e-09,False,False,6.788063373e-09,0,,,
point,book,ETH,sm,-1,True,True,26171593,1752364801,M4 2025-07-13,127,942723.6882,942723.6902,0.002069033915,2.19474056e-09,False,False,2.19474056e-09,0,,,
point,book,ETH,sm,-1,True,True,27035593,1754092801,M4 2025-08-02,84,1087521.496,1087521.492,0.003760816297,3.458153528e-09,False,False,3.458153528e-09,0,,,
point,book,ETH,sm,-1,True,True,27165193,1754352001,M1 2025-08-05,75,1278767.244,1278767.246,0.001632689266,1.276768132e-09,False,False,1.276768132e-09,0,,,
point,book,ETH,sm,-1,True,True,28461193,1756944001,M2 2025-09-04,23,587099.7383,587099.7389,0.0005806107074,9.889473109e-10,False,False,9.889473109e-10,0,,,
point,book,ETH,sm,-1,True,True,28849993,1757721601,M2 2025-09-13,25,752820.1383,752820.1388,0.0005382255185,7.149456971e-10,False,False,7.149456971e-10,0,,,
point,book,ETH,sm,-1,True,True,29195593,1758412801,M4 2025-09-21,126,2050387.833,2050387.826,0.006610271521,3.223912772e-09,False,False,3.223912772e-09,0,,,
point,book,ETH,sm,-1,True,True,31182793,1762387201,M5 2025-11-06,226,5289748.872,5289748.876,0.004053761251,7.663428547e-10,False,False,7.663428547e-10,0,,,
point,book,ETH,sm,-1,True,True,35157193,1770336001,M5 2026-02-06,245,4118656.949,4118656.948,0.001083200797,2.62998548e-10,False,False,2.62998548e-10,0,,,
point,book,ETH,sm,-1,True,True,36064393,1772150401,M2 2026-02-27,4,1069.996146,1069.996146,0,0,True,False,,0,0,,
point,book,ETH,sm,-1,True,True,36712393,1773446401,M2 2026-03-14,6,6890.672302,6890.672304,1.366206561e-06,1.982689789e-10,False,False,1.982689789e-10,0,,,
point,book,ETH,sm,-1,True,True,36841993,1773705601,M2 2026-03-17,14,21593.21824,21593.21826,1.728666393e-05,8.005598674e-10,False,False,8.005598674e-10,0,,,
point,book,ETH,sm,-1,True,True,37403593,1774828801,M2 2026-03-30,14,46531.39281,46531.39277,3.380738781e-05,7.265500938e-10,False,False,7.265500938e-10,0,,,
point,book,ETH,sm,-1,True,True,39865993,1779753601,M5 2026-05-26,177,3079481.288,3079481.294,0.006260013208,2.032814173e-09,False,False,2.032814173e-09,0,,,
point,book,ETH,sm,-1,True,True,41421193,1782864001,M8 2026-07-01,21,176821.7091,176821.7091,2.486680751e-05,1.406320956e-10,False,False,1.406320956e-10,0,,,
point,book,ETH,sm,-1,True,True,42457993,1784937601,M8 2026-07-25,21,158178.7697,158178.7697,4.700684804e-05,2.971754561e-10,False,False,2.971754561e-10,0,,,
point,book,ETH,sm,-1,True,True,44315593,1788652801,M8 2026-09-06,10,192.9106739,192.9106739,0,0,True,False,,0,0,,
point,book,ETH,sm,-1,True,True,44661193,1789344001,M8 2026-09-14,10,93.06357429,93.06357429,0,0,True,False,,0,0,,
point,book,HYPE,pm2,-1,False,False,40038793,1780099201,M3 2026-05-30,235,4592631.903,4592631.875,0.0280716829,6.112330249e-09,False,False,6.112330249e-09,0,,,
point,book,HYPE,pm2,-1,True,True,40038793,1780099201,M3 2026-05-30,235,5887012.93,5887012.904,0.02557780594,4.344785079e-09,False,False,4.344785079e-09,0,,,
point,book,HYPE,sm,-1,False,False,40038793,1780099201,M3 2026-05-30,235,15986324.67,15986324.62,0.05028571561,3.14554575e-09,False,False,3.14554575e-09,0,,,
point,book,HYPE,sm,-1,True,True,40038793,1780099201,M3 2026-05-30,235,19494689.97,19494689.92,0.05028571188,2.579456865e-09,False,False,2.579456865e-09,0,,,
books,book,,,,,True,,,,,,,,,,,,,,26,"26 books from 20 maker-days
(BTC 7, ETH 18, HYPE 1)"
maker_days,book,,,,,True,,,,,,,,,,,,,,20,"26 books from 20 maker-days
(BTC 7, ETH 18, HYPE 1)"
books_BTC,book,,,,,True,,,,,,,,,,,,,,7,"26 books from 20 maker-days
(BTC 7, ETH 18, HYPE 1)"
books_ETH,book,,,,,True,,,,,,,,,,,,,,18,"26 books from 20 maker-days
(BTC 7, ETH 18, HYPE 1)"
books_HYPE,book,,,,,True,,,,,,,,,,,,,,1,"26 books from 20 maker-days
(BTC 7, ETH 18, HYPE 1)"
largest_miss_usdc,book,,,,,True,,,,,,,,,,,,,,0.05028571188,"largest miss 0.05 USDC
on K up to 19.5 M USDC"
K_chain_max_usdc,book,,,,,True,,,,,,,,,,,,,,19494689.97,"largest miss 0.05 USDC
on K up to 19.5 M USDC"
threshold,,,median,,,True,,,,,,,,,,,,,,0.001,median bound 0.1 %
threshold,,,p95,,,True,,,,,,,,,,,,,,0.01,p95 bound 1 %
