side,dimension,bucket,n_cells,mean_rank_shift,median_rank_shift,mean_rank_A,mean_rank_B
sell,tenor,<=2d,19,-2.473684210526316,-6.0,109.21052631578948,106.73684210526316
sell,tenor,2-7d,18,0.6111111111111112,-1.5,102.11111111111111,102.72222222222223
sell,tenor,7-30d,19,-2.8421052631578947,-3.0,111.84210526315789,109.0
sell,tenor,30-90d,17,-2.2941176470588234,-2.0,108.3529411764706,106.05882352941177
sell,tenor,>90d,13,6.923076923076923,1.0,101.38461538461539,108.3076923076923
sell,delta,00-10,14,2.357142857142857,1.0,98.71428571428571,101.07142857142857
sell,delta,10-25,15,0.3333333333333333,-2.0,104.86666666666666,105.2
sell,delta,25-40,15,0.5333333333333333,0.0,92.86666666666666,93.4
sell,delta,40-60,15,9.133333333333333,8.0,81.73333333333333,90.86666666666666
sell,delta,60-75,11,-9.0,-11.0,132.0909090909091,123.0909090909091
sell,delta,75-90,11,-8.363636363636363,-13.0,139.8181818181818,131.45454545454547
sell,delta,90-100,5,-6.2,-8.0,126.6,120.4
buy,tenor,<=2d,19,12.052631578947368,1.0,97.26315789473684,109.3157894736842
buy,tenor,2-7d,18,-7.722222222222222,5.0,85.16666666666667,77.44444444444444
buy,tenor,7-30d,20,-5.85,1.5,68.15,62.3
buy,tenor,30-90d,17,-0.17647058823529413,2.0,50.05882352941177,49.88235294117647
buy,tenor,>90d,13,5.3076923076923075,11.0,19.846153846153847,25.153846153846153
buy,delta,00-10,11,-37.27272727272727,-42.0,67.36363636363636,30.09090909090909
buy,delta,10-25,15,-8.2,-15.0,58.4,50.2
buy,delta,25-40,15,6.133333333333334,8.0,63.2,69.33333333333333
buy,delta,40-60,15,13.866666666666667,13.0,80.8,94.66666666666667
buy,delta,60-75,13,7.384615384615385,11.0,82.46153846153847,89.84615384615384
buy,delta,75-90,11,10.818181818181818,12.0,40.18181818181818,51.0
buy,delta,90-100,7,8.142857142857142,1.0,80.28571428571429,88.42857142857143
