frame,day,ts,block,kind,event_id,hold,duration_ms,n_expiries,n_left_out,skipped,banner,K_min_pct,K_median_pct,K_max_pct,pm2_atm_pct,sm_atm_pct,n_nodes
0,2025-06-13,1749801600,24889992,first,,1,250,11,0,,,4.939224503221241,13.949775145007516,18.16771005179411,15.081664998712206,13.89026483378379,703
1,2025-06-18,1750233600,25105992,regular,,1,250,11,0,,,4.956313588701944,13.942294115329254,18.227469941160162,15.078827329532801,13.916928895458577,703
2,2025-06-25,1750838400,25408392,regular,,1,250,11,0,,,4.976684313507198,13.965842628351082,18.04522029382546,15.113046122288988,14.130780476209974,703
3,2025-07-02,1751443200,25710792,regular,,1,250,12,0,,,5.0587309701783765,14.040636535429565,17.710549285459834,15.112373275532171,14.132691133310315,703
4,2025-07-09,1752048000,26013192,regular,,1,250,12,0,,,5.030335298714757,14.0636481484893,17.953014171457855,15.119802514087867,13.962114099228193,703
5,2025-07-16,1752652800,26315592,regular,,1,250,12,0,,,5.178162650398048,13.949518517354697,17.62424419126195,15.10596678385518,13.714537180097322,703
6,2025-07-23,1753257600,26617992,regular,,1,250,12,0,,,5.120645339562202,13.949861041241078,18.00465960959987,15.102825596786488,13.629021677744344,703
7,2025-07-30,1753862400,26920392,regular,,1,250,12,0,,,5.035760167978959,13.956903519946568,18.04170880332295,15.162931624776093,13.775027208896274,703
8,2025-08-06,1754467200,27222792,regular,,1,250,12,0,,,4.931995883329593,14.059791809104059,17.987123418028947,15.187802501567317,13.954117198082502,703
9,2025-08-13,1755072000,27525192,regular,,1,250,12,0,,,4.978915306049978,14.053003941295428,18.014111165071505,15.17230573694291,13.626611706774618,703
10,2025-08-20,1755676800,27827592,regular,,1,250,12,0,,,4.96899172536163,13.96273579665924,17.68277464767902,15.180771427034449,14.018842625113404,703
11,2025-08-27,1756281600,28129992,regular,,1,250,12,0,,,4.941450052477731,13.95545173932666,17.562841455563508,15.150128963708354,13.774805299780642,703
12,2025-09-03,1756886400,28432392,regular,,1,250,11,0,,,4.914899502113466,13.95535742181974,17.541186079846806,15.121311166340366,13.858652229860668,703
13,2025-09-10,1757491200,28734792,regular,,1,250,11,0,,,4.907985636927897,13.9634537765543,17.533877768523176,15.122724807218457,13.77656870746013,703
14,2025-09-17,1758096000,29037192,regular,,1,250,11,0,,,4.986079806839727,13.954221103549878,17.44673779555661,15.174273569565838,13.841647794318714,703
15,2025-09-24,1758700800,29339592,regular,,1,250,13,0,,,4.915366752248805,13.98150223409379,17.555116838219583,15.174629329008186,14.009650676224584,703
16,2025-10-01,1759305600,29641992,regular,,1,250,15,0,,,4.923655578943841,14.039200553324024,17.598428234472934,15.167934600111257,13.892358090903572,703
17,2025-10-08,1759910400,29944392,regular,,1,250,14,0,,,4.965897339779027,13.954294880958294,17.62284729765475,15.105071973810373,13.72686464966053,703
18,2025-10-15,1760515200,30246792,regular,,1,250,14,0,,,4.952079444248567,13.91936938154865,18.07422883250554,15.06833528965206,13.701584585598175,703
19,2025-10-22,1761120000,30549192,regular,,1,250,14,0,,,5.008398059862184,13.874979076691101,18.284997875058636,15.085571608540402,13.667475168775438,703
20,2025-10-29,1761724800,30851592,regular,,1,250,15,0,,,4.997888370413812,13.920715422291014,18.11121277740745,15.077194063445111,13.824196252690994,703
21,2025-11-05,1762329600,31153992,regular,,1,250,15,0,,,5.0039544322394125,13.877392959723474,18.295622397578608,15.076518379348194,13.834184811909992,703
22,2025-11-12,1762934400,31456392,regular,,1,250,15,0,,,5.016742265300084,13.928296267235417,18.267439305807798,15.069654256558174,13.872926332603853,703
23,2025-11-19,1763539200,31758792,regular,,1,250,15,0,,,5.054774455639997,13.86495442173199,18.533065587536363,15.104101386998172,13.6583180822739,703
24,2025-11-26,1764144000,32061192,regular,,1,250,15,0,,,5.110573352377601,13.904729010323406,18.615568629758304,15.088051752583581,13.695259924259908,703
25,2025-12-03,1764748800,32363592,regular,,1,250,14,0,,,5.077244247447279,13.892835503135395,18.441278570428036,15.07907976835078,13.708582130906237,703
26,2025-12-10,1765353600,32665992,regular,,1,250,14,0,,,5.071720058887072,13.887038027856283,18.413032043879397,15.071600658737445,13.81781317536946,703
27,2025-12-17,1765958400,32968392,regular,,1,250,14,0,,,5.0696012192673106,13.921253309408499,18.419615136474878,15.06929508677518,13.918743409156994,703
28,2025-12-24,1766563200,33270792,regular,,1,250,14,0,,,5.040806617609573,13.948863313128747,18.285598548929933,15.070575215287988,13.911514358004892,703
29,2025-12-31,1767168000,33573192,regular,,1,250,13,0,,,4.99555746464274,13.943140769191814,18.1970041148326,15.075384274293748,13.898910004638829,703
30,2026-01-07,1767772800,33875592,regular,,1,250,15,0,,,5.017867031768489,13.925188394106229,18.219795654269454,15.068724448647645,13.791201547715751,703
31,2026-01-08,1767859200,33918792,before,BTC-pm2-20260108,1,250,15,0,,,5.023184670647643,13.922247256956227,18.242046042388598,15.06909801323073,13.87968836572707,703
32,2026-01-09,1767945600,33961992,after,BTC-pm2-20260108,6,1500,15,0,,8 Jan 2026 · margin parameters · straddle +1.6 %,5.028384807456852,14.19565232795931,18.20019070066456,15.366603885811221,13.91192482202981,703
33,2026-01-10,1768032000,34005192,next,BTC-pm2-20260108,1,250,16,0,,,5.023625686291381,14.224945597228277,18.165141447083602,15.377492338999934,13.978732629177202,703
34,2026-01-14,1768377600,34177992,regular,,1,250,15,0,,,5.006302376338266,14.18995180110218,18.143907312827103,15.37001636106682,13.82973004858008,703
35,2026-01-21,1768982400,34480392,regular,,1,250,15,0,,,5.0299763611739925,14.160840316667986,18.200264517067062,15.372657422493216,13.993481216431396,703
36,2026-01-22,1769068800,34523592,before,BTC-pm2-20260123,1,250,15,0,,,5.014425799564146,14.195859922011406,18.13679451001975,15.392069595782543,14.014187041028428,703
37,2026-01-23,1769155200,34566792,after,BTC-pm2-20260123,6,1500,15,0,,23 Jan 2026 · scenario weights · straddle −10 %,4.9884790434843636,14.135212765434837,18.14271189786617,15.402522126355114,14.093987030613665,703
38,2026-01-24,1769241600,34609992,next,BTC-pm2-20260123,1,250,16,0,,,4.985640013036204,14.14370147159654,18.233382704601862,15.412483289560303,14.082286948115293,703
39,2026-01-28,1769587200,34782792,regular,,1,250,15,0,,,4.981274107420645,13.972326266068356,18.12472090331237,15.403671144585505,13.985963357123028,703
40,2026-02-04,1770192000,35085192,regular,,1,250,15,0,,,5.020048456609157,13.441072144687055,18.49837765642439,15.401087433026506,13.65148086997609,703
41,2026-02-11,1770796800,35387592,regular,,1,250,15,0,,,5.201315440314554,13.379114074181263,18.661985487279303,15.479297716866299,13.76432830995622,703
42,2026-02-18,1771401600,35689992,regular,,1,250,15,0,,,5.140806101084873,13.64849492104822,18.583092952022188,15.39598582577199,13.84012844641447,703
43,2026-02-25,1772006400,35992392,regular,,1,250,15,0,,,5.200462890279613,13.494911176175052,18.639518706251916,15.418288780244113,13.86084798824894,703
44,2026-03-04,1772611200,36294792,regular,,1,250,14,0,,,5.188201928473409,13.40544731365959,18.72509926666506,15.457787738759203,13.72335384292611,703
45,2026-03-11,1773216000,36597192,regular,,1,250,14,0,,,5.186268893727965,13.632218859085278,18.82065477505704,15.459441324992028,13.705203870565551,703
46,2026-03-18,1773820800,36899592,regular,,1,250,14,0,,,5.131539795341732,13.577033009666698,18.656284914327898,15.408213858174747,13.865936543109417,703
47,2026-03-25,1774425600,37201992,regular,,1,250,14,0,,,5.170388729569489,13.601609693149639,18.807901577000806,15.416268192609726,13.860385502429743,703
48,2026-04-01,1775030400,37504392,regular,,1,250,15,0,,,5.166266611351688,13.616751441069317,18.809659642822385,15.439683291336157,13.81337192354912,703
49,2026-04-08,1775635200,37806792,regular,,1,250,15,0,,,5.08687375886236,13.836556436985138,18.377990507878096,15.365031430067258,14.013529427061135,703
50,2026-04-15,1776240000,38109192,regular,,1,250,15,0,,,5.052998197293047,13.76892395843198,18.27951423762141,15.365717339025334,14.18358205797958,703
51,2026-04-22,1776844800,38411592,regular,,1,250,15,0,,,5.018513898014811,13.766219939924442,18.085307990726143,15.365842432580491,14.259875267755412,703
52,2026-04-29,1777449600,38713992,regular,,1,250,15,0,,,5.024508788036522,14.00165054564427,17.99191334512656,15.379276414772248,14.320789839708793,703
53,2026-05-06,1778054400,39016392,regular,,1,250,15,0,,,5.012453323645208,14.027712923331958,17.990800070084266,15.384338406599923,14.314972171003271,703
54,2026-05-13,1778659200,39318792,regular,,1,250,15,0,,,5.003219556033694,14.099908369419788,17.973209019858935,15.401824467176041,14.32677705699044,703
55,2026-05-20,1779264000,39621192,regular,,1,250,16,0,,,5.031697815947121,14.040389752112642,18.65510870772091,15.392535996767585,14.340702112258327,740
56,2026-05-23,1779523200,39750792,before,BTC-pm2-20260524,1,250,17,0,,,5.020343907990727,14.0773814259935,18.59278083659319,15.41711097570347,14.263843200384683,740
57,2026-05-24,1779609600,39793992,after,BTC-pm2-20260524,6,1500,16,0,,24 May 2026 · parameter bundle incl. spot grid ±18 % → ±17 % · straddle −7.5 %,4.524446944733925,13.051613780354447,17.20047867474768,14.450835480066075,14.413449646790289,740
58,2026-05-25,1779696000,39837192,next,BTC-pm2-20260524,1,250,16,0,,,4.514606185786373,13.197665208765358,17.14133713419423,14.4953357362661,14.321704924132497,740
59,2026-05-27,1779868800,39923592,regular,,1,250,16,0,,,4.520714259433708,13.078231749296307,17.161190073538044,14.456334599270372,14.388175851733681,740
60,2026-06-03,1780473600,40225992,regular,,1,250,15,0,,,4.550801400698393,12.639687950831629,17.234960481600712,14.363130285469886,14.18469777484524,740
61,2026-06-10,1781078400,40528392,regular,,1,250,15,0,,,4.5854428849489155,12.507980271109577,17.362149501976184,14.35893316186872,14.013127711808261,740
62,2026-06-17,1781683200,40830792,regular,,1,250,15,0,,,4.533993186937108,12.992041063185571,17.070318183575647,14.438201478263295,14.25175016613912,740
63,2026-06-24,1782288000,41133192,regular,,1,250,15,0,,,4.589581045714457,12.841512956499706,17.122962369145675,14.380183580233382,14.266273383681586,740
64,2026-07-01,1782892800,41435592,regular,,1,250,17,0,,,4.574847454740886,12.661540047145618,17.254298965604306,14.357294006956415,14.097793881319767,740
65,2026-07-08,1783497600,41737992,regular,,1,250,16,0,,,4.585945274634596,12.989311713998966,17.194105610949716,14.404227401349534,14.153290744984526,740
66,2026-07-15,1784102400,42040392,regular,,1,250,16,0,,,4.565515263568482,13.046994469821648,17.057643449654176,14.45669995216412,14.245081014770712,740
67,2026-07-22,1784707200,42342792,regular,,1,250,16,0,,,4.555917728041656,12.976093503542362,17.05919811947377,14.422036452567552,14.09664440291991,740
68,2026-07-29,1785312000,42645192,regular,,1,250,16,0,,,4.542029159653698,12.911437182322668,17.003342843108374,14.446812032630632,14.144346957261972,740
69,2026-08-05,1785916800,42947592,regular,,1,250,16,0,,,4.524172490903097,13.281097432759779,16.924454849974204,14.517552065952096,14.156988463137258,740
70,2026-08-12,1786521600,43249992,regular,,1,250,16,0,,,4.52022193098668,13.312862832683468,16.961462087389794,14.478952279320517,14.17868011179494,740
71,2026-08-19,1787126400,43552392,regular,,1,250,16,0,,,4.499576144126895,13.44097610278775,17.079582483593693,14.511156432504022,14.15325492417021,740
72,2026-08-20,1787212800,43595592,before,BTC-pm2-20260820,1,250,16,0,,,4.48213131307195,13.016623270401356,16.942036099030975,14.462385005283418,14.06111485811854,740
73,2026-08-21,1787299200,43638792,after,BTC-pm2-20260820,6,1500,16,0,,20 Aug 2026 · parameter bundle incl. spot grid ±17 % → ±14 % · straddle −23 %,3.408602549950112,9.892427371544828,14.13783707543454,11.477166082308882,14.010155785772048,740
74,2026-08-22,1787385600,43681992,next,BTC-pm2-20260820,1,250,17,0,,,3.4511901687719724,9.995696465941277,14.048551734275225,11.475775374862685,13.913335098568744,740
75,2026-08-26,1787731200,43854792,regular,,1,250,16,0,,,3.442454836478512,10.063277702173945,14.000176080995196,11.47618536597666,14.029638114468025,740
76,2026-09-02,1788336000,44157192,regular,,1,250,15,0,,,3.421010370675914,10.281972006016236,13.907187763414335,11.63861110114491,14.138578473538395,740
77,2026-09-09,1788940800,44459592,regular,,1,250,15,0,,,3.4233579246509747,10.066893887220623,13.935977384086469,11.476091731932238,13.983564590676096,740
78,2026-09-16,1789545600,44761992,regular,,1,250,15,0,,,3.42626286283476,10.062711427548848,13.764204199771688,11.509361150331065,13.98784457723986,740
79,2026-09-17,1789632000,44805192,last,,8,2000,15,0,,,3.4180258422592016,10.447997732586176,13.70401517776222,11.82592716837212,14.080277225304144,740
