event_id,ccy,cell,dose,n_fills,n_valid,n_nonpos,n_nan
BTC-pm-20240612,BTC,BTC|buy|00-10|2-7d,0.0,2,2,0,0
BTC-pm-20240612,BTC,BTC|buy|00-10|30-90d,0.0,19,19,0,0
BTC-pm-20240612,BTC,BTC|buy|00-10|7-30d,0.0,19,19,0,0
BTC-pm-20240612,BTC,BTC|buy|00-10|<=2d,-0.0005150291249426105,11,11,0,0
BTC-pm-20240612,BTC,BTC|buy|10-25|2-7d,0.0,31,31,0,0
BTC-pm-20240612,BTC,BTC|buy|10-25|30-90d,0.0,15,15,0,0
BTC-pm-20240612,BTC,BTC|buy|10-25|7-30d,0.0,25,25,0,0
BTC-pm-20240612,BTC,BTC|buy|10-25|<=2d,-0.0005740514569298595,17,17,0,0
BTC-pm-20240612,BTC,BTC|buy|10-25|>90d,0.0,2,2,0,0
BTC-pm-20240612,BTC,BTC|buy|25-40|2-7d,0.0,11,11,0,0
BTC-pm-20240612,BTC,BTC|buy|25-40|30-90d,0.0,12,12,0,0
BTC-pm-20240612,BTC,BTC|buy|25-40|7-30d,0.0,31,31,0,0
BTC-pm-20240612,BTC,BTC|buy|25-40|<=2d,0.0,18,18,0,0
BTC-pm-20240612,BTC,BTC|buy|25-40|>90d,0.0,2,2,0,0
BTC-pm-20240612,BTC,BTC|buy|40-60|2-7d,0.0,11,11,0,0
BTC-pm-20240612,BTC,BTC|buy|40-60|30-90d,0.0,12,12,0,0
BTC-pm-20240612,BTC,BTC|buy|40-60|7-30d,0.0,9,9,0,0
BTC-pm-20240612,BTC,BTC|buy|40-60|<=2d,0.0,7,7,0,0
BTC-pm-20240612,BTC,BTC|buy|60-75|2-7d,0.0,1,1,0,0
BTC-pm-20240612,BTC,BTC|buy|60-75|30-90d,0.0,5,5,0,0
BTC-pm-20240612,BTC,BTC|buy|60-75|7-30d,0.0,1,1,0,0
BTC-pm-20240612,BTC,BTC|buy|60-75|<=2d,0.0,51,51,0,0
BTC-pm-20240612,BTC,BTC|buy|75-90|30-90d,0.0,1,1,0,0
BTC-pm-20240612,BTC,BTC|buy|75-90|7-30d,0.0,2,2,0,0
BTC-pm-20240612,BTC,BTC|buy|90-100|30-90d,0.0,3,3,0,0
BTC-pm-20240612,BTC,BTC|sell|00-10|2-7d,0.0,13,13,0,0
BTC-pm-20240612,BTC,BTC|sell|00-10|30-90d,0.0,6,6,0,0
BTC-pm-20240612,BTC,BTC|sell|00-10|7-30d,0.0,14,14,0,0
BTC-pm-20240612,BTC,BTC|sell|00-10|<=2d,0.0,15,15,0,0
BTC-pm-20240612,BTC,BTC|sell|10-25|2-7d,0.0,21,21,0,0
BTC-pm-20240612,BTC,BTC|sell|10-25|30-90d,0.0,6,6,0,0
BTC-pm-20240612,BTC,BTC|sell|10-25|7-30d,0.0,19,19,0,0
BTC-pm-20240612,BTC,BTC|sell|10-25|<=2d,0.0,11,11,0,0
BTC-pm-20240612,BTC,BTC|sell|25-40|2-7d,0.0,10,10,0,0
BTC-pm-20240612,BTC,BTC|sell|25-40|30-90d,0.0,16,16,0,0
BTC-pm-20240612,BTC,BTC|sell|25-40|7-30d,0.0,19,19,0,0
BTC-pm-20240612,BTC,BTC|sell|25-40|<=2d,0.0,22,22,0,0
BTC-pm-20240612,BTC,BTC|sell|40-60|2-7d,0.0,7,7,0,0
BTC-pm-20240612,BTC,BTC|sell|40-60|30-90d,0.0,13,13,0,0
BTC-pm-20240612,BTC,BTC|sell|40-60|7-30d,0.0,24,24,0,0
BTC-pm-20240612,BTC,BTC|sell|40-60|<=2d,0.0,17,17,0,0
BTC-pm-20240612,BTC,BTC|sell|60-75|30-90d,0.0,2,2,0,0
BTC-pm-20240612,BTC,BTC|sell|60-75|7-30d,0.0,2,2,0,0
BTC-pm-20240612,BTC,BTC|sell|60-75|<=2d,0.0,15,15,0,0
BTC-pm-20240612,BTC,BTC|sell|60-75|>90d,0.0,1,1,0,0
BTC-pm-20240612,BTC,BTC|sell|75-90|30-90d,0.0,12,12,0,0
BTC-pm-20240612,BTC,BTC|sell|75-90|7-30d,0.0,1,1,0,0
BTC-pm-20240612,BTC,BTC|sell|90-100|30-90d,0.0,30,30,0,0
BTC-pm-20240612,BTC,BTC|sell|90-100|>90d,0.0,1,1,0,0
BTC-pm-20250222,BTC,BTC|buy|00-10|2-7d,-2.4681226504714104e-08,17,17,0,0
BTC-pm-20250222,BTC,BTC|buy|00-10|30-90d,-0.013900024009947012,5,5,0,0
BTC-pm-20250222,BTC,BTC|buy|00-10|7-30d,-2.0284878024979628e-05,13,13,0,0
BTC-pm-20250222,BTC,BTC|buy|00-10|<=2d,0.0,86,86,0,0
BTC-pm-20250222,BTC,BTC|buy|10-25|2-7d,-3.472394221067898e-08,57,57,0,0
BTC-pm-20250222,BTC,BTC|buy|10-25|30-90d,-0.014542212757789063,21,21,0,0
BTC-pm-20250222,BTC,BTC|buy|10-25|7-30d,-0.000584080975765118,100,100,0,0
BTC-pm-20250222,BTC,BTC|buy|10-25|<=2d,0.0,217,217,0,0
BTC-pm-20250222,BTC,BTC|buy|10-25|>90d,-0.043039304108526806,6,6,0,0
BTC-pm-20250222,BTC,BTC|buy|25-40|2-7d,-3.577643650377905e-08,52,52,0,0
BTC-pm-20250222,BTC,BTC|buy|25-40|30-90d,-0.025024928132582412,25,25,0,0
BTC-pm-20250222,BTC,BTC|buy|25-40|7-30d,-0.0009737900886260302,66,66,0,0
BTC-pm-20250222,BTC,BTC|buy|25-40|<=2d,0.0,73,73,0,0
BTC-pm-20250222,BTC,BTC|buy|25-40|>90d,-0.06284022094836414,2,2,0,0
BTC-pm-20250222,BTC,BTC|buy|40-60|2-7d,-1.0883615133220964e-06,57,57,0,0
BTC-pm-20250222,BTC,BTC|buy|40-60|30-90d,-0.03423409678582872,14,14,0,0
BTC-pm-20250222,BTC,BTC|buy|40-60|7-30d,-0.002750264051984801,74,74,0,0
BTC-pm-20250222,BTC,BTC|buy|40-60|<=2d,0.0,73,73,0,0
BTC-pm-20250222,BTC,BTC|buy|40-60|>90d,-0.05161052508821576,4,4,0,0
BTC-pm-20250222,BTC,BTC|buy|60-75|2-7d,-3.885189413696681e-05,30,30,0,0
BTC-pm-20250222,BTC,BTC|buy|60-75|30-90d,-0.05368210064369462,2,2,0,0
BTC-pm-20250222,BTC,BTC|buy|60-75|7-30d,-0.007577584385866301,19,19,0,0
BTC-pm-20250222,BTC,BTC|buy|60-75|<=2d,0.0,11,11,0,0
BTC-pm-20250222,BTC,BTC|buy|60-75|>90d,-0.07193809314987298,2,2,0,0
BTC-pm-20250222,BTC,BTC|buy|75-90|2-7d,-0.0010038778025360383,6,6,0,0
BTC-pm-20250222,BTC,BTC|buy|75-90|30-90d,-0.08043013081930557,1,1,0,0
BTC-pm-20250222,BTC,BTC|buy|75-90|7-30d,-0.027014620116198103,5,5,0,0
BTC-pm-20250222,BTC,BTC|buy|75-90|<=2d,0.0,7,7,0,0
BTC-pm-20250222,BTC,BTC|buy|90-100|2-7d,-0.0059644342561989815,2,2,0,0
BTC-pm-20250222,BTC,BTC|buy|90-100|7-30d,-0.06402298980456395,1,1,0,0
BTC-pm-20250222,BTC,BTC|buy|90-100|<=2d,0.0,6,6,0,0
BTC-pm-20250222,BTC,BTC|sell|00-10|2-7d,-0.20737855687734622,39,39,0,0
BTC-pm-20250222,BTC,BTC|sell|00-10|30-90d,-0.23879456108559444,9,9,0,0
BTC-pm-20250222,BTC,BTC|sell|00-10|7-30d,-0.20363054226560995,19,19,0,0
BTC-pm-20250222,BTC,BTC|sell|00-10|<=2d,-0.164350312302246,198,198,0,0
BTC-pm-20250222,BTC,BTC|sell|00-10|>90d,-0.28263378760998104,2,2,0,0
BTC-pm-20250222,BTC,BTC|sell|10-25|2-7d,-0.15795236926730766,54,54,0,0
BTC-pm-20250222,BTC,BTC|sell|10-25|30-90d,-0.1860919134902274,8,8,0,0
BTC-pm-20250222,BTC,BTC|sell|10-25|7-30d,-0.1683028871117132,45,45,0,0
BTC-pm-20250222,BTC,BTC|sell|10-25|<=2d,-0.1376136261266279,68,68,0,0
BTC-pm-20250222,BTC,BTC|sell|10-25|>90d,-0.20730758671354943,8,8,0,0
BTC-pm-20250222,BTC,BTC|sell|25-40|2-7d,-0.14012944911414812,29,29,0,0
BTC-pm-20250222,BTC,BTC|sell|25-40|30-90d,-0.16532837985549773,7,7,0,0
BTC-pm-20250222,BTC,BTC|sell|25-40|7-30d,-0.15128619351073802,53,53,0,0
BTC-pm-20250222,BTC,BTC|sell|25-40|<=2d,-0.12952950664061297,52,52,0,0
BTC-pm-20250222,BTC,BTC|sell|25-40|>90d,-0.18722208032556553,2,2,0,0
BTC-pm-20250222,BTC,BTC|sell|40-60|2-7d,-0.1321445769697196,78,78,0,0
BTC-pm-20250222,BTC,BTC|sell|40-60|30-90d,-0.1484383831853253,28,28,0,0
BTC-pm-20250222,BTC,BTC|sell|40-60|7-30d,-0.13959461896102116,66,66,0,0
BTC-pm-20250222,BTC,BTC|sell|40-60|<=2d,-0.1263139243894575,84,84,0,0
BTC-pm-20250222,BTC,BTC|sell|40-60|>90d,-0.19948074780504826,1,1,0,0
BTC-pm-20250222,BTC,BTC|sell|60-75|2-7d,-0.12637636163648328,10,10,0,0
BTC-pm-20250222,BTC,BTC|sell|60-75|30-90d,-0.13544059702844533,6,6,0,0
BTC-pm-20250222,BTC,BTC|sell|60-75|7-30d,-0.13036187774825586,8,8,0,0
BTC-pm-20250222,BTC,BTC|sell|60-75|<=2d,-0.12363167465016847,20,20,0,0
BTC-pm-20250222,BTC,BTC|sell|60-75|>90d,-0.15052756387470573,2,2,0,0
BTC-pm-20250222,BTC,BTC|sell|75-90|2-7d,-0.1230684064505743,4,4,0,0
BTC-pm-20250222,BTC,BTC|sell|75-90|7-30d,-0.127683725065226,5,5,0,0
BTC-pm-20250222,BTC,BTC|sell|75-90|<=2d,-0.12163563923058401,17,17,0,0
BTC-pm-20250222,BTC,BTC|sell|90-100|30-90d,-0.1228370515886384,1,1,0,0
BTC-pm-20250222,BTC,BTC|sell|90-100|7-30d,-0.12130815033623336,1,1,0,0
BTC-pm-20250222,BTC,BTC|sell|90-100|<=2d,-0.11988483407085274,9,9,0,0
BTC-pm2-20251010,BTC,BTC|buy|00-10|2-7d,0.0,14,14,0,0
BTC-pm2-20251010,BTC,BTC|buy|00-10|30-90d,0.0,10,10,0,0
BTC-pm2-20251010,BTC,BTC|buy|00-10|7-30d,0.0,24,24,0,0
BTC-pm2-20251010,BTC,BTC|buy|00-10|<=2d,0.0,15,15,0,0
BTC-pm2-20251010,BTC,BTC|buy|00-10|>90d,0.0,1,1,0,0
BTC-pm2-20251010,BTC,BTC|buy|10-25|2-7d,0.0,64,64,0,0
BTC-pm2-20251010,BTC,BTC|buy|10-25|30-90d,0.0,51,51,0,0
BTC-pm2-20251010,BTC,BTC|buy|10-25|7-30d,0.0,70,70,0,0
BTC-pm2-20251010,BTC,BTC|buy|10-25|<=2d,0.0,26,26,0,0
BTC-pm2-20251010,BTC,BTC|buy|10-25|>90d,0.0,3,3,0,0
BTC-pm2-20251010,BTC,BTC|buy|25-40|2-7d,0.0,40,40,0,0
BTC-pm2-20251010,BTC,BTC|buy|25-40|30-90d,0.0,46,46,0,0
BTC-pm2-20251010,BTC,BTC|buy|25-40|7-30d,0.0,98,98,0,0
BTC-pm2-20251010,BTC,BTC|buy|25-40|<=2d,0.0,50,50,0,0
BTC-pm2-20251010,BTC,BTC|buy|25-40|>90d,0.0,4,4,0,0
BTC-pm2-20251010,BTC,BTC|buy|40-60|2-7d,0.0,63,63,0,0
BTC-pm2-20251010,BTC,BTC|buy|40-60|30-90d,0.0,70,70,0,0
BTC-pm2-20251010,BTC,BTC|buy|40-60|7-30d,0.0,129,129,0,0
BTC-pm2-20251010,BTC,BTC|buy|40-60|<=2d,0.0,45,45,0,0
BTC-pm2-20251010,BTC,BTC|buy|60-75|2-7d,0.0,18,18,0,0
BTC-pm2-20251010,BTC,BTC|buy|60-75|30-90d,0.0,11,11,0,0
BTC-pm2-20251010,BTC,BTC|buy|60-75|7-30d,0.0,36,36,0,0
BTC-pm2-20251010,BTC,BTC|buy|60-75|<=2d,0.0,9,9,0,0
BTC-pm2-20251010,BTC,BTC|buy|75-90|2-7d,0.0,6,6,0,0
BTC-pm2-20251010,BTC,BTC|buy|75-90|30-90d,0.0,12,12,0,0
BTC-pm2-20251010,BTC,BTC|buy|75-90|7-30d,0.0,40,40,0,0
BTC-pm2-20251010,BTC,BTC|buy|75-90|<=2d,0.0,7,7,0,0
BTC-pm2-20251010,BTC,BTC|buy|75-90|>90d,0.0,1,1,0,0
BTC-pm2-20251010,BTC,BTC|buy|90-100|2-7d,0.0,2,2,0,0
BTC-pm2-20251010,BTC,BTC|buy|90-100|30-90d,0.0,1,1,0,0
BTC-pm2-20251010,BTC,BTC|buy|90-100|7-30d,0.0,3,3,0,0
BTC-pm2-20251010,BTC,BTC|buy|90-100|<=2d,0.0,14,14,0,0
BTC-pm2-20251010,BTC,BTC|sell|00-10|2-7d,0.0,27,27,0,0
BTC-pm2-20251010,BTC,BTC|sell|00-10|30-90d,0.0,13,13,0,0
BTC-pm2-20251010,BTC,BTC|sell|00-10|7-30d,0.0,43,43,0,0
BTC-pm2-20251010,BTC,BTC|sell|00-10|<=2d,0.0,84,84,0,0
BTC-pm2-20251010,BTC,BTC|sell|00-10|>90d,0.0,2,2,0,0
BTC-pm2-20251010,BTC,BTC|sell|10-25|2-7d,0.0,43,43,0,0
BTC-pm2-20251010,BTC,BTC|sell|10-25|30-90d,0.0,64,64,0,0
BTC-pm2-20251010,BTC,BTC|sell|10-25|7-30d,0.0,189,189,0,0
BTC-pm2-20251010,BTC,BTC|sell|10-25|<=2d,0.0,104,104,0,0
BTC-pm2-20251010,BTC,BTC|sell|25-40|2-7d,0.0,64,64,0,0
BTC-pm2-20251010,BTC,BTC|sell|25-40|30-90d,0.0,77,77,0,0
BTC-pm2-20251010,BTC,BTC|sell|25-40|7-30d,0.0,265,265,0,0
BTC-pm2-20251010,BTC,BTC|sell|25-40|<=2d,0.0,65,65,0,0
BTC-pm2-20251010,BTC,BTC|sell|25-40|>90d,0.0,3,3,0,0
BTC-pm2-20251010,BTC,BTC|sell|40-60|2-7d,0.0,86,86,0,0
BTC-pm2-20251010,BTC,BTC|sell|40-60|30-90d,0.0,84,84,0,0
BTC-pm2-20251010,BTC,BTC|sell|40-60|7-30d,0.0,132,132,0,0
BTC-pm2-20251010,BTC,BTC|sell|40-60|<=2d,0.0,59,59,0,0
BTC-pm2-20251010,BTC,BTC|sell|60-75|2-7d,0.0,18,18,0,0
BTC-pm2-20251010,BTC,BTC|sell|60-75|30-90d,0.0,21,21,0,0
BTC-pm2-20251010,BTC,BTC|sell|60-75|7-30d,0.0,55,55,0,0
BTC-pm2-20251010,BTC,BTC|sell|60-75|<=2d,0.0,20,20,0,0
BTC-pm2-20251010,BTC,BTC|sell|75-90|2-7d,0.0,10,10,0,0
BTC-pm2-20251010,BTC,BTC|sell|75-90|30-90d,0.0,2,2,0,0
BTC-pm2-20251010,BTC,BTC|sell|75-90|7-30d,0.0,65,65,0,0
BTC-pm2-20251010,BTC,BTC|sell|75-90|<=2d,0.0,9,9,0,0
BTC-pm2-20251010,BTC,BTC|sell|90-100|2-7d,0.0,3,3,0,0
BTC-pm2-20251010,BTC,BTC|sell|90-100|30-90d,0.0,3,3,0,0
BTC-pm2-20251010,BTC,BTC|sell|90-100|7-30d,0.0,3,3,0,0
BTC-pm2-20251010,BTC,BTC|sell|90-100|<=2d,0.0,14,14,0,0
BTC-pm2-20260108,BTC,BTC|buy|00-10|2-7d,-0.01003622797076004,20,20,0,0
BTC-pm2-20260108,BTC,BTC|buy|00-10|30-90d,-0.002699547620345476,12,12,0,0
BTC-pm2-20260108,BTC,BTC|buy|00-10|7-30d,1.2616391538476553e-05,25,25,0,0
BTC-pm2-20260108,BTC,BTC|buy|00-10|<=2d,-0.03599690833712933,30,30,0,0
BTC-pm2-20260108,BTC,BTC|buy|00-10|>90d,0.00431411673774698,3,2,1,0
BTC-pm2-20260108,BTC,BTC|buy|10-25|2-7d,1.738859701856449e-11,86,86,0,0
BTC-pm2-20260108,BTC,BTC|buy|10-25|30-90d,0.0010949371640829417,38,38,0,0
BTC-pm2-20260108,BTC,BTC|buy|10-25|7-30d,3.6049827391495154e-05,72,72,0,0
BTC-pm2-20260108,BTC,BTC|buy|10-25|<=2d,0.0,38,38,0,0
BTC-pm2-20260108,BTC,BTC|buy|10-25|>90d,0.0095379371412105,7,6,1,0
BTC-pm2-20260108,BTC,BTC|buy|25-40|2-7d,3.5023645814512965e-11,46,46,0,0
BTC-pm2-20260108,BTC,BTC|buy|25-40|30-90d,0.0020084255686936632,39,39,0,0
BTC-pm2-20260108,BTC,BTC|buy|25-40|7-30d,0.00010017374042086976,54,54,0,0
BTC-pm2-20260108,BTC,BTC|buy|25-40|<=2d,0.0,21,21,0,0
BTC-pm2-20260108,BTC,BTC|buy|25-40|>90d,0.011794466212938516,7,6,1,0
BTC-pm2-20260108,BTC,BTC|buy|40-60|2-7d,7.462926408840747e-10,64,64,0,0
BTC-pm2-20260108,BTC,BTC|buy|40-60|30-90d,0.005329279310278374,36,36,0,0
BTC-pm2-20260108,BTC,BTC|buy|40-60|7-30d,0.00047483124236187557,37,36,1,0
BTC-pm2-20260108,BTC,BTC|buy|40-60|<=2d,0.0,13,13,0,0
BTC-pm2-20260108,BTC,BTC|buy|40-60|>90d,0.018082427930197646,4,4,0,0
BTC-pm2-20260108,BTC,BTC|buy|60-75|2-7d,6.21696830106659e-09,25,25,0,0
BTC-pm2-20260108,BTC,BTC|buy|60-75|30-90d,0.016263109013499116,34,34,0,0
BTC-pm2-20260108,BTC,BTC|buy|60-75|7-30d,0.0017392548872862583,12,12,0,0
BTC-pm2-20260108,BTC,BTC|buy|60-75|<=2d,0.0,15,15,0,0
BTC-pm2-20260108,BTC,BTC|buy|60-75|>90d,0.02301438128136958,8,8,0,0
BTC-pm2-20260108,BTC,BTC|buy|75-90|2-7d,4.6197656807063054e-11,8,8,0,0
BTC-pm2-20260108,BTC,BTC|buy|75-90|30-90d,0.017618082031796115,2,2,0,0
BTC-pm2-20260108,BTC,BTC|buy|75-90|7-30d,0.006711580882008083,8,8,0,0
BTC-pm2-20260108,BTC,BTC|buy|75-90|<=2d,0.0,2,2,0,0
BTC-pm2-20260108,BTC,BTC|buy|90-100|2-7d,0.00013805041672443973,3,3,0,0
BTC-pm2-20260108,BTC,BTC|buy|90-100|<=2d,0.0,7,7,0,0
BTC-pm2-20260108,BTC,BTC|sell|00-10|2-7d,0.018869400046337966,50,50,0,0
BTC-pm2-20260108,BTC,BTC|sell|00-10|30-90d,0.009725202241714477,26,26,0,0
BTC-pm2-20260108,BTC,BTC|sell|00-10|7-30d,0.016702486712090365,24,24,0,0
BTC-pm2-20260108,BTC,BTC|sell|00-10|<=2d,0.019403473279953964,148,148,0,0
BTC-pm2-20260108,BTC,BTC|sell|00-10|>90d,0.0009524296516733731,6,6,0,0
BTC-pm2-20260108,BTC,BTC|sell|10-25|2-7d,0.01925779262219923,38,38,0,0
BTC-pm2-20260108,BTC,BTC|sell|10-25|30-90d,0.011770048686204548,38,38,0,0
BTC-pm2-20260108,BTC,BTC|sell|10-25|7-30d,0.016396305335166204,103,103,0,0
BTC-pm2-20260108,BTC,BTC|sell|10-25|<=2d,0.019639933146973623,63,63,0,0
BTC-pm2-20260108,BTC,BTC|sell|10-25|>90d,0.0,5,4,1,0
BTC-pm2-20260108,BTC,BTC|sell|25-40|2-7d,0.020074279421265096,46,46,0,0
BTC-pm2-20260108,BTC,BTC|sell|25-40|30-90d,0.012244861929355429,53,53,0,0
BTC-pm2-20260108,BTC,BTC|sell|25-40|7-30d,0.01820449651745125,44,43,1,0
BTC-pm2-20260108,BTC,BTC|sell|25-40|<=2d,0.020090421167307214,45,45,0,0
BTC-pm2-20260108,BTC,BTC|sell|25-40|>90d,0.0,6,5,1,0
BTC-pm2-20260108,BTC,BTC|sell|40-60|2-7d,0.02105852058473273,43,43,0,0
BTC-pm2-20260108,BTC,BTC|sell|40-60|30-90d,0.01518547455756757,40,40,0,0
BTC-pm2-20260108,BTC,BTC|sell|40-60|7-30d,0.020746714783460848,34,34,0,0
BTC-pm2-20260108,BTC,BTC|sell|40-60|<=2d,0.02053012558252409,47,47,0,0
BTC-pm2-20260108,BTC,BTC|sell|40-60|>90d,0.0018147748513098725,5,5,0,0
BTC-pm2-20260108,BTC,BTC|sell|60-75|2-7d,0.02210882974457219,25,25,0,0
BTC-pm2-20260108,BTC,BTC|sell|60-75|30-90d,0.017347316219157062,23,23,0,0
BTC-pm2-20260108,BTC,BTC|sell|60-75|7-30d,0.023322439997232564,12,12,0,0
BTC-pm2-20260108,BTC,BTC|sell|60-75|<=2d,0.021041142616781312,16,16,0,0
BTC-pm2-20260108,BTC,BTC|sell|60-75|>90d,0.01080169874758374,11,11,0,0
BTC-pm2-20260108,BTC,BTC|sell|75-90|2-7d,0.023908946716263507,6,6,0,0
BTC-pm2-20260108,BTC,BTC|sell|75-90|30-90d,0.02445970963325444,6,6,0,0
BTC-pm2-20260108,BTC,BTC|sell|75-90|7-30d,0.025322492633441867,3,3,0,0
BTC-pm2-20260108,BTC,BTC|sell|75-90|<=2d,0.021937868751813493,4,4,0,0
BTC-pm2-20260108,BTC,BTC|sell|90-100|2-7d,0.025921610225092585,3,3,0,0
BTC-pm2-20260108,BTC,BTC|sell|90-100|<=2d,0.02288012301458622,9,9,0,0
BTC-pm2-20260123,BTC,BTC|buy|00-10|2-7d,0.0,49,49,0,0
BTC-pm2-20260123,BTC,BTC|buy|00-10|30-90d,0.0,15,15,0,0
BTC-pm2-20260123,BTC,BTC|buy|00-10|7-30d,0.0,78,78,0,0
BTC-pm2-20260123,BTC,BTC|buy|00-10|<=2d,0.0,21,21,0,0
BTC-pm2-20260123,BTC,BTC|buy|00-10|>90d,0.0,3,3,0,0
BTC-pm2-20260123,BTC,BTC|buy|10-25|2-7d,0.0,54,54,0,0
BTC-pm2-20260123,BTC,BTC|buy|10-25|30-90d,0.0,40,40,0,0
BTC-pm2-20260123,BTC,BTC|buy|10-25|7-30d,0.0,115,115,0,0
BTC-pm2-20260123,BTC,BTC|buy|10-25|<=2d,0.0,38,38,0,0
BTC-pm2-20260123,BTC,BTC|buy|10-25|>90d,0.0,10,10,0,0
BTC-pm2-20260123,BTC,BTC|buy|25-40|2-7d,0.0,19,19,0,0
BTC-pm2-20260123,BTC,BTC|buy|25-40|30-90d,0.0,43,43,0,0
BTC-pm2-20260123,BTC,BTC|buy|25-40|7-30d,0.0,49,49,0,0
BTC-pm2-20260123,BTC,BTC|buy|25-40|<=2d,0.0,12,12,0,0
BTC-pm2-20260123,BTC,BTC|buy|25-40|>90d,0.0,15,15,0,0
BTC-pm2-20260123,BTC,BTC|buy|40-60|2-7d,0.0,87,87,0,0
BTC-pm2-20260123,BTC,BTC|buy|40-60|30-90d,0.0,34,34,0,0
BTC-pm2-20260123,BTC,BTC|buy|40-60|7-30d,0.0,18,18,0,0
BTC-pm2-20260123,BTC,BTC|buy|40-60|<=2d,0.0,60,60,0,0
BTC-pm2-20260123,BTC,BTC|buy|40-60|>90d,0.0,9,9,0,0
BTC-pm2-20260123,BTC,BTC|buy|60-75|2-7d,0.0,19,19,0,0
BTC-pm2-20260123,BTC,BTC|buy|60-75|30-90d,0.0,15,15,0,0
BTC-pm2-20260123,BTC,BTC|buy|60-75|7-30d,0.0,19,19,0,0
BTC-pm2-20260123,BTC,BTC|buy|60-75|<=2d,0.0,17,17,0,0
BTC-pm2-20260123,BTC,BTC|buy|60-75|>90d,0.0,1,1,0,0
BTC-pm2-20260123,BTC,BTC|buy|75-90|2-7d,0.0,7,7,0,0
BTC-pm2-20260123,BTC,BTC|buy|75-90|30-90d,0.0,11,11,0,0
BTC-pm2-20260123,BTC,BTC|buy|75-90|7-30d,0.0,5,5,0,0
BTC-pm2-20260123,BTC,BTC|buy|75-90|<=2d,0.0,9,9,0,0
BTC-pm2-20260123,BTC,BTC|buy|75-90|>90d,0.0,1,1,0,0
BTC-pm2-20260123,BTC,BTC|buy|90-100|2-7d,0.0,6,6,0,0
BTC-pm2-20260123,BTC,BTC|buy|90-100|30-90d,0.0,2,2,0,0
BTC-pm2-20260123,BTC,BTC|buy|90-100|7-30d,0.0,3,3,0,0
BTC-pm2-20260123,BTC,BTC|buy|90-100|<=2d,0.0,7,7,0,0
BTC-pm2-20260123,BTC,BTC|buy|90-100|>90d,0.0,2,2,0,0
BTC-pm2-20260123,BTC,BTC|sell|00-10|2-7d,-0.17407345538003866,57,57,0,0
BTC-pm2-20260123,BTC,BTC|sell|00-10|30-90d,-0.27332931134472044,21,21,0,0
BTC-pm2-20260123,BTC,BTC|sell|00-10|7-30d,-0.2716786888206728,106,106,0,0
BTC-pm2-20260123,BTC,BTC|sell|00-10|<=2d,-0.04883746233103974,78,78,0,0
BTC-pm2-20260123,BTC,BTC|sell|00-10|>90d,-0.244356947699259,5,5,0,0
BTC-pm2-20260123,BTC,BTC|sell|10-25|2-7d,-0.010426535313897953,51,51,0,0
BTC-pm2-20260123,BTC,BTC|sell|10-25|30-90d,-0.1939883754454373,60,60,0,0
BTC-pm2-20260123,BTC,BTC|sell|10-25|7-30d,-0.14417693711281251,110,110,0,0
BTC-pm2-20260123,BTC,BTC|sell|10-25|<=2d,0.0,39,39,0,0
BTC-pm2-20260123,BTC,BTC|sell|10-25|>90d,-0.05778455744771924,6,6,0,0
BTC-pm2-20260123,BTC,BTC|sell|25-40|2-7d,0.0,36,36,0,0
BTC-pm2-20260123,BTC,BTC|sell|25-40|30-90d,-0.04764802091907956,19,19,0,0
BTC-pm2-20260123,BTC,BTC|sell|25-40|7-30d,-0.019934803524501468,44,44,0,0
BTC-pm2-20260123,BTC,BTC|sell|25-40|<=2d,0.0,58,58,0,0
BTC-pm2-20260123,BTC,BTC|sell|25-40|>90d,-0.002127865102796897,10,10,0,0
BTC-pm2-20260123,BTC,BTC|sell|40-60|2-7d,0.0,81,81,0,0
BTC-pm2-20260123,BTC,BTC|sell|40-60|30-90d,0.0,17,17,0,0
BTC-pm2-20260123,BTC,BTC|sell|40-60|7-30d,0.0,36,36,0,0
BTC-pm2-20260123,BTC,BTC|sell|40-60|<=2d,0.0,76,76,0,0
BTC-pm2-20260123,BTC,BTC|sell|40-60|>90d,0.0,4,4,0,0
BTC-pm2-20260123,BTC,BTC|sell|60-75|2-7d,0.0,17,17,0,0
BTC-pm2-20260123,BTC,BTC|sell|60-75|30-90d,0.0,9,9,0,0
BTC-pm2-20260123,BTC,BTC|sell|60-75|7-30d,0.0,5,5,0,0
BTC-pm2-20260123,BTC,BTC|sell|60-75|<=2d,0.0,30,30,0,0
BTC-pm2-20260123,BTC,BTC|sell|75-90|2-7d,0.0,8,8,0,0
BTC-pm2-20260123,BTC,BTC|sell|75-90|30-90d,0.0,2,2,0,0
BTC-pm2-20260123,BTC,BTC|sell|75-90|7-30d,0.0,9,9,0,0
BTC-pm2-20260123,BTC,BTC|sell|75-90|<=2d,0.0,9,9,0,0
BTC-pm2-20260123,BTC,BTC|sell|75-90|>90d,0.0,1,1,0,0
BTC-pm2-20260123,BTC,BTC|sell|90-100|30-90d,0.0,1,1,0,0
BTC-pm2-20260123,BTC,BTC|sell|90-100|7-30d,0.0,1,1,0,0
BTC-pm2-20260123,BTC,BTC|sell|90-100|>90d,0.0,1,1,0,0
BTC-pm2-20260524,BTC,BTC|buy|00-10|2-7d,-1.0901082506241602e-11,72,72,0,0
BTC-pm2-20260524,BTC,BTC|buy|00-10|30-90d,-0.0017966654314972776,159,157,2,0
BTC-pm2-20260524,BTC,BTC|buy|00-10|7-30d,-1.0808677174612255e-05,66,66,0,0
BTC-pm2-20260524,BTC,BTC|buy|00-10|<=2d,0.0,46,46,0,0
BTC-pm2-20260524,BTC,BTC|buy|00-10|>90d,-0.006784896214841478,9,9,0,0
BTC-pm2-20260524,BTC,BTC|buy|10-25|2-7d,-1.112939334771372e-10,194,194,0,0
BTC-pm2-20260524,BTC,BTC|buy|10-25|30-90d,-0.003996836811288155,92,92,0,0
BTC-pm2-20260524,BTC,BTC|buy|10-25|7-30d,-2.486360325971926e-05,130,130,0,0
BTC-pm2-20260524,BTC,BTC|buy|10-25|<=2d,0.0,105,105,0,0
BTC-pm2-20260524,BTC,BTC|buy|10-25|>90d,-0.010572933516568935,22,22,0,0
BTC-pm2-20260524,BTC,BTC|buy|25-40|2-7d,-3.2415201635317106e-10,49,49,0,0
BTC-pm2-20260524,BTC,BTC|buy|25-40|30-90d,-0.006336172653969775,51,51,0,0
BTC-pm2-20260524,BTC,BTC|buy|25-40|7-30d,-0.000182649459403388,74,74,0,0
BTC-pm2-20260524,BTC,BTC|buy|25-40|<=2d,0.0,101,101,0,0
BTC-pm2-20260524,BTC,BTC|buy|25-40|>90d,-0.016186995553144713,13,13,0,0
BTC-pm2-20260524,BTC,BTC|buy|40-60|2-7d,-5.177810924355361e-08,66,66,0,0
BTC-pm2-20260524,BTC,BTC|buy|40-60|30-90d,-0.012477793818186459,28,28,0,0
BTC-pm2-20260524,BTC,BTC|buy|40-60|7-30d,-0.0005391697827357439,46,46,0,0
BTC-pm2-20260524,BTC,BTC|buy|40-60|<=2d,0.0,85,85,0,0
BTC-pm2-20260524,BTC,BTC|buy|40-60|>90d,-0.02418793609401979,7,7,0,0
BTC-pm2-20260524,BTC,BTC|buy|60-75|2-7d,-3.8747927116570593e-07,49,49,0,0
BTC-pm2-20260524,BTC,BTC|buy|60-75|30-90d,-0.021494662337772318,14,14,0,0
BTC-pm2-20260524,BTC,BTC|buy|60-75|7-30d,-0.00044775439431894595,13,13,0,0
BTC-pm2-20260524,BTC,BTC|buy|60-75|<=2d,0.0,27,27,0,0
BTC-pm2-20260524,BTC,BTC|buy|75-90|2-7d,-1.0419590076522014e-05,22,22,0,0
BTC-pm2-20260524,BTC,BTC|buy|75-90|30-90d,-0.03149257854495134,4,4,0,0
BTC-pm2-20260524,BTC,BTC|buy|75-90|7-30d,-0.008359095496797154,29,29,0,0
BTC-pm2-20260524,BTC,BTC|buy|75-90|<=2d,0.0,8,8,0,0
BTC-pm2-20260524,BTC,BTC|buy|90-100|2-7d,-0.00332567693174398,18,18,0,0
BTC-pm2-20260524,BTC,BTC|buy|90-100|7-30d,-0.0275500742389805,5,5,0,0
BTC-pm2-20260524,BTC,BTC|buy|90-100|<=2d,0.0,9,9,0,0
BTC-pm2-20260524,BTC,BTC|sell|00-10|2-7d,-0.07795451558663799,121,121,0,0
BTC-pm2-20260524,BTC,BTC|sell|00-10|30-90d,-0.054118972213992735,50,50,0,0
BTC-pm2-20260524,BTC,BTC|sell|00-10|7-30d,-0.05907046583975536,76,76,0,0
BTC-pm2-20260524,BTC,BTC|sell|00-10|<=2d,-0.06903444853480617,123,123,0,0
BTC-pm2-20260524,BTC,BTC|sell|00-10|>90d,-0.07424066252622201,19,19,0,0
BTC-pm2-20260524,BTC,BTC|sell|10-25|2-7d,-0.07067952621923108,127,127,0,0
BTC-pm2-20260524,BTC,BTC|sell|10-25|30-90d,-0.08219906298826758,187,187,0,0
BTC-pm2-20260524,BTC,BTC|sell|10-25|7-30d,-0.0792077424670785,102,102,0,0
BTC-pm2-20260524,BTC,BTC|sell|10-25|<=2d,-0.06309725230757744,104,104,0,0
BTC-pm2-20260524,BTC,BTC|sell|10-25|>90d,-0.08150693692863545,17,17,0,0
BTC-pm2-20260524,BTC,BTC|sell|25-40|2-7d,-0.06440124349399257,59,59,0,0
BTC-pm2-20260524,BTC,BTC|sell|25-40|30-90d,-0.07521277740116114,44,44,0,0
BTC-pm2-20260524,BTC,BTC|sell|25-40|7-30d,-0.06995147397498122,86,86,0,0
BTC-pm2-20260524,BTC,BTC|sell|25-40|<=2d,-0.05910489143520568,76,76,0,0
BTC-pm2-20260524,BTC,BTC|sell|25-40|>90d,-0.0749579850912941,18,18,0,0
BTC-pm2-20260524,BTC,BTC|sell|40-60|2-7d,-0.06072480006407004,72,72,0,0
BTC-pm2-20260524,BTC,BTC|sell|40-60|30-90d,-0.0688814108665111,51,51,0,0
BTC-pm2-20260524,BTC,BTC|sell|40-60|7-30d,-0.06491888418737415,44,44,0,0
BTC-pm2-20260524,BTC,BTC|sell|40-60|<=2d,-0.05778496659108343,75,75,0,0
BTC-pm2-20260524,BTC,BTC|sell|40-60|>90d,-0.07145900707069068,7,7,0,0
BTC-pm2-20260524,BTC,BTC|sell|60-75|2-7d,-0.05812382668784027,13,13,0,0
BTC-pm2-20260524,BTC,BTC|sell|60-75|30-90d,-0.06300845042092013,11,11,0,0
BTC-pm2-20260524,BTC,BTC|sell|60-75|7-30d,-0.06067964329608042,15,15,0,0
BTC-pm2-20260524,BTC,BTC|sell|60-75|<=2d,-0.056720299480673614,29,29,0,0
BTC-pm2-20260524,BTC,BTC|sell|60-75|>90d,-0.0716690032197745,1,1,0,0
BTC-pm2-20260524,BTC,BTC|sell|75-90|2-7d,-0.05726701382038176,5,5,0,0
BTC-pm2-20260524,BTC,BTC|sell|75-90|30-90d,-0.059882546410491705,6,6,0,0
BTC-pm2-20260524,BTC,BTC|sell|75-90|7-30d,-0.057765394485160305,18,18,0,0
BTC-pm2-20260524,BTC,BTC|sell|75-90|<=2d,-0.056647209496472326,10,10,0,0
BTC-pm2-20260524,BTC,BTC|sell|75-90|>90d,-0.05806575464069902,2,2,0,0
BTC-pm2-20260524,BTC,BTC|sell|90-100|2-7d,-0.05589475160394472,9,9,0,0
BTC-pm2-20260524,BTC,BTC|sell|90-100|7-30d,-0.056021152154028135,3,3,0,0
BTC-pm2-20260524,BTC,BTC|sell|90-100|<=2d,-0.05558705116394114,4,4,0,0
BTC-pm2-20260820,BTC,BTC|buy|00-10|2-7d,-6.219264914633569e-07,78,78,0,0
BTC-pm2-20260820,BTC,BTC|buy|00-10|30-90d,-0.02173722015948638,39,39,0,0
BTC-pm2-20260820,BTC,BTC|buy|00-10|7-30d,-0.00015068751531636354,56,56,0,0
BTC-pm2-20260820,BTC,BTC|buy|00-10|<=2d,0.0,73,73,0,0
BTC-pm2-20260820,BTC,BTC|buy|00-10|>90d,-0.07141561799329997,6,6,0,0
BTC-pm2-20260820,BTC,BTC|buy|10-25|2-7d,-4.316349756487502e-09,83,83,0,0
BTC-pm2-20260820,BTC,BTC|buy|10-25|30-90d,-0.03237062346288611,91,91,0,0
BTC-pm2-20260820,BTC,BTC|buy|10-25|7-30d,-0.000389520638396766,112,112,0,0
BTC-pm2-20260820,BTC,BTC|buy|10-25|<=2d,0.0,73,73,0,0
BTC-pm2-20260820,BTC,BTC|buy|10-25|>90d,-0.0831096309166421,24,24,0,0
BTC-pm2-20260820,BTC,BTC|buy|25-40|2-7d,-6.806207476609339e-09,52,52,0,0
BTC-pm2-20260820,BTC,BTC|buy|25-40|30-90d,-0.05669291818993795,78,78,0,0
BTC-pm2-20260820,BTC,BTC|buy|25-40|7-30d,-0.0008201619824470227,70,70,0,0
BTC-pm2-20260820,BTC,BTC|buy|25-40|<=2d,-9.67590205489621e-15,72,72,0,0
BTC-pm2-20260820,BTC,BTC|buy|25-40|>90d,-0.10373790713221895,18,18,0,0
BTC-pm2-20260820,BTC,BTC|buy|40-60|2-7d,-6.750199587325673e-09,70,70,0,0
BTC-pm2-20260820,BTC,BTC|buy|40-60|30-90d,-0.06416018435883437,67,67,0,0
BTC-pm2-20260820,BTC,BTC|buy|40-60|7-30d,-0.001435170009489296,74,74,0,0
BTC-pm2-20260820,BTC,BTC|buy|40-60|<=2d,0.0,115,115,0,0
BTC-pm2-20260820,BTC,BTC|buy|40-60|>90d,-0.1315697107421386,150,150,0,0
BTC-pm2-20260820,BTC,BTC|buy|60-75|2-7d,-7.331240964518866e-07,17,17,0,0
BTC-pm2-20260820,BTC,BTC|buy|60-75|30-90d,-0.10570370004699706,10,10,0,0
BTC-pm2-20260820,BTC,BTC|buy|60-75|7-30d,-0.005048777351843276,34,34,0,0
BTC-pm2-20260820,BTC,BTC|buy|60-75|<=2d,0.0,33,33,0,0
BTC-pm2-20260820,BTC,BTC|buy|60-75|>90d,-0.14250136349145234,5,5,0,0
BTC-pm2-20260820,BTC,BTC|buy|75-90|2-7d,-3.249000578348739e-06,11,11,0,0
BTC-pm2-20260820,BTC,BTC|buy|75-90|30-90d,-0.1385910451953782,6,6,0,0
BTC-pm2-20260820,BTC,BTC|buy|75-90|7-30d,-0.021708112594857436,28,28,0,0
BTC-pm2-20260820,BTC,BTC|buy|75-90|<=2d,-5.609849502497922e-14,31,31,0,0
BTC-pm2-20260820,BTC,BTC|buy|90-100|2-7d,-0.0010769874073786351,3,3,0,0
BTC-pm2-20260820,BTC,BTC|buy|90-100|30-90d,-0.17289138648638377,1,1,0,0
BTC-pm2-20260820,BTC,BTC|buy|90-100|7-30d,-0.08119837465656012,11,11,0,0
BTC-pm2-20260820,BTC,BTC|buy|90-100|<=2d,-0.009751508905777292,21,21,0,0
BTC-pm2-20260820,BTC,BTC|sell|00-10|2-7d,-0.2828632664156588,112,112,0,0
BTC-pm2-20260820,BTC,BTC|sell|00-10|30-90d,-0.30709724134770267,55,55,0,0
BTC-pm2-20260820,BTC,BTC|sell|00-10|7-30d,-0.3092393766226689,102,102,0,0
BTC-pm2-20260820,BTC,BTC|sell|00-10|<=2d,-0.25882888576061996,201,201,0,0
BTC-pm2-20260820,BTC,BTC|sell|00-10|>90d,-0.6746976030341898,9,9,0,0
BTC-pm2-20260820,BTC,BTC|sell|10-25|2-7d,-0.25174005430427326,90,90,0,0
BTC-pm2-20260820,BTC,BTC|sell|10-25|30-90d,-0.266089593892382,98,98,0,0
BTC-pm2-20260820,BTC,BTC|sell|10-25|7-30d,-0.2489497884783696,118,118,0,0
BTC-pm2-20260820,BTC,BTC|sell|10-25|<=2d,-0.22948766905300097,147,147,0,0
BTC-pm2-20260820,BTC,BTC|sell|10-25|>90d,-0.28224301965860416,37,37,0,0
BTC-pm2-20260820,BTC,BTC|sell|25-40|2-7d,-0.2339832800187009,49,49,0,0
BTC-pm2-20260820,BTC,BTC|sell|25-40|30-90d,-0.22904850290023784,104,104,0,0
BTC-pm2-20260820,BTC,BTC|sell|25-40|7-30d,-0.22190836894571597,108,108,0,0
BTC-pm2-20260820,BTC,BTC|sell|25-40|<=2d,-0.2203626527353737,66,66,0,0
BTC-pm2-20260820,BTC,BTC|sell|25-40|>90d,-0.21770023034666242,54,54,0,0
BTC-pm2-20260820,BTC,BTC|sell|40-60|2-7d,-0.2216511230526871,54,54,0,0
BTC-pm2-20260820,BTC,BTC|sell|40-60|30-90d,-0.2096032709994031,83,83,0,0
BTC-pm2-20260820,BTC,BTC|sell|40-60|7-30d,-0.22053002377514758,88,88,0,0
BTC-pm2-20260820,BTC,BTC|sell|40-60|<=2d,-0.21319374426173512,73,73,0,0
BTC-pm2-20260820,BTC,BTC|sell|40-60|>90d,-0.20719495655835365,163,163,0,0
BTC-pm2-20260820,BTC,BTC|sell|60-75|2-7d,-0.21157517472808432,27,27,0,0
BTC-pm2-20260820,BTC,BTC|sell|60-75|30-90d,-0.20931477286251507,21,21,0,0
BTC-pm2-20260820,BTC,BTC|sell|60-75|7-30d,-0.2155566298022743,39,39,0,0
BTC-pm2-20260820,BTC,BTC|sell|60-75|<=2d,-0.20954315837168794,23,23,0,0
BTC-pm2-20260820,BTC,BTC|sell|60-75|>90d,-0.19274437495172458,6,6,0,0
BTC-pm2-20260820,BTC,BTC|sell|75-90|2-7d,-0.20867814256049166,6,6,0,0
BTC-pm2-20260820,BTC,BTC|sell|75-90|30-90d,-0.20717199191684557,12,12,0,0
BTC-pm2-20260820,BTC,BTC|sell|75-90|7-30d,-0.2095881686904983,43,43,0,0
BTC-pm2-20260820,BTC,BTC|sell|75-90|<=2d,-0.2077602546027211,24,24,0,0
BTC-pm2-20260820,BTC,BTC|sell|75-90|>90d,-0.19320309839473473,4,4,0,0
BTC-pm2-20260820,BTC,BTC|sell|90-100|2-7d,-0.19508621323150022,3,3,0,0
BTC-pm2-20260820,BTC,BTC|sell|90-100|30-90d,-0.1950433048723922,3,3,0,0
BTC-pm2-20260820,BTC,BTC|sell|90-100|7-30d,-0.2062336553828486,20,20,0,0
BTC-pm2-20260820,BTC,BTC|sell|90-100|<=2d,-0.20806923766767502,18,18,0,0
BTC-pm2-20260820,BTC,BTC|sell|90-100|>90d,-0.1868960833704406,2,2,0,0
ETH-pm-20240612,ETH,ETH|buy|00-10|2-7d,0.0,25,25,0,0
ETH-pm-20240612,ETH,ETH|buy|00-10|30-90d,0.0,55,55,0,0
ETH-pm-20240612,ETH,ETH|buy|00-10|7-30d,0.0,40,40,0,0
ETH-pm-20240612,ETH,ETH|buy|00-10|<=2d,-0.00040698488063107093,48,48,0,0
ETH-pm-20240612,ETH,ETH|buy|10-25|2-7d,0.0,96,96,0,0
ETH-pm-20240612,ETH,ETH|buy|10-25|30-90d,0.0,73,73,0,0
ETH-pm-20240612,ETH,ETH|buy|10-25|7-30d,0.0,103,103,0,0
ETH-pm-20240612,ETH,ETH|buy|10-25|<=2d,-0.00026912282989977667,179,179,0,0
ETH-pm-20240612,ETH,ETH|buy|10-25|>90d,0.0,1,1,0,0
ETH-pm-20240612,ETH,ETH|buy|25-40|2-7d,0.0,71,71,0,0
ETH-pm-20240612,ETH,ETH|buy|25-40|30-90d,0.0,119,119,0,0
ETH-pm-20240612,ETH,ETH|buy|25-40|7-30d,0.0,117,117,0,0
ETH-pm-20240612,ETH,ETH|buy|25-40|<=2d,-0.0005808200308685998,101,101,0,0
ETH-pm-20240612,ETH,ETH|buy|25-40|>90d,0.0,1,1,0,0
ETH-pm-20240612,ETH,ETH|buy|40-60|2-7d,0.0,60,60,0,0
ETH-pm-20240612,ETH,ETH|buy|40-60|30-90d,0.0,47,47,0,0
ETH-pm-20240612,ETH,ETH|buy|40-60|7-30d,0.0,56,56,0,0
ETH-pm-20240612,ETH,ETH|buy|40-60|<=2d,-0.000316677235118445,98,98,0,0
ETH-pm-20240612,ETH,ETH|buy|60-75|2-7d,0.0,4,4,0,0
ETH-pm-20240612,ETH,ETH|buy|60-75|30-90d,0.0,14,14,0,0
ETH-pm-20240612,ETH,ETH|buy|60-75|7-30d,0.0,14,14,0,0
ETH-pm-20240612,ETH,ETH|buy|60-75|<=2d,-0.0001953509173570484,27,27,0,0
ETH-pm-20240612,ETH,ETH|buy|75-90|2-7d,0.0,3,3,0,0
ETH-pm-20240612,ETH,ETH|buy|75-90|30-90d,0.0,4,4,0,0
ETH-pm-20240612,ETH,ETH|buy|75-90|7-30d,0.0,9,9,0,0
ETH-pm-20240612,ETH,ETH|buy|75-90|<=2d,-7.474564561315779e-05,7,7,0,0
ETH-pm-20240612,ETH,ETH|buy|90-100|2-7d,0.0,2,2,0,0
ETH-pm-20240612,ETH,ETH|buy|90-100|30-90d,0.0,1,1,0,0
ETH-pm-20240612,ETH,ETH|buy|90-100|7-30d,0.0,4,4,0,0
ETH-pm-20240612,ETH,ETH|buy|90-100|<=2d,-7.94015788175017e-05,7,7,0,0
ETH-pm-20240612,ETH,ETH|sell|00-10|2-7d,0.0,65,65,0,0
ETH-pm-20240612,ETH,ETH|sell|00-10|30-90d,0.0,42,42,0,0
ETH-pm-20240612,ETH,ETH|sell|00-10|7-30d,0.0,92,92,0,0
ETH-pm-20240612,ETH,ETH|sell|00-10|<=2d,0.0,101,101,0,0
ETH-pm-20240612,ETH,ETH|sell|00-10|>90d,0.0,1,1,0,0
ETH-pm-20240612,ETH,ETH|sell|10-25|2-7d,0.0,54,54,0,0
ETH-pm-20240612,ETH,ETH|sell|10-25|30-90d,0.0,42,42,0,0
ETH-pm-20240612,ETH,ETH|sell|10-25|7-30d,0.0,111,111,0,0
ETH-pm-20240612,ETH,ETH|sell|10-25|<=2d,0.0,139,139,0,0
ETH-pm-20240612,ETH,ETH|sell|25-40|2-7d,0.0,37,37,0,0
ETH-pm-20240612,ETH,ETH|sell|25-40|30-90d,0.0,37,37,0,0
ETH-pm-20240612,ETH,ETH|sell|25-40|7-30d,0.0,71,71,0,0
ETH-pm-20240612,ETH,ETH|sell|25-40|<=2d,0.0,112,112,0,0
ETH-pm-20240612,ETH,ETH|sell|40-60|2-7d,0.0,48,48,0,0
ETH-pm-20240612,ETH,ETH|sell|40-60|30-90d,0.0,50,50,0,0
ETH-pm-20240612,ETH,ETH|sell|40-60|7-30d,0.0,85,85,0,0
ETH-pm-20240612,ETH,ETH|sell|40-60|<=2d,0.0,105,105,0,0
ETH-pm-20240612,ETH,ETH|sell|60-75|2-7d,0.0,7,7,0,0
ETH-pm-20240612,ETH,ETH|sell|60-75|30-90d,0.0,53,53,0,0
ETH-pm-20240612,ETH,ETH|sell|60-75|7-30d,0.0,17,17,0,0
ETH-pm-20240612,ETH,ETH|sell|60-75|<=2d,0.0,44,44,0,0
ETH-pm-20240612,ETH,ETH|sell|60-75|>90d,0.0,1,1,0,0
ETH-pm-20240612,ETH,ETH|sell|75-90|2-7d,0.0,4,4,0,0
ETH-pm-20240612,ETH,ETH|sell|75-90|30-90d,0.0,25,25,0,0
ETH-pm-20240612,ETH,ETH|sell|75-90|7-30d,0.0,5,5,0,0
ETH-pm-20240612,ETH,ETH|sell|75-90|<=2d,0.0,14,14,0,0
ETH-pm-20240612,ETH,ETH|sell|90-100|30-90d,0.0,54,54,0,0
ETH-pm-20240612,ETH,ETH|sell|90-100|7-30d,0.0,6,6,0,0
ETH-pm-20240612,ETH,ETH|sell|90-100|<=2d,0.0,4,4,0,0
ETH-pm-20250222,ETH,ETH|buy|00-10|2-7d,-2.8426802453589985e-06,166,166,0,0
ETH-pm-20250222,ETH,ETH|buy|00-10|30-90d,-0.006223259874777575,32,32,0,0
ETH-pm-20250222,ETH,ETH|buy|00-10|7-30d,-0.0004005787521886556,94,94,0,0
ETH-pm-20250222,ETH,ETH|buy|00-10|<=2d,0.0,132,132,0,0
ETH-pm-20250222,ETH,ETH|buy|10-25|2-7d,-6.228876464594373e-06,146,146,0,0
ETH-pm-20250222,ETH,ETH|buy|10-25|30-90d,-0.020795497116723943,91,91,0,0
ETH-pm-20250222,ETH,ETH|buy|10-25|7-30d,-0.0013169031808924075,292,292,0,0
ETH-pm-20250222,ETH,ETH|buy|10-25|<=2d,0.0,241,241,0,0
ETH-pm-20250222,ETH,ETH|buy|10-25|>90d,-0.0389756428574905,7,7,0,0
ETH-pm-20250222,ETH,ETH|buy|25-40|2-7d,-4.184083719283891e-05,111,111,0,0
ETH-pm-20250222,ETH,ETH|buy|25-40|30-90d,-0.0348142886490361,90,90,0,0
ETH-pm-20250222,ETH,ETH|buy|25-40|7-30d,-0.004070956499123599,182,182,0,0
ETH-pm-20250222,ETH,ETH|buy|25-40|<=2d,-1.366158648196689e-15,190,190,0,0
ETH-pm-20250222,ETH,ETH|buy|25-40|>90d,-0.05556219067017535,30,30,0,0
ETH-pm-20250222,ETH,ETH|buy|40-60|2-7d,-0.00020163513181124904,124,124,0,0
ETH-pm-20250222,ETH,ETH|buy|40-60|30-90d,-0.04746586764450138,88,88,0,0
ETH-pm-20250222,ETH,ETH|buy|40-60|7-30d,-0.009862475817951424,141,141,0,0
ETH-pm-20250222,ETH,ETH|buy|40-60|<=2d,-4.261287705182789e-13,172,172,0,0
ETH-pm-20250222,ETH,ETH|buy|40-60|>90d,-0.0670701772959741,20,20,0,0
ETH-pm-20250222,ETH,ETH|buy|60-75|2-7d,-0.0014548284832908954,71,71,0,0
ETH-pm-20250222,ETH,ETH|buy|60-75|30-90d,-0.06305227523970788,20,20,0,0
ETH-pm-20250222,ETH,ETH|buy|60-75|7-30d,-0.028768780493027345,75,75,0,0
ETH-pm-20250222,ETH,ETH|buy|60-75|<=2d,-1.7373857454753686e-14,49,49,0,0
ETH-pm-20250222,ETH,ETH|buy|60-75|>90d,-0.07314891385522376,2,2,0,0
ETH-pm-20250222,ETH,ETH|buy|75-90|2-7d,-0.009369350941656116,33,33,0,0
ETH-pm-20250222,ETH,ETH|buy|75-90|30-90d,-0.08513909123724371,9,9,0,0
ETH-pm-20250222,ETH,ETH|buy|75-90|7-30d,-0.053329445557649915,25,25,0,0
ETH-pm-20250222,ETH,ETH|buy|75-90|<=2d,-5.122748514830762e-08,36,36,0,0
ETH-pm-20250222,ETH,ETH|buy|90-100|2-7d,-0.06390764576490678,16,16,0,0
ETH-pm-20250222,ETH,ETH|buy|90-100|30-90d,-0.0890389263793725,6,6,0,0
ETH-pm-20250222,ETH,ETH|buy|90-100|7-30d,-0.08899135338968739,12,12,0,0
ETH-pm-20250222,ETH,ETH|buy|90-100|<=2d,-0.009388801128754698,11,11,0,0
ETH-pm-20250222,ETH,ETH|sell|00-10|2-7d,-0.21062523046668782,142,142,0,0
ETH-pm-20250222,ETH,ETH|sell|00-10|30-90d,-0.2565818061627441,84,84,0,0
ETH-pm-20250222,ETH,ETH|sell|00-10|7-30d,-0.23702170182184318,123,123,0,0
ETH-pm-20250222,ETH,ETH|sell|00-10|<=2d,-0.17549245148090023,295,295,0,0
ETH-pm-20250222,ETH,ETH|sell|00-10|>90d,-0.27833060932891096,15,15,0,0
ETH-pm-20250222,ETH,ETH|sell|10-25|2-7d,-0.1714216854865319,157,157,0,0
ETH-pm-20250222,ETH,ETH|sell|10-25|30-90d,-0.19109255016255072,119,119,0,0
ETH-pm-20250222,ETH,ETH|sell|10-25|7-30d,-0.18076885217571126,305,305,0,0
ETH-pm-20250222,ETH,ETH|sell|10-25|<=2d,-0.14614841021258645,357,357,0,0
ETH-pm-20250222,ETH,ETH|sell|10-25|>90d,-0.2074482142360731,8,8,0,0
ETH-pm-20250222,ETH,ETH|sell|25-40|2-7d,-0.15080314505279874,104,104,0,0
ETH-pm-20250222,ETH,ETH|sell|25-40|30-90d,-0.16607045672298446,157,157,0,0
ETH-pm-20250222,ETH,ETH|sell|25-40|7-30d,-0.15779319117910476,182,182,0,0
ETH-pm-20250222,ETH,ETH|sell|25-40|<=2d,-0.1345168189432593,227,227,0,0
ETH-pm-20250222,ETH,ETH|sell|25-40|>90d,-0.1727722659167427,21,21,0,0
ETH-pm-20250222,ETH,ETH|sell|40-60|2-7d,-0.13880357826020223,172,172,0,0
ETH-pm-20250222,ETH,ETH|sell|40-60|30-90d,-0.15123621600437542,100,100,0,0
ETH-pm-20250222,ETH,ETH|sell|40-60|7-30d,-0.14571419508488695,249,249,0,0
ETH-pm-20250222,ETH,ETH|sell|40-60|<=2d,-0.12943576958705372,247,247,0,0
ETH-pm-20250222,ETH,ETH|sell|40-60|>90d,-0.16671113813923114,24,24,0,0
ETH-pm-20250222,ETH,ETH|sell|60-75|2-7d,-0.1307853420244704,62,62,0,0
ETH-pm-20250222,ETH,ETH|sell|60-75|30-90d,-0.1410972653057893,25,25,0,0
ETH-pm-20250222,ETH,ETH|sell|60-75|7-30d,-0.1347907902668027,69,69,0,0
ETH-pm-20250222,ETH,ETH|sell|60-75|<=2d,-0.1252078575444029,58,58,0,0
ETH-pm-20250222,ETH,ETH|sell|75-90|2-7d,-0.1262907308785421,40,40,0,0
ETH-pm-20250222,ETH,ETH|sell|75-90|30-90d,-0.13440329281922653,7,7,0,0
ETH-pm-20250222,ETH,ETH|sell|75-90|7-30d,-0.12936186539464942,32,32,0,0
ETH-pm-20250222,ETH,ETH|sell|75-90|<=2d,-0.12256013049065223,38,38,0,0
ETH-pm-20250222,ETH,ETH|sell|75-90|>90d,-0.15956936481161474,1,1,0,0
ETH-pm-20250222,ETH,ETH|sell|90-100|2-7d,-0.12498818223696605,13,13,0,0
ETH-pm-20250222,ETH,ETH|sell|90-100|30-90d,-0.12672002445558303,2,2,0,0
ETH-pm-20250222,ETH,ETH|sell|90-100|7-30d,-0.1251073178361911,18,18,0,0
ETH-pm-20250222,ETH,ETH|sell|90-100|<=2d,-0.12210695870831965,38,38,0,0
ETH-pm2-20251010,ETH,ETH|buy|00-10|2-7d,0.0,44,44,0,0
ETH-pm2-20251010,ETH,ETH|buy|00-10|30-90d,0.0,23,23,0,0
ETH-pm2-20251010,ETH,ETH|buy|00-10|7-30d,0.0,77,77,0,0
ETH-pm2-20251010,ETH,ETH|buy|00-10|<=2d,0.0,69,69,0,0
ETH-pm2-20251010,ETH,ETH|buy|00-10|>90d,0.0,1,1,0,0
ETH-pm2-20251010,ETH,ETH|buy|10-25|2-7d,0.0,155,155,0,0
ETH-pm2-20251010,ETH,ETH|buy|10-25|30-90d,0.0,169,169,0,0
ETH-pm2-20251010,ETH,ETH|buy|10-25|7-30d,0.0,225,225,0,0
ETH-pm2-20251010,ETH,ETH|buy|10-25|<=2d,0.0,140,140,0,0
ETH-pm2-20251010,ETH,ETH|buy|10-25|>90d,0.0,24,24,0,0
ETH-pm2-20251010,ETH,ETH|buy|25-40|2-7d,0.0,223,223,0,0
ETH-pm2-20251010,ETH,ETH|buy|25-40|30-90d,0.0,254,254,0,0
ETH-pm2-20251010,ETH,ETH|buy|25-40|7-30d,0.0,350,350,0,0
ETH-pm2-20251010,ETH,ETH|buy|25-40|<=2d,0.0,140,140,0,0
ETH-pm2-20251010,ETH,ETH|buy|25-40|>90d,0.0,16,16,0,0
ETH-pm2-20251010,ETH,ETH|buy|40-60|2-7d,0.0,206,206,0,0
ETH-pm2-20251010,ETH,ETH|buy|40-60|30-90d,0.0,270,270,0,0
ETH-pm2-20251010,ETH,ETH|buy|40-60|7-30d,0.0,506,506,0,0
ETH-pm2-20251010,ETH,ETH|buy|40-60|<=2d,0.0,139,139,0,0
ETH-pm2-20251010,ETH,ETH|buy|40-60|>90d,0.0,11,11,0,0
ETH-pm2-20251010,ETH,ETH|buy|60-75|2-7d,0.0,65,65,0,0
ETH-pm2-20251010,ETH,ETH|buy|60-75|30-90d,0.0,42,42,0,0
ETH-pm2-20251010,ETH,ETH|buy|60-75|7-30d,0.0,192,192,0,0
ETH-pm2-20251010,ETH,ETH|buy|60-75|<=2d,0.0,37,37,0,0
ETH-pm2-20251010,ETH,ETH|buy|60-75|>90d,0.0,11,11,0,0
ETH-pm2-20251010,ETH,ETH|buy|75-90|2-7d,0.0,17,17,0,0
ETH-pm2-20251010,ETH,ETH|buy|75-90|30-90d,0.0,6,6,0,0
ETH-pm2-20251010,ETH,ETH|buy|75-90|7-30d,0.0,24,24,0,0
ETH-pm2-20251010,ETH,ETH|buy|75-90|<=2d,0.0,33,33,0,0
ETH-pm2-20251010,ETH,ETH|buy|75-90|>90d,0.0,4,4,0,0
ETH-pm2-20251010,ETH,ETH|buy|90-100|2-7d,0.0,4,4,0,0
ETH-pm2-20251010,ETH,ETH|buy|90-100|30-90d,0.0,4,4,0,0
ETH-pm2-20251010,ETH,ETH|buy|90-100|7-30d,0.0,4,4,0,0
ETH-pm2-20251010,ETH,ETH|buy|90-100|<=2d,0.0,33,33,0,0
ETH-pm2-20251010,ETH,ETH|sell|00-10|2-7d,0.0,109,109,0,0
ETH-pm2-20251010,ETH,ETH|sell|00-10|30-90d,0.0,66,66,0,0
ETH-pm2-20251010,ETH,ETH|sell|00-10|7-30d,0.0,99,99,0,0
ETH-pm2-20251010,ETH,ETH|sell|00-10|<=2d,0.0,314,314,0,0
ETH-pm2-20251010,ETH,ETH|sell|00-10|>90d,0.0,4,4,0,0
ETH-pm2-20251010,ETH,ETH|sell|10-25|2-7d,0.0,150,150,0,0
ETH-pm2-20251010,ETH,ETH|sell|10-25|30-90d,0.0,275,275,0,0
ETH-pm2-20251010,ETH,ETH|sell|10-25|7-30d,0.0,263,263,0,0
ETH-pm2-20251010,ETH,ETH|sell|10-25|<=2d,0.0,226,226,0,0
ETH-pm2-20251010,ETH,ETH|sell|10-25|>90d,0.0,2,2,0,0
ETH-pm2-20251010,ETH,ETH|sell|25-40|2-7d,0.0,263,263,0,0
ETH-pm2-20251010,ETH,ETH|sell|25-40|30-90d,0.0,270,270,0,0
ETH-pm2-20251010,ETH,ETH|sell|25-40|7-30d,0.0,314,314,0,0
ETH-pm2-20251010,ETH,ETH|sell|25-40|<=2d,0.0,245,245,0,0
ETH-pm2-20251010,ETH,ETH|sell|25-40|>90d,0.0,1,1,0,0
ETH-pm2-20251010,ETH,ETH|sell|40-60|2-7d,0.0,228,228,0,0
ETH-pm2-20251010,ETH,ETH|sell|40-60|30-90d,0.0,405,405,0,0
ETH-pm2-20251010,ETH,ETH|sell|40-60|7-30d,0.0,460,460,0,0
ETH-pm2-20251010,ETH,ETH|sell|40-60|<=2d,0.0,166,166,0,0
ETH-pm2-20251010,ETH,ETH|sell|40-60|>90d,0.0,5,5,0,0
ETH-pm2-20251010,ETH,ETH|sell|60-75|2-7d,0.0,83,83,0,0
ETH-pm2-20251010,ETH,ETH|sell|60-75|30-90d,0.0,72,72,0,0
ETH-pm2-20251010,ETH,ETH|sell|60-75|7-30d,0.0,192,192,0,0
ETH-pm2-20251010,ETH,ETH|sell|60-75|<=2d,0.0,50,50,0,0
ETH-pm2-20251010,ETH,ETH|sell|60-75|>90d,0.0,3,3,0,0
ETH-pm2-20251010,ETH,ETH|sell|75-90|2-7d,0.0,27,27,0,0
ETH-pm2-20251010,ETH,ETH|sell|75-90|30-90d,0.0,21,21,0,0
ETH-pm2-20251010,ETH,ETH|sell|75-90|7-30d,0.0,30,30,0,0
ETH-pm2-20251010,ETH,ETH|sell|75-90|<=2d,0.0,47,47,0,0
ETH-pm2-20251010,ETH,ETH|sell|75-90|>90d,0.0,1,1,0,0
ETH-pm2-20251010,ETH,ETH|sell|90-100|2-7d,0.0,10,10,0,0
ETH-pm2-20251010,ETH,ETH|sell|90-100|30-90d,0.0,9,9,0,0
ETH-pm2-20251010,ETH,ETH|sell|90-100|7-30d,0.0,2,2,0,0
ETH-pm2-20251010,ETH,ETH|sell|90-100|<=2d,0.0,35,35,0,0
ETH-pm2-20260108,ETH,ETH|buy|00-10|2-7d,-0.004472092019807267,54,54,0,0
ETH-pm2-20260108,ETH,ETH|buy|00-10|30-90d,-0.0014169365022331695,43,43,0,0
ETH-pm2-20260108,ETH,ETH|buy|00-10|7-30d,-0.007387667576726832,59,59,0,0
ETH-pm2-20260108,ETH,ETH|buy|00-10|<=2d,-0.01154340883701212,21,21,0,0
ETH-pm2-20260108,ETH,ETH|buy|10-25|2-7d,1.4540508301324123e-09,104,104,0,0
ETH-pm2-20260108,ETH,ETH|buy|10-25|30-90d,0.0024869241802469343,80,80,0,0
ETH-pm2-20260108,ETH,ETH|buy|10-25|7-30d,0.00021040226996083165,161,161,0,0
ETH-pm2-20260108,ETH,ETH|buy|10-25|<=2d,0.0,48,48,0,0
ETH-pm2-20260108,ETH,ETH|buy|10-25|>90d,0.010408471966933014,20,20,0,0
ETH-pm2-20260108,ETH,ETH|buy|25-40|2-7d,3.2962450569756234e-08,70,70,0,0
ETH-pm2-20260108,ETH,ETH|buy|25-40|30-90d,0.0055944633361478145,81,81,0,0
ETH-pm2-20260108,ETH,ETH|buy|25-40|7-30d,0.0005696129653633368,100,100,0,0
ETH-pm2-20260108,ETH,ETH|buy|25-40|<=2d,0.0,198,198,0,0
ETH-pm2-20260108,ETH,ETH|buy|25-40|>90d,0.01392515589197764,31,31,0,0
ETH-pm2-20260108,ETH,ETH|buy|40-60|2-7d,6.697305064777347e-07,109,109,0,0
ETH-pm2-20260108,ETH,ETH|buy|40-60|30-90d,0.010751219383180414,64,64,0,0
ETH-pm2-20260108,ETH,ETH|buy|40-60|7-30d,0.0015701887288196415,101,101,0,0
ETH-pm2-20260108,ETH,ETH|buy|40-60|<=2d,0.0,193,193,0,0
ETH-pm2-20260108,ETH,ETH|buy|40-60|>90d,0.019632278904065627,30,30,0,0
ETH-pm2-20260108,ETH,ETH|buy|60-75|2-7d,3.6980540772907313e-06,29,29,0,0
ETH-pm2-20260108,ETH,ETH|buy|60-75|30-90d,0.023344222265500203,20,20,0,0
ETH-pm2-20260108,ETH,ETH|buy|60-75|7-30d,0.004465864980147908,18,18,0,0
ETH-pm2-20260108,ETH,ETH|buy|60-75|<=2d,0.0,29,29,0,0
ETH-pm2-20260108,ETH,ETH|buy|60-75|>90d,0.04121373222201874,4,4,0,0
ETH-pm2-20260108,ETH,ETH|buy|75-90|2-7d,9.386649699474619e-06,5,5,0,0
ETH-pm2-20260108,ETH,ETH|buy|75-90|30-90d,0.05066354347751355,8,8,0,0
ETH-pm2-20260108,ETH,ETH|buy|75-90|7-30d,0.012730857018342234,7,7,0,0
ETH-pm2-20260108,ETH,ETH|buy|75-90|<=2d,1.734723475976574e-14,16,16,0,0
ETH-pm2-20260108,ETH,ETH|buy|75-90|>90d,0.050028826617048154,3,3,0,0
ETH-pm2-20260108,ETH,ETH|buy|90-100|2-7d,2.3121804393205244e-05,1,1,0,0
ETH-pm2-20260108,ETH,ETH|buy|90-100|7-30d,0.0535261621838772,2,2,0,0
ETH-pm2-20260108,ETH,ETH|buy|90-100|<=2d,0.00012253262892869166,14,14,0,0
ETH-pm2-20260108,ETH,ETH|sell|00-10|2-7d,0.018726107709605515,109,109,0,0
ETH-pm2-20260108,ETH,ETH|sell|00-10|30-90d,0.012031538999105583,31,31,0,0
ETH-pm2-20260108,ETH,ETH|sell|00-10|7-30d,0.016783805914797615,93,93,0,0
ETH-pm2-20260108,ETH,ETH|sell|00-10|<=2d,0.019361835346794896,253,253,0,0
ETH-pm2-20260108,ETH,ETH|sell|00-10|>90d,0.001412532516524415,4,4,0,0
ETH-pm2-20260108,ETH,ETH|sell|10-25|2-7d,0.019309595010497744,92,92,0,0
ETH-pm2-20260108,ETH,ETH|sell|10-25|30-90d,0.011762888536150751,83,83,0,0
ETH-pm2-20260108,ETH,ETH|sell|10-25|7-30d,0.016734002440359157,120,120,0,0
ETH-pm2-20260108,ETH,ETH|sell|10-25|<=2d,0.01973529808597544,98,98,0,0
ETH-pm2-20260108,ETH,ETH|sell|10-25|>90d,0.0018333732777856347,21,21,0,0
ETH-pm2-20260108,ETH,ETH|sell|25-40|2-7d,0.02050172554673011,79,79,0,0
ETH-pm2-20260108,ETH,ETH|sell|25-40|30-90d,0.01488848537715453,82,82,0,0
ETH-pm2-20260108,ETH,ETH|sell|25-40|7-30d,0.01784383595324424,90,90,0,0
ETH-pm2-20260108,ETH,ETH|sell|25-40|<=2d,0.0201135765231831,211,211,0,0
ETH-pm2-20260108,ETH,ETH|sell|25-40|>90d,0.00042800113699101116,20,20,0,0
ETH-pm2-20260108,ETH,ETH|sell|40-60|2-7d,0.021530151264318308,126,126,0,0
ETH-pm2-20260108,ETH,ETH|sell|40-60|30-90d,0.01760841806384972,72,72,0,0
ETH-pm2-20260108,ETH,ETH|sell|40-60|7-30d,0.022023786944545994,82,82,0,0
ETH-pm2-20260108,ETH,ETH|sell|40-60|<=2d,0.020564465325544262,134,134,0,0
ETH-pm2-20260108,ETH,ETH|sell|40-60|>90d,0.0009570975548364226,23,23,0,0
ETH-pm2-20260108,ETH,ETH|sell|60-75|2-7d,0.023005403735060537,17,17,0,0
ETH-pm2-20260108,ETH,ETH|sell|60-75|30-90d,0.019852604033809652,11,11,0,0
ETH-pm2-20260108,ETH,ETH|sell|60-75|7-30d,0.02542896482322929,16,16,0,0
ETH-pm2-20260108,ETH,ETH|sell|60-75|<=2d,0.021301809276445843,27,27,0,0
ETH-pm2-20260108,ETH,ETH|sell|60-75|>90d,0.005404012525829482,7,7,0,0
ETH-pm2-20260108,ETH,ETH|sell|75-90|2-7d,0.02633219048052005,6,6,0,0
ETH-pm2-20260108,ETH,ETH|sell|75-90|30-90d,0.03167217360123623,3,3,0,0
ETH-pm2-20260108,ETH,ETH|sell|75-90|7-30d,0.03258706666314402,16,16,0,0
ETH-pm2-20260108,ETH,ETH|sell|75-90|<=2d,0.022075522173033494,11,11,0,0
ETH-pm2-20260108,ETH,ETH|sell|75-90|>90d,0.0,1,1,0,0
ETH-pm2-20260108,ETH,ETH|sell|90-100|2-7d,0.03060541416243863,3,3,0,0
ETH-pm2-20260108,ETH,ETH|sell|90-100|30-90d,0.03872116955576557,1,1,0,0
ETH-pm2-20260108,ETH,ETH|sell|90-100|7-30d,0.041201639563739914,2,2,0,0
ETH-pm2-20260108,ETH,ETH|sell|90-100|<=2d,0.02634297693906544,18,18,0,0
ETH-pm2-20260123,ETH,ETH|buy|00-10|2-7d,0.0,51,51,0,0
ETH-pm2-20260123,ETH,ETH|buy|00-10|30-90d,0.0,92,92,0,0
ETH-pm2-20260123,ETH,ETH|buy|00-10|7-30d,0.0,100,100,0,0
ETH-pm2-20260123,ETH,ETH|buy|00-10|<=2d,0.0,24,24,0,0
ETH-pm2-20260123,ETH,ETH|buy|00-10|>90d,0.0,5,5,0,0
ETH-pm2-20260123,ETH,ETH|buy|10-25|2-7d,0.0,68,68,0,0
ETH-pm2-20260123,ETH,ETH|buy|10-25|30-90d,0.0,129,129,0,0
ETH-pm2-20260123,ETH,ETH|buy|10-25|7-30d,0.0,138,138,0,0
ETH-pm2-20260123,ETH,ETH|buy|10-25|<=2d,0.0,39,39,0,0
ETH-pm2-20260123,ETH,ETH|buy|10-25|>90d,0.0,17,17,0,0
ETH-pm2-20260123,ETH,ETH|buy|25-40|2-7d,0.0,40,40,0,0
ETH-pm2-20260123,ETH,ETH|buy|25-40|30-90d,0.0,131,131,0,0
ETH-pm2-20260123,ETH,ETH|buy|25-40|7-30d,0.0,79,79,0,0
ETH-pm2-20260123,ETH,ETH|buy|25-40|<=2d,0.0,48,48,0,0
ETH-pm2-20260123,ETH,ETH|buy|25-40|>90d,0.0,39,39,0,0
ETH-pm2-20260123,ETH,ETH|buy|40-60|2-7d,0.0,84,84,0,0
ETH-pm2-20260123,ETH,ETH|buy|40-60|30-90d,0.0,51,51,0,0
ETH-pm2-20260123,ETH,ETH|buy|40-60|7-30d,0.0,81,81,0,0
ETH-pm2-20260123,ETH,ETH|buy|40-60|<=2d,0.0,56,56,0,0
ETH-pm2-20260123,ETH,ETH|buy|40-60|>90d,0.0,31,31,0,0
ETH-pm2-20260123,ETH,ETH|buy|60-75|2-7d,0.0,25,25,0,0
ETH-pm2-20260123,ETH,ETH|buy|60-75|30-90d,0.0,15,15,0,0
ETH-pm2-20260123,ETH,ETH|buy|60-75|7-30d,0.0,25,25,0,0
ETH-pm2-20260123,ETH,ETH|buy|60-75|<=2d,0.0,25,25,0,0
ETH-pm2-20260123,ETH,ETH|buy|60-75|>90d,0.0,4,4,0,0
ETH-pm2-20260123,ETH,ETH|buy|75-90|2-7d,0.0,14,14,0,0
ETH-pm2-20260123,ETH,ETH|buy|75-90|30-90d,0.0,6,6,0,0
ETH-pm2-20260123,ETH,ETH|buy|75-90|7-30d,0.0,12,12,0,0
ETH-pm2-20260123,ETH,ETH|buy|75-90|<=2d,0.0,14,14,0,0
ETH-pm2-20260123,ETH,ETH|buy|75-90|>90d,0.0,2,2,0,0
ETH-pm2-20260123,ETH,ETH|buy|90-100|2-7d,0.0,3,3,0,0
ETH-pm2-20260123,ETH,ETH|buy|90-100|30-90d,0.0,4,4,0,0
ETH-pm2-20260123,ETH,ETH|buy|90-100|7-30d,0.0,3,3,0,0
ETH-pm2-20260123,ETH,ETH|buy|90-100|<=2d,0.0,13,13,0,0
ETH-pm2-20260123,ETH,ETH|buy|90-100|>90d,0.0,1,1,0,0
ETH-pm2-20260123,ETH,ETH|sell|00-10|2-7d,-0.23491948866257636,114,114,0,0
ETH-pm2-20260123,ETH,ETH|sell|00-10|30-90d,-0.26221940656967974,69,69,0,0
ETH-pm2-20260123,ETH,ETH|sell|00-10|7-30d,-0.2712733312107128,100,100,0,0
ETH-pm2-20260123,ETH,ETH|sell|00-10|<=2d,-0.07599374210660785,185,185,0,0
ETH-pm2-20260123,ETH,ETH|sell|00-10|>90d,-0.2714164009423919,4,4,0,0
ETH-pm2-20260123,ETH,ETH|sell|10-25|2-7d,-0.0405485821904805,82,82,0,0
ETH-pm2-20260123,ETH,ETH|sell|10-25|30-90d,-0.17393786227707508,114,114,0,0
ETH-pm2-20260123,ETH,ETH|sell|10-25|7-30d,-0.16174810879970306,117,117,0,0
ETH-pm2-20260123,ETH,ETH|sell|10-25|<=2d,-0.0003502699908770979,108,108,0,0
ETH-pm2-20260123,ETH,ETH|sell|10-25|>90d,-0.03247194292412453,23,23,0,0
ETH-pm2-20260123,ETH,ETH|sell|25-40|2-7d,-0.000882599910657284,81,81,0,0
ETH-pm2-20260123,ETH,ETH|sell|25-40|30-90d,-0.031452236783694736,66,66,0,0
ETH-pm2-20260123,ETH,ETH|sell|25-40|7-30d,-0.022442371529115122,84,84,0,0
ETH-pm2-20260123,ETH,ETH|sell|25-40|<=2d,0.0,101,101,0,0
ETH-pm2-20260123,ETH,ETH|sell|25-40|>90d,0.0,19,19,0,0
ETH-pm2-20260123,ETH,ETH|sell|40-60|2-7d,0.0,125,125,0,0
ETH-pm2-20260123,ETH,ETH|sell|40-60|30-90d,0.0,48,48,0,0
ETH-pm2-20260123,ETH,ETH|sell|40-60|7-30d,0.0,62,62,0,0
ETH-pm2-20260123,ETH,ETH|sell|40-60|<=2d,0.0,91,91,0,0
ETH-pm2-20260123,ETH,ETH|sell|40-60|>90d,0.0,10,10,0,0
ETH-pm2-20260123,ETH,ETH|sell|60-75|2-7d,0.0,30,30,0,0
ETH-pm2-20260123,ETH,ETH|sell|60-75|30-90d,0.0,11,11,0,0
ETH-pm2-20260123,ETH,ETH|sell|60-75|7-30d,0.0,23,23,0,0
ETH-pm2-20260123,ETH,ETH|sell|60-75|<=2d,0.0,30,30,0,0
ETH-pm2-20260123,ETH,ETH|sell|60-75|>90d,0.0,5,5,0,0
ETH-pm2-20260123,ETH,ETH|sell|75-90|2-7d,0.0,11,11,0,0
ETH-pm2-20260123,ETH,ETH|sell|75-90|30-90d,0.0,4,4,0,0
ETH-pm2-20260123,ETH,ETH|sell|75-90|7-30d,0.0,14,14,0,0
ETH-pm2-20260123,ETH,ETH|sell|75-90|<=2d,0.0,10,10,0,0
ETH-pm2-20260123,ETH,ETH|sell|75-90|>90d,0.0,2,2,0,0
ETH-pm2-20260123,ETH,ETH|sell|90-100|2-7d,0.0,6,6,0,0
ETH-pm2-20260123,ETH,ETH|sell|90-100|30-90d,0.0,4,4,0,0
ETH-pm2-20260123,ETH,ETH|sell|90-100|7-30d,0.0,9,9,0,0
ETH-pm2-20260123,ETH,ETH|sell|90-100|<=2d,0.0,14,14,0,0
ETH-pm2-20260123,ETH,ETH|sell|90-100|>90d,0.0,1,1,0,0
ETH-pm2-20260524,ETH,ETH|buy|00-10|2-7d,0.0,153,153,0,0
ETH-pm2-20260524,ETH,ETH|buy|00-10|30-90d,0.0,79,79,0,0
ETH-pm2-20260524,ETH,ETH|buy|00-10|7-30d,0.0,109,109,0,0
ETH-pm2-20260524,ETH,ETH|buy|00-10|<=2d,0.0,64,64,0,0
ETH-pm2-20260524,ETH,ETH|buy|00-10|>90d,0.0,3,3,0,0
ETH-pm2-20260524,ETH,ETH|buy|10-25|2-7d,0.0,222,222,0,0
ETH-pm2-20260524,ETH,ETH|buy|10-25|30-90d,0.0,168,168,0,0
ETH-pm2-20260524,ETH,ETH|buy|10-25|7-30d,0.0,148,148,0,0
ETH-pm2-20260524,ETH,ETH|buy|10-25|<=2d,0.0,56,56,0,0
ETH-pm2-20260524,ETH,ETH|buy|10-25|>90d,0.0,40,40,0,0
ETH-pm2-20260524,ETH,ETH|buy|25-40|2-7d,0.0,78,78,0,0
ETH-pm2-20260524,ETH,ETH|buy|25-40|30-90d,0.0,105,105,0,0
ETH-pm2-20260524,ETH,ETH|buy|25-40|7-30d,0.0,116,116,0,0
ETH-pm2-20260524,ETH,ETH|buy|25-40|<=2d,0.0,48,48,0,0
ETH-pm2-20260524,ETH,ETH|buy|25-40|>90d,0.0,49,49,0,0
ETH-pm2-20260524,ETH,ETH|buy|40-60|2-7d,0.0,88,88,0,0
ETH-pm2-20260524,ETH,ETH|buy|40-60|30-90d,0.0,52,52,0,0
ETH-pm2-20260524,ETH,ETH|buy|40-60|7-30d,0.0,128,128,0,0
ETH-pm2-20260524,ETH,ETH|buy|40-60|<=2d,0.0,37,37,0,0
ETH-pm2-20260524,ETH,ETH|buy|40-60|>90d,0.0,59,59,0,0
ETH-pm2-20260524,ETH,ETH|buy|60-75|2-7d,0.0,48,48,0,0
ETH-pm2-20260524,ETH,ETH|buy|60-75|30-90d,0.0,19,19,0,0
ETH-pm2-20260524,ETH,ETH|buy|60-75|7-30d,0.0,28,28,0,0
ETH-pm2-20260524,ETH,ETH|buy|60-75|<=2d,0.0,47,47,0,0
ETH-pm2-20260524,ETH,ETH|buy|60-75|>90d,0.0,4,4,0,0
ETH-pm2-20260524,ETH,ETH|buy|75-90|2-7d,0.0,24,24,0,0
ETH-pm2-20260524,ETH,ETH|buy|75-90|30-90d,0.0,11,11,0,0
ETH-pm2-20260524,ETH,ETH|buy|75-90|7-30d,0.0,14,14,0,0
ETH-pm2-20260524,ETH,ETH|buy|75-90|<=2d,0.0,54,54,0,0
ETH-pm2-20260524,ETH,ETH|buy|90-100|2-7d,0.0008642420148095185,36,36,0,0
ETH-pm2-20260524,ETH,ETH|buy|90-100|30-90d,0.002153800684442438,4,4,0,0
ETH-pm2-20260524,ETH,ETH|buy|90-100|7-30d,0.005949109227438903,17,17,0,0
ETH-pm2-20260524,ETH,ETH|buy|90-100|<=2d,0.0,33,33,0,0
ETH-pm2-20260524,ETH,ETH|buy|90-100|>90d,0.005985343257307429,3,3,0,0
ETH-pm2-20260524,ETH,ETH|sell|00-10|2-7d,-0.006714219094966861,200,200,0,0
ETH-pm2-20260524,ETH,ETH|sell|00-10|30-90d,-0.010031316013010556,172,172,0,0
ETH-pm2-20260524,ETH,ETH|sell|00-10|7-30d,-0.0009988516954771009,148,148,0,0
ETH-pm2-20260524,ETH,ETH|sell|00-10|<=2d,-0.0010795692457479598,244,244,0,0
ETH-pm2-20260524,ETH,ETH|sell|00-10|>90d,-0.025608329127459018,56,56,0,0
ETH-pm2-20260524,ETH,ETH|sell|10-25|2-7d,-0.004828765063817942,145,145,0,0
ETH-pm2-20260524,ETH,ETH|sell|10-25|30-90d,-0.02160186240080783,140,140,0,0
ETH-pm2-20260524,ETH,ETH|sell|10-25|7-30d,-0.016544659647213838,207,207,0,0
ETH-pm2-20260524,ETH,ETH|sell|10-25|<=2d,-0.00035643949643969974,170,170,0,0
ETH-pm2-20260524,ETH,ETH|sell|10-25|>90d,-0.05450677724995359,34,34,0,0
ETH-pm2-20260524,ETH,ETH|sell|25-40|2-7d,-0.0018182871430136621,123,123,0,0
ETH-pm2-20260524,ETH,ETH|sell|25-40|30-90d,-0.0265148818684368,124,124,0,0
ETH-pm2-20260524,ETH,ETH|sell|25-40|7-30d,-0.010888838171164377,107,107,0,0
ETH-pm2-20260524,ETH,ETH|sell|25-40|<=2d,-0.00010428237896903942,110,110,0,0
ETH-pm2-20260524,ETH,ETH|sell|25-40|>90d,-0.04294129784658121,42,42,0,0
ETH-pm2-20260524,ETH,ETH|sell|40-60|2-7d,-0.0010962089891613288,100,100,0,0
ETH-pm2-20260524,ETH,ETH|sell|40-60|30-90d,-0.01965365664575264,40,40,0,0
ETH-pm2-20260524,ETH,ETH|sell|40-60|7-30d,-0.007004370490213441,108,108,0,0
ETH-pm2-20260524,ETH,ETH|sell|40-60|<=2d,-9.949035882164176e-05,84,84,0,0
ETH-pm2-20260524,ETH,ETH|sell|40-60|>90d,-0.03768594854583471,45,45,0,0
ETH-pm2-20260524,ETH,ETH|sell|60-75|2-7d,-0.0005988391398999137,53,53,0,0
ETH-pm2-20260524,ETH,ETH|sell|60-75|30-90d,-0.012596546960875385,23,23,0,0
ETH-pm2-20260524,ETH,ETH|sell|60-75|7-30d,-0.003192931706611292,23,23,0,0
ETH-pm2-20260524,ETH,ETH|sell|60-75|<=2d,-4.691944308795458e-05,79,79,0,0
ETH-pm2-20260524,ETH,ETH|sell|60-75|>90d,-0.02530634128877295,5,5,0,0
ETH-pm2-20260524,ETH,ETH|sell|75-90|2-7d,-0.00030437584534239896,30,30,0,0
ETH-pm2-20260524,ETH,ETH|sell|75-90|30-90d,-0.008364522139730041,19,19,0,0
ETH-pm2-20260524,ETH,ETH|sell|75-90|7-30d,-0.0033221617220710754,24,24,0,0
ETH-pm2-20260524,ETH,ETH|sell|75-90|<=2d,-2.2506007251476076e-05,38,38,0,0
ETH-pm2-20260524,ETH,ETH|sell|75-90|>90d,-0.015306604860486435,3,3,0,0
ETH-pm2-20260524,ETH,ETH|sell|90-100|2-7d,-0.0005520336721375643,27,27,0,0
ETH-pm2-20260524,ETH,ETH|sell|90-100|30-90d,-0.0035601242815213557,11,11,0,0
ETH-pm2-20260524,ETH,ETH|sell|90-100|7-30d,-0.0008036750461361629,12,12,0,0
ETH-pm2-20260524,ETH,ETH|sell|90-100|<=2d,-7.516101197826214e-05,17,17,0,0
ETH-pm2-20260820,ETH,ETH|buy|00-10|2-7d,-3.125267250023201e-08,114,114,0,0
ETH-pm2-20260820,ETH,ETH|buy|00-10|30-90d,-0.020644357744565096,62,61,1,0
ETH-pm2-20260820,ETH,ETH|buy|00-10|7-30d,-0.0006826240435791972,125,125,0,0
ETH-pm2-20260820,ETH,ETH|buy|00-10|<=2d,0.0,71,71,0,0
ETH-pm2-20260820,ETH,ETH|buy|00-10|>90d,-0.050586018116725175,17,17,0,0
ETH-pm2-20260820,ETH,ETH|buy|10-25|2-7d,-6.486711787193169e-08,136,136,0,0
ETH-pm2-20260820,ETH,ETH|buy|10-25|30-90d,-0.033855501270517147,135,135,0,0
ETH-pm2-20260820,ETH,ETH|buy|10-25|7-30d,-0.0014810967223641402,258,258,0,0
ETH-pm2-20260820,ETH,ETH|buy|10-25|<=2d,-1.441848083928775e-18,154,154,0,0
ETH-pm2-20260820,ETH,ETH|buy|10-25|>90d,-0.06346605053729806,40,40,0,0
ETH-pm2-20260820,ETH,ETH|buy|25-40|2-7d,-2.6211598486081397e-07,106,106,0,0
ETH-pm2-20260820,ETH,ETH|buy|25-40|30-90d,-0.04867236545611751,81,81,0,0
ETH-pm2-20260820,ETH,ETH|buy|25-40|7-30d,-0.0027515293795459376,172,172,0,0
ETH-pm2-20260820,ETH,ETH|buy|25-40|<=2d,-1.3677035151313722e-14,73,73,0,0
ETH-pm2-20260820,ETH,ETH|buy|25-40|>90d,-0.08657162883429657,19,19,0,0
ETH-pm2-20260820,ETH,ETH|buy|40-60|2-7d,-5.045109632430222e-06,111,111,0,0
ETH-pm2-20260820,ETH,ETH|buy|40-60|30-90d,-0.06655644785933573,83,83,0,0
ETH-pm2-20260820,ETH,ETH|buy|40-60|7-30d,-0.01015580356969363,76,76,0,0
ETH-pm2-20260820,ETH,ETH|buy|40-60|<=2d,-2.6840582489213585e-12,59,59,0,0
ETH-pm2-20260820,ETH,ETH|buy|40-60|>90d,-0.10816046801056226,91,91,0,0
ETH-pm2-20260820,ETH,ETH|buy|60-75|2-7d,-1.8896452081981063e-05,38,38,0,0
ETH-pm2-20260820,ETH,ETH|buy|60-75|30-90d,-0.09303022639164579,69,69,0,0
ETH-pm2-20260820,ETH,ETH|buy|60-75|7-30d,-0.014340074358535921,49,49,0,0
ETH-pm2-20260820,ETH,ETH|buy|60-75|<=2d,-2.8132565722034196e-12,32,32,0,0
ETH-pm2-20260820,ETH,ETH|buy|60-75|>90d,-0.10967003057776982,50,50,0,0
ETH-pm2-20260820,ETH,ETH|buy|75-90|2-7d,-0.000106704788574968,28,28,0,0
ETH-pm2-20260820,ETH,ETH|buy|75-90|30-90d,-0.106891698298468,43,43,0,0
ETH-pm2-20260820,ETH,ETH|buy|75-90|7-30d,-0.04227387809553592,47,47,0,0
ETH-pm2-20260820,ETH,ETH|buy|75-90|<=2d,-3.1423859729823652e-06,22,22,0,0
ETH-pm2-20260820,ETH,ETH|buy|75-90|>90d,-0.11012184092836924,35,35,0,0
ETH-pm2-20260820,ETH,ETH|buy|90-100|2-7d,-0.0022563961479829557,3,3,0,0
ETH-pm2-20260820,ETH,ETH|buy|90-100|30-90d,-0.1020995615608225,8,8,0,0
ETH-pm2-20260820,ETH,ETH|buy|90-100|7-30d,-0.09661147424457359,29,29,0,0
ETH-pm2-20260820,ETH,ETH|buy|90-100|<=2d,-0.0080576391267056,41,41,0,0
ETH-pm2-20260820,ETH,ETH|buy|90-100|>90d,-0.1083972995064018,1,1,0,0
ETH-pm2-20260820,ETH,ETH|sell|00-10|2-7d,-0.20085817033106576,103,103,0,0
ETH-pm2-20260820,ETH,ETH|sell|00-10|30-90d,-0.375937624102721,99,99,0,0
ETH-pm2-20260820,ETH,ETH|sell|00-10|7-30d,-0.21433481861364803,213,213,0,0
ETH-pm2-20260820,ETH,ETH|sell|00-10|<=2d,-0.17412919874102348,188,188,0,0
ETH-pm2-20260820,ETH,ETH|sell|00-10|>90d,-0.5150583977127383,20,20,0,0
ETH-pm2-20260820,ETH,ETH|sell|10-25|2-7d,-0.16477501763324656,130,130,0,0
ETH-pm2-20260820,ETH,ETH|sell|10-25|30-90d,-0.21307629899399574,148,148,0,0
ETH-pm2-20260820,ETH,ETH|sell|10-25|7-30d,-0.20175882753852709,238,238,0,0
ETH-pm2-20260820,ETH,ETH|sell|10-25|<=2d,-0.15041978844200082,149,149,0,0
ETH-pm2-20260820,ETH,ETH|sell|10-25|>90d,-0.22080762462589354,41,41,0,0
ETH-pm2-20260820,ETH,ETH|sell|25-40|2-7d,-0.1482744864547241,66,66,0,0
ETH-pm2-20260820,ETH,ETH|sell|25-40|30-90d,-0.15892974836719867,66,66,0,0
ETH-pm2-20260820,ETH,ETH|sell|25-40|7-30d,-0.1626794941701562,125,125,0,0
ETH-pm2-20260820,ETH,ETH|sell|25-40|<=2d,-0.1414648043765982,102,102,0,0
ETH-pm2-20260820,ETH,ETH|sell|25-40|>90d,-0.1485059565240325,46,46,0,0
ETH-pm2-20260820,ETH,ETH|sell|40-60|2-7d,-0.14102359791196623,77,77,0,0
ETH-pm2-20260820,ETH,ETH|sell|40-60|30-90d,-0.14798604240065796,117,117,0,0
ETH-pm2-20260820,ETH,ETH|sell|40-60|7-30d,-0.1485085232978825,91,91,0,0
ETH-pm2-20260820,ETH,ETH|sell|40-60|<=2d,-0.13735092709228622,81,81,0,0
ETH-pm2-20260820,ETH,ETH|sell|40-60|>90d,-0.13835203830487414,113,113,0,0
ETH-pm2-20260820,ETH,ETH|sell|60-75|2-7d,-0.13044993381942135,30,30,0,0
ETH-pm2-20260820,ETH,ETH|sell|60-75|30-90d,-0.1378362633175489,40,40,0,0
ETH-pm2-20260820,ETH,ETH|sell|60-75|7-30d,-0.13774190489417923,45,45,0,0
ETH-pm2-20260820,ETH,ETH|sell|60-75|<=2d,-0.13355723799731703,48,48,0,0
ETH-pm2-20260820,ETH,ETH|sell|60-75|>90d,-0.13260872202163884,24,24,0,0
ETH-pm2-20260820,ETH,ETH|sell|75-90|2-7d,-0.13299015252874644,14,14,0,0
ETH-pm2-20260820,ETH,ETH|sell|75-90|30-90d,-0.1320769480946036,25,25,0,0
ETH-pm2-20260820,ETH,ETH|sell|75-90|7-30d,-0.13177519798535134,65,65,0,0
ETH-pm2-20260820,ETH,ETH|sell|75-90|<=2d,-0.1315398942133594,24,24,0,0
ETH-pm2-20260820,ETH,ETH|sell|75-90|>90d,-0.12506237861975503,20,20,0,0
ETH-pm2-20260820,ETH,ETH|sell|90-100|2-7d,-0.14135580983153614,1,1,0,0
ETH-pm2-20260820,ETH,ETH|sell|90-100|30-90d,-0.12711674058457237,12,12,0,0
ETH-pm2-20260820,ETH,ETH|sell|90-100|7-30d,-0.1290788407660503,45,45,0,0
ETH-pm2-20260820,ETH,ETH|sell|90-100|<=2d,-0.12972002053826448,69,69,0,0
ETH-pm2-20260820,ETH,ETH|sell|90-100|>90d,-0.12716210463583175,1,1,0,0
HYPE-pm2-20260108,HYPE,HYPE|buy|00-10|2-7d,8.992806499463688e-15,2,2,0,0
HYPE-pm2-20260108,HYPE,HYPE|buy|00-10|7-30d,3.176675270492157e-06,1,1,0,0
HYPE-pm2-20260108,HYPE,HYPE|buy|10-25|2-7d,1.2851323179783497e-11,14,14,0,0
HYPE-pm2-20260108,HYPE,HYPE|buy|10-25|30-90d,0.0007112546029042075,24,24,0,0
HYPE-pm2-20260108,HYPE,HYPE|buy|10-25|7-30d,0.0003234626122558616,15,15,0,0
HYPE-pm2-20260108,HYPE,HYPE|buy|10-25|<=2d,0.0,18,18,0,0
HYPE-pm2-20260108,HYPE,HYPE|buy|25-40|2-7d,3.1225750139238733e-10,13,13,0,0
HYPE-pm2-20260108,HYPE,HYPE|buy|25-40|30-90d,0.0019194633385754595,7,7,0,0
HYPE-pm2-20260108,HYPE,HYPE|buy|25-40|7-30d,0.00015585975440525943,14,14,0,0
HYPE-pm2-20260108,HYPE,HYPE|buy|25-40|<=2d,0.0,11,11,0,0
HYPE-pm2-20260108,HYPE,HYPE|buy|40-60|2-7d,3.7729894721109264e-07,8,8,0,0
HYPE-pm2-20260108,HYPE,HYPE|buy|40-60|30-90d,0.000792547565504654,17,17,0,0
HYPE-pm2-20260108,HYPE,HYPE|buy|40-60|7-30d,0.00013580222464741718,4,4,0,0
HYPE-pm2-20260108,HYPE,HYPE|buy|40-60|<=2d,0.0,8,8,0,0
HYPE-pm2-20260108,HYPE,HYPE|buy|60-75|<=2d,0.0,2,2,0,0
HYPE-pm2-20260108,HYPE,HYPE|buy|75-90|7-30d,0.001487218987175223,2,2,0,0
HYPE-pm2-20260108,HYPE,HYPE|buy|75-90|<=2d,0.0,1,1,0,0
HYPE-pm2-20260108,HYPE,HYPE|buy|90-100|2-7d,0.00040446782445140264,2,2,0,0
HYPE-pm2-20260108,HYPE,HYPE|sell|00-10|<=2d,0.018794342235821507,9,9,0,0
HYPE-pm2-20260108,HYPE,HYPE|sell|10-25|2-7d,0.018911576334803084,3,3,0,0
HYPE-pm2-20260108,HYPE,HYPE|sell|10-25|30-90d,0.015381391340698231,1,1,0,0
HYPE-pm2-20260108,HYPE,HYPE|sell|10-25|7-30d,0.017352586857374817,1,1,0,0
HYPE-pm2-20260108,HYPE,HYPE|sell|10-25|<=2d,0.018976585337361764,14,14,0,0
HYPE-pm2-20260108,HYPE,HYPE|sell|25-40|2-7d,0.01832638134531546,1,1,0,0
HYPE-pm2-20260108,HYPE,HYPE|sell|25-40|30-90d,0.015177795054974446,2,2,0,0
HYPE-pm2-20260108,HYPE,HYPE|sell|25-40|7-30d,0.018479561782377082,1,1,0,0
HYPE-pm2-20260108,HYPE,HYPE|sell|25-40|<=2d,0.019497402932529245,10,10,0,0
HYPE-pm2-20260108,HYPE,HYPE|sell|40-60|2-7d,0.018690862931184667,5,5,0,0
HYPE-pm2-20260108,HYPE,HYPE|sell|40-60|30-90d,0.014787072025833936,11,11,0,0
HYPE-pm2-20260108,HYPE,HYPE|sell|40-60|7-30d,0.01766286968391742,7,7,0,0
HYPE-pm2-20260108,HYPE,HYPE|sell|40-60|<=2d,0.01946109062360428,20,20,0,0
HYPE-pm2-20260108,HYPE,HYPE|sell|60-75|<=2d,0.02086298113169705,2,2,0,0
HYPE-pm2-20260508,HYPE,HYPE|buy|00-10|2-7d,0.0,5,5,0,0
HYPE-pm2-20260508,HYPE,HYPE|buy|00-10|30-90d,0.0,7,7,0,0
HYPE-pm2-20260508,HYPE,HYPE|buy|00-10|7-30d,0.0,20,20,0,0
HYPE-pm2-20260508,HYPE,HYPE|buy|00-10|<=2d,0.0,3,3,0,0
HYPE-pm2-20260508,HYPE,HYPE|buy|00-10|>90d,0.0,8,8,0,0
HYPE-pm2-20260508,HYPE,HYPE|buy|10-25|2-7d,0.0,68,68,0,0
HYPE-pm2-20260508,HYPE,HYPE|buy|10-25|30-90d,0.0,88,88,0,0
HYPE-pm2-20260508,HYPE,HYPE|buy|10-25|7-30d,0.0,217,217,0,0
HYPE-pm2-20260508,HYPE,HYPE|buy|10-25|<=2d,0.0,26,26,0,0
HYPE-pm2-20260508,HYPE,HYPE|buy|10-25|>90d,0.0,36,36,0,0
HYPE-pm2-20260508,HYPE,HYPE|buy|25-40|2-7d,0.0,76,76,0,0
HYPE-pm2-20260508,HYPE,HYPE|buy|25-40|30-90d,0.0,116,116,0,0
HYPE-pm2-20260508,HYPE,HYPE|buy|25-40|7-30d,0.0,167,167,0,0
HYPE-pm2-20260508,HYPE,HYPE|buy|25-40|<=2d,0.0,31,31,0,0
HYPE-pm2-20260508,HYPE,HYPE|buy|25-40|>90d,0.0,16,16,0,0
HYPE-pm2-20260508,HYPE,HYPE|buy|40-60|2-7d,0.0,31,31,0,0
HYPE-pm2-20260508,HYPE,HYPE|buy|40-60|30-90d,0.0,27,27,0,0
HYPE-pm2-20260508,HYPE,HYPE|buy|40-60|7-30d,0.0,78,78,0,0
HYPE-pm2-20260508,HYPE,HYPE|buy|40-60|<=2d,0.0,84,84,0,0
HYPE-pm2-20260508,HYPE,HYPE|buy|40-60|>90d,0.0,28,28,0,0
HYPE-pm2-20260508,HYPE,HYPE|buy|60-75|2-7d,0.0,10,10,0,0
HYPE-pm2-20260508,HYPE,HYPE|buy|60-75|30-90d,0.0,6,6,0,0
HYPE-pm2-20260508,HYPE,HYPE|buy|60-75|7-30d,0.0,47,47,0,0
HYPE-pm2-20260508,HYPE,HYPE|buy|60-75|<=2d,0.0,20,20,0,0
HYPE-pm2-20260508,HYPE,HYPE|buy|60-75|>90d,0.0,3,3,0,0
HYPE-pm2-20260508,HYPE,HYPE|buy|75-90|2-7d,0.0,6,6,0,0
HYPE-pm2-20260508,HYPE,HYPE|buy|75-90|30-90d,0.0,3,3,0,0
HYPE-pm2-20260508,HYPE,HYPE|buy|75-90|7-30d,0.0,66,66,0,0
HYPE-pm2-20260508,HYPE,HYPE|buy|75-90|<=2d,0.0,2,2,0,0
HYPE-pm2-20260508,HYPE,HYPE|buy|75-90|>90d,0.0,4,4,0,0
HYPE-pm2-20260508,HYPE,HYPE|buy|90-100|2-7d,0.0,4,4,0,0
HYPE-pm2-20260508,HYPE,HYPE|buy|90-100|7-30d,0.0,1,1,0,0
HYPE-pm2-20260508,HYPE,HYPE|buy|90-100|<=2d,0.0,1,1,0,0
HYPE-pm2-20260508,HYPE,HYPE|sell|00-10|2-7d,-0.04410905130446035,28,28,0,0
HYPE-pm2-20260508,HYPE,HYPE|sell|00-10|30-90d,-0.06643167197675484,10,10,0,0
HYPE-pm2-20260508,HYPE,HYPE|sell|00-10|7-30d,-0.047763431948993136,21,21,0,0
HYPE-pm2-20260508,HYPE,HYPE|sell|00-10|<=2d,-0.03979117454862881,18,18,0,0
HYPE-pm2-20260508,HYPE,HYPE|sell|00-10|>90d,-0.1166467406253245,2,2,0,0
HYPE-pm2-20260508,HYPE,HYPE|sell|10-25|2-7d,-0.039796509184213756,51,51,0,0
HYPE-pm2-20260508,HYPE,HYPE|sell|10-25|30-90d,-0.05600430261703096,25,25,0,0
HYPE-pm2-20260508,HYPE,HYPE|sell|10-25|7-30d,-0.04194000668079095,133,133,0,0
HYPE-pm2-20260508,HYPE,HYPE|sell|10-25|<=2d,-0.03898343701211311,34,34,0,0
HYPE-pm2-20260508,HYPE,HYPE|sell|10-25|>90d,-0.0666863947215605,13,13,0,0
HYPE-pm2-20260508,HYPE,HYPE|sell|25-40|2-7d,-0.03902170504231793,35,35,0,0
HYPE-pm2-20260508,HYPE,HYPE|sell|25-40|30-90d,-0.043676143603824595,24,24,0,0
HYPE-pm2-20260508,HYPE,HYPE|sell|25-40|7-30d,-0.04079069844812885,76,76,0,0
HYPE-pm2-20260508,HYPE,HYPE|sell|25-40|<=2d,-0.03868327340568115,33,33,0,0
HYPE-pm2-20260508,HYPE,HYPE|sell|25-40|>90d,-0.04233141339854087,18,18,0,0
HYPE-pm2-20260508,HYPE,HYPE|sell|40-60|2-7d,-0.03852045342937646,25,25,0,0
HYPE-pm2-20260508,HYPE,HYPE|sell|40-60|30-90d,-0.03966276975136746,22,22,0,0
HYPE-pm2-20260508,HYPE,HYPE|sell|40-60|7-30d,-0.039232139830893686,71,71,0,0
HYPE-pm2-20260508,HYPE,HYPE|sell|40-60|<=2d,-0.03849280262436162,41,41,0,0
HYPE-pm2-20260508,HYPE,HYPE|sell|40-60|>90d,-0.040139193453740465,33,33,0,0
HYPE-pm2-20260508,HYPE,HYPE|sell|60-75|2-7d,-0.03862582436540114,13,13,0,0
HYPE-pm2-20260508,HYPE,HYPE|sell|60-75|30-90d,-0.03855689740942831,2,2,0,0
HYPE-pm2-20260508,HYPE,HYPE|sell|60-75|7-30d,-0.038742237865069286,12,12,0,0
HYPE-pm2-20260508,HYPE,HYPE|sell|60-75|<=2d,-0.0383826838286065,5,5,0,0
HYPE-pm2-20260508,HYPE,HYPE|sell|60-75|>90d,-0.03606648288890518,3,3,0,0
HYPE-pm2-20260508,HYPE,HYPE|sell|75-90|2-7d,-0.03779021841359592,5,5,0,0
HYPE-pm2-20260508,HYPE,HYPE|sell|75-90|7-30d,-0.0379948404637447,6,6,0,0
HYPE-pm2-20260508,HYPE,HYPE|sell|75-90|<=2d,-0.039283083435253205,4,4,0,0
HYPE-pm2-20260508,HYPE,HYPE|sell|75-90|>90d,-0.03367122616985061,6,6,0,0
HYPE-pm2-20260508,HYPE,HYPE|sell|90-100|2-7d,-0.03772172035388099,1,1,0,0
HYPE-pm2-20260508,HYPE,HYPE|sell|90-100|7-30d,-0.038148000032603976,4,4,0,0
HYPE-pm2-20260508,HYPE,HYPE|sell|90-100|>90d,-0.0343299672885386,8,8,0,0
HYPE-pm2-20260524,HYPE,HYPE|buy|00-10|2-7d,-0.09613204696747572,4,4,0,0
HYPE-pm2-20260524,HYPE,HYPE|buy|00-10|30-90d,-0.08596383783846598,22,22,0,0
HYPE-pm2-20260524,HYPE,HYPE|buy|00-10|7-30d,-0.07075101772893648,27,27,0,0
HYPE-pm2-20260524,HYPE,HYPE|buy|00-10|<=2d,-0.05113648046717874,10,10,0,0
HYPE-pm2-20260524,HYPE,HYPE|buy|00-10|>90d,-0.13534840599373868,5,5,0,0
HYPE-pm2-20260524,HYPE,HYPE|buy|10-25|2-7d,-0.06456906172109429,22,22,0,0
HYPE-pm2-20260524,HYPE,HYPE|buy|10-25|30-90d,-0.07510927341734645,119,119,0,0
HYPE-pm2-20260524,HYPE,HYPE|buy|10-25|7-30d,-0.0694565285587493,122,122,0,0
HYPE-pm2-20260524,HYPE,HYPE|buy|10-25|<=2d,-0.06926151479104266,32,32,0,0
HYPE-pm2-20260524,HYPE,HYPE|buy|10-25|>90d,-0.10733742456903184,81,81,0,0
HYPE-pm2-20260524,HYPE,HYPE|buy|25-40|2-7d,-0.05337034467331527,38,38,0,0
HYPE-pm2-20260524,HYPE,HYPE|buy|25-40|30-90d,-0.06794364347560883,63,63,0,0
HYPE-pm2-20260524,HYPE,HYPE|buy|25-40|7-30d,-0.0509040468565439,207,207,0,0
HYPE-pm2-20260524,HYPE,HYPE|buy|25-40|<=2d,-0.05147598563960672,40,40,0,0
HYPE-pm2-20260524,HYPE,HYPE|buy|25-40|>90d,-0.10707792771496218,61,61,0,0
HYPE-pm2-20260524,HYPE,HYPE|buy|40-60|2-7d,-0.04612274214844295,37,37,0,0
HYPE-pm2-20260524,HYPE,HYPE|buy|40-60|30-90d,-0.08936467180304168,151,151,0,0
HYPE-pm2-20260524,HYPE,HYPE|buy|40-60|7-30d,-0.0455799194867936,108,108,0,0
HYPE-pm2-20260524,HYPE,HYPE|buy|40-60|<=2d,-0.04403488866237485,33,33,0,0
HYPE-pm2-20260524,HYPE,HYPE|buy|40-60|>90d,-0.11599275086427407,55,55,0,0
HYPE-pm2-20260524,HYPE,HYPE|buy|60-75|2-7d,-0.04724495576548225,10,10,0,0
HYPE-pm2-20260524,HYPE,HYPE|buy|60-75|30-90d,-0.1209677575662349,17,17,0,0
HYPE-pm2-20260524,HYPE,HYPE|buy|60-75|7-30d,-0.05027917272276859,68,68,0,0
HYPE-pm2-20260524,HYPE,HYPE|buy|60-75|<=2d,-0.046834077417522636,30,30,0,0
HYPE-pm2-20260524,HYPE,HYPE|buy|60-75|>90d,-0.1649154455357233,25,25,0,0
HYPE-pm2-20260524,HYPE,HYPE|buy|75-90|2-7d,-0.062386522907242774,17,17,0,0
HYPE-pm2-20260524,HYPE,HYPE|buy|75-90|30-90d,-0.1652289041104706,18,18,0,0
HYPE-pm2-20260524,HYPE,HYPE|buy|75-90|7-30d,-0.10384001293735928,82,82,0,0
HYPE-pm2-20260524,HYPE,HYPE|buy|75-90|<=2d,-0.04600536149043765,19,19,0,0
HYPE-pm2-20260524,HYPE,HYPE|buy|75-90|>90d,-0.18418904715165563,3,3,0,0
HYPE-pm2-20260524,HYPE,HYPE|buy|90-100|2-7d,-0.11921099228678772,1,1,0,0
HYPE-pm2-20260524,HYPE,HYPE|buy|90-100|30-90d,-0.22367750302200767,2,2,0,0
HYPE-pm2-20260524,HYPE,HYPE|buy|90-100|7-30d,-0.16015435021193586,8,8,0,0
HYPE-pm2-20260524,HYPE,HYPE|buy|90-100|<=2d,-0.05904629674405081,14,14,0,0
HYPE-pm2-20260524,HYPE,HYPE|sell|00-10|2-7d,-0.4305162484670891,8,8,0,0
HYPE-pm2-20260524,HYPE,HYPE|sell|00-10|30-90d,-0.43887384105472593,84,84,0,0
HYPE-pm2-20260524,HYPE,HYPE|sell|00-10|7-30d,-0.44207828553201495,52,52,0,0
HYPE-pm2-20260524,HYPE,HYPE|sell|00-10|<=2d,-0.4183691407251203,59,59,0,0
HYPE-pm2-20260524,HYPE,HYPE|sell|00-10|>90d,-0.21393034708312544,9,9,0,0
HYPE-pm2-20260524,HYPE,HYPE|sell|10-25|2-7d,-0.40477151744426715,48,48,0,0
HYPE-pm2-20260524,HYPE,HYPE|sell|10-25|30-90d,-0.4404476632724381,147,147,0,0
HYPE-pm2-20260524,HYPE,HYPE|sell|10-25|7-30d,-0.43940197731253466,161,161,0,0
HYPE-pm2-20260524,HYPE,HYPE|sell|10-25|<=2d,-0.35833461782035175,152,152,0,0
HYPE-pm2-20260524,HYPE,HYPE|sell|10-25|>90d,-0.24384859988635962,46,46,0,0
HYPE-pm2-20260524,HYPE,HYPE|sell|25-40|2-7d,-0.3725313961791768,35,35,0,0
HYPE-pm2-20260524,HYPE,HYPE|sell|25-40|30-90d,-0.41449312853579784,68,68,0,0
HYPE-pm2-20260524,HYPE,HYPE|sell|25-40|7-30d,-0.4123571714540689,157,157,0,0
HYPE-pm2-20260524,HYPE,HYPE|sell|25-40|<=2d,-0.30121787271536804,86,86,0,0
HYPE-pm2-20260524,HYPE,HYPE|sell|25-40|>90d,-0.26017048097993795,44,44,0,0
HYPE-pm2-20260524,HYPE,HYPE|sell|40-60|2-7d,-0.3045541259496555,43,43,0,0
HYPE-pm2-20260524,HYPE,HYPE|sell|40-60|30-90d,-0.3535121386901214,73,73,0,0
HYPE-pm2-20260524,HYPE,HYPE|sell|40-60|7-30d,-0.3410288826692266,127,127,0,0
HYPE-pm2-20260524,HYPE,HYPE|sell|40-60|<=2d,-0.28083187092861767,79,79,0,0
HYPE-pm2-20260524,HYPE,HYPE|sell|40-60|>90d,-0.21859788876021896,59,59,0,0
HYPE-pm2-20260524,HYPE,HYPE|sell|60-75|2-7d,-0.26062322743945104,16,16,0,0
HYPE-pm2-20260524,HYPE,HYPE|sell|60-75|30-90d,-0.26430331606077984,13,13,0,0
HYPE-pm2-20260524,HYPE,HYPE|sell|60-75|7-30d,-0.29009354646681884,31,31,0,0
HYPE-pm2-20260524,HYPE,HYPE|sell|60-75|<=2d,-0.2625425242834221,5,5,0,0
HYPE-pm2-20260524,HYPE,HYPE|sell|60-75|>90d,-0.2143167865415179,14,14,0,0
HYPE-pm2-20260524,HYPE,HYPE|sell|75-90|2-7d,-0.25013777225041034,5,5,0,0
HYPE-pm2-20260524,HYPE,HYPE|sell|75-90|30-90d,-0.229380993471422,5,5,0,0
HYPE-pm2-20260524,HYPE,HYPE|sell|75-90|7-30d,-0.24159828977257658,12,12,0,0
HYPE-pm2-20260524,HYPE,HYPE|sell|75-90|<=2d,-0.24668304242242334,11,11,0,0
HYPE-pm2-20260524,HYPE,HYPE|sell|75-90|>90d,-0.2218015847163255,3,3,0,0
HYPE-pm2-20260524,HYPE,HYPE|sell|90-100|2-7d,-0.22391653294781946,2,2,0,0
HYPE-pm2-20260524,HYPE,HYPE|sell|90-100|7-30d,-0.26011946843580414,8,8,0,0
HYPE-pm2-20260524,HYPE,HYPE|sell|90-100|<=2d,-0.24461019011597557,26,26,0,0
HYPE-pm2-20260524,HYPE,HYPE|sell|90-100|>90d,-0.2266347349845967,4,4,0,0
HYPE-pm2-20260820,HYPE,HYPE|buy|00-10|2-7d,-1.648224003267579,6,6,0,0
HYPE-pm2-20260820,HYPE,HYPE|buy|00-10|30-90d,-0.1667438455734577,16,16,0,0
HYPE-pm2-20260820,HYPE,HYPE|buy|00-10|7-30d,-0.29860503633846286,10,10,0,0
HYPE-pm2-20260820,HYPE,HYPE|buy|00-10|<=2d,-0.24693981358352204,5,5,0,0
HYPE-pm2-20260820,HYPE,HYPE|buy|00-10|>90d,-0.1192766215303985,21,21,0,0
HYPE-pm2-20260820,HYPE,HYPE|buy|10-25|2-7d,-0.14628679648288953,10,10,0,0
HYPE-pm2-20260820,HYPE,HYPE|buy|10-25|30-90d,-0.1202690838556286,82,82,0,0
HYPE-pm2-20260820,HYPE,HYPE|buy|10-25|7-30d,-0.22291846299392348,125,125,0,0
HYPE-pm2-20260820,HYPE,HYPE|buy|10-25|<=2d,-0.3772464078113671,9,9,0,0
HYPE-pm2-20260820,HYPE,HYPE|buy|10-25|>90d,-0.12965473429687668,35,35,0,0
HYPE-pm2-20260820,HYPE,HYPE|buy|25-40|2-7d,-0.12854904873426373,23,23,0,0
HYPE-pm2-20260820,HYPE,HYPE|buy|25-40|30-90d,-0.10203869288715225,45,45,0,0
HYPE-pm2-20260820,HYPE,HYPE|buy|25-40|7-30d,-0.11992989054892605,208,208,0,0
HYPE-pm2-20260820,HYPE,HYPE|buy|25-40|<=2d,-0.11851244847198915,1,1,0,0
HYPE-pm2-20260820,HYPE,HYPE|buy|25-40|>90d,-0.10938068173778803,32,32,0,0
HYPE-pm2-20260820,HYPE,HYPE|buy|40-60|2-7d,-0.1127284456988684,103,103,0,0
HYPE-pm2-20260820,HYPE,HYPE|buy|40-60|30-90d,-0.093450054615005,52,52,0,0
HYPE-pm2-20260820,HYPE,HYPE|buy|40-60|7-30d,-0.10880686904637314,108,108,0,0
HYPE-pm2-20260820,HYPE,HYPE|buy|40-60|<=2d,-0.11063431538101721,2,2,0,0
HYPE-pm2-20260820,HYPE,HYPE|buy|40-60|>90d,-0.09111576052232806,17,17,0,0
HYPE-pm2-20260820,HYPE,HYPE|buy|60-75|2-7d,-0.10115696700459986,7,7,0,0
HYPE-pm2-20260820,HYPE,HYPE|buy|60-75|30-90d,-0.09268595213524401,22,22,0,0
HYPE-pm2-20260820,HYPE,HYPE|buy|60-75|7-30d,-0.09895396287183417,11,11,0,0
HYPE-pm2-20260820,HYPE,HYPE|buy|60-75|<=2d,-0.11008722780509758,11,11,0,0
HYPE-pm2-20260820,HYPE,HYPE|buy|60-75|>90d,-0.09360611422608327,48,48,0,0
HYPE-pm2-20260820,HYPE,HYPE|buy|75-90|2-7d,-0.09968837998267284,12,12,0,0
HYPE-pm2-20260820,HYPE,HYPE|buy|75-90|30-90d,-0.09852617230765587,8,8,0,0
HYPE-pm2-20260820,HYPE,HYPE|buy|75-90|7-30d,-0.09628432182173921,9,9,0,0
HYPE-pm2-20260820,HYPE,HYPE|buy|75-90|<=2d,-0.10030810567237466,15,15,0,0
HYPE-pm2-20260820,HYPE,HYPE|buy|75-90|>90d,-0.09883109906786804,3,3,0,0
HYPE-pm2-20260820,HYPE,HYPE|buy|90-100|2-7d,-0.09656999357533004,9,9,0,0
HYPE-pm2-20260820,HYPE,HYPE|buy|90-100|30-90d,-0.10065261970960936,1,1,0,0
HYPE-pm2-20260820,HYPE,HYPE|buy|90-100|7-30d,-0.10137080745326503,7,7,0,0
HYPE-pm2-20260820,HYPE,HYPE|buy|90-100|<=2d,-0.10287030660491672,11,11,0,0
HYPE-pm2-20260820,HYPE,HYPE|sell|00-10|2-7d,-0.15576932534291135,4,4,0,0
HYPE-pm2-20260820,HYPE,HYPE|sell|00-10|30-90d,-0.4585537320902237,38,38,0,0
HYPE-pm2-20260820,HYPE,HYPE|sell|00-10|7-30d,-0.2257289981719111,26,26,0,0
HYPE-pm2-20260820,HYPE,HYPE|sell|00-10|<=2d,-0.12070210487052145,13,13,0,0
HYPE-pm2-20260820,HYPE,HYPE|sell|00-10|>90d,-0.36043694269266596,5,5,0,0
HYPE-pm2-20260820,HYPE,HYPE|sell|10-25|2-7d,-0.12856589438975569,12,12,0,0
HYPE-pm2-20260820,HYPE,HYPE|sell|10-25|30-90d,-0.21911110087446992,69,69,0,0
HYPE-pm2-20260820,HYPE,HYPE|sell|10-25|7-30d,-0.1930386962676638,63,63,0,0
HYPE-pm2-20260820,HYPE,HYPE|sell|10-25|<=2d,-0.11435735001441188,11,11,0,0
HYPE-pm2-20260820,HYPE,HYPE|sell|10-25|>90d,-0.2280191867910331,7,7,0,0
HYPE-pm2-20260820,HYPE,HYPE|sell|25-40|2-7d,-0.1141780397695085,20,20,0,0
HYPE-pm2-20260820,HYPE,HYPE|sell|25-40|30-90d,-0.17023071423918093,25,25,0,0
HYPE-pm2-20260820,HYPE,HYPE|sell|25-40|7-30d,-0.13147717576538673,63,63,0,0
HYPE-pm2-20260820,HYPE,HYPE|sell|25-40|<=2d,-0.11311618777402523,15,15,0,0
HYPE-pm2-20260820,HYPE,HYPE|sell|25-40|>90d,-0.21673088878495123,17,17,0,0
HYPE-pm2-20260820,HYPE,HYPE|sell|40-60|2-7d,-0.11337434340460101,30,30,0,0
HYPE-pm2-20260820,HYPE,HYPE|sell|40-60|30-90d,-0.14105127290530867,71,71,0,0
HYPE-pm2-20260820,HYPE,HYPE|sell|40-60|7-30d,-0.1205057088753255,73,73,0,0
HYPE-pm2-20260820,HYPE,HYPE|sell|40-60|<=2d,-0.11233961962960848,30,30,0,0
HYPE-pm2-20260820,HYPE,HYPE|sell|40-60|>90d,-0.19475299720108616,11,11,0,0
HYPE-pm2-20260820,HYPE,HYPE|sell|60-75|2-7d,-0.11299664726596499,5,5,0,0
HYPE-pm2-20260820,HYPE,HYPE|sell|60-75|30-90d,-0.1355049143364375,20,20,0,0
HYPE-pm2-20260820,HYPE,HYPE|sell|60-75|7-30d,-0.11783147347013874,24,24,0,0
HYPE-pm2-20260820,HYPE,HYPE|sell|60-75|<=2d,-0.11144215219973681,16,16,0,0
HYPE-pm2-20260820,HYPE,HYPE|sell|60-75|>90d,-0.1619127340829953,12,12,0,0
HYPE-pm2-20260820,HYPE,HYPE|sell|75-90|2-7d,-0.11236437981647238,8,8,0,0
HYPE-pm2-20260820,HYPE,HYPE|sell|75-90|30-90d,-0.1245767847630222,18,18,0,0
HYPE-pm2-20260820,HYPE,HYPE|sell|75-90|7-30d,-0.11862593331400068,31,31,0,0
HYPE-pm2-20260820,HYPE,HYPE|sell|75-90|<=2d,-0.1103221405952303,11,11,0,0
HYPE-pm2-20260820,HYPE,HYPE|sell|90-100|2-7d,-0.11264033215824146,1,1,0,0
HYPE-pm2-20260820,HYPE,HYPE|sell|90-100|30-90d,-0.12046924358993942,12,12,0,0
HYPE-pm2-20260820,HYPE,HYPE|sell|90-100|7-30d,-0.11597615161401076,4,4,0,0
HYPE-pm2-20260820,HYPE,HYPE|sell|90-100|<=2d,-0.11220153882498887,7,7,0,0
