rep,beta,se,t,n,cell_events,events_with_cells,clusters,beta_no_outlier,n_no_outlier,draws
0,-6.062645883502468,4.962476776569713,-1.221697582974533,92785,463,14,187,-3.727244488367638,92715,BTC-pm-20250222@2024-08-01@BTC-pm-20250222;BTC-pm2-20260108@2025-07-19@BTC-pm-20250222;BTC-pm2-20260123@2026-02-24@BTC-pm2-20260524;BTC-pm2-20260524@2026-03-03@BTC-pm2-20260123;BTC-pm2-20260820@2026-03-18@BTC-pm-20250222;ETH-pm-20250222@2024-04-21@ETH-pm2-20260524;ETH-pm2-20260108@2025-07-18@ETH-pm2-20260123;ETH-pm2-20260123@2025-07-16@ETH-pm2-20260524;ETH-pm2-20260524@2025-07-18@ETH-pm2-20260108;ETH-pm2-20260820@2025-07-21@ETH-pm2-20260108;HYPE-pm2-20260108@2026-03-14@HYPE-pm2-20260508;HYPE-pm2-20260508@2026-06-25@HYPE-pm2-20260820;HYPE-pm2-20260524@2026-07-12@HYPE-pm2-20260108;HYPE-pm2-20260820@2026-07-02@HYPE-pm2-20260820
1,11.797902802741154,6.265632280531607,1.8829548678429884,96413,459,14,171,11.797902802741154,96413,BTC-pm-20250222@2024-07-23@BTC-pm2-20260123;BTC-pm2-20260108@2026-03-02@BTC-pm2-20260820;BTC-pm2-20260123@2026-02-20@BTC-pm2-20260820;BTC-pm2-20260524@2026-02-23@BTC-pm2-20260108;BTC-pm2-20260820@2025-07-16@BTC-pm-20250222;ETH-pm-20250222@2024-02-14@ETH-pm-20250222;ETH-pm2-20260108@2025-07-21@ETH-pm2-20260108;ETH-pm2-20260123@2025-07-16@ETH-pm-20250222;ETH-pm2-20260524@2025-07-21@ETH-pm2-20260108;ETH-pm2-20260820@2025-07-16@ETH-pm-20250222;HYPE-pm2-20260108@2026-07-02@HYPE-pm2-20260108;HYPE-pm2-20260508@2026-06-24@HYPE-pm2-20260524;HYPE-pm2-20260524@2026-07-09@HYPE-pm2-20260108;HYPE-pm2-20260820@2026-06-22@HYPE-pm2-20260108
2,16.733656700976763,11.071188322879024,1.511459855343264,98096,484,14,213,16.733656700976763,98096,BTC-pm-20250222@2024-12-14@BTC-pm2-20260820;BTC-pm2-20260108@2025-07-17@BTC-pm2-20260123;BTC-pm2-20260123@2026-03-19@BTC-pm2-20260108;BTC-pm2-20260524@2025-11-20@BTC-pm2-20260123;BTC-pm2-20260820@2025-11-08@BTC-pm-20250222;ETH-pm-20250222@2024-04-24@ETH-pm2-20260524;ETH-pm2-20260108@2025-07-23@ETH-pm2-20260524;ETH-pm2-20260123@2025-07-22@ETH-pm2-20260820;ETH-pm2-20260524@2025-07-24@ETH-pm-20250222;ETH-pm2-20260820@2025-07-25@ETH-pm2-20260820;HYPE-pm2-20260108@2026-06-24@HYPE-pm2-20260524;HYPE-pm2-20260508@2026-03-04@HYPE-pm2-20260524;HYPE-pm2-20260524@2026-03-13@HYPE-pm2-20260820;HYPE-pm2-20260820@2026-02-24@HYPE-pm2-20260820
3,-27.41522806790608,18.966980729355505,-1.445418670430507,93644,456,14,181,-35.77379990376399,93581,BTC-pm-20250222@2024-03-26@BTC-pm2-20260820;BTC-pm2-20260108@2025-11-13@BTC-pm2-20260123;BTC-pm2-20260123@2025-07-24@BTC-pm2-20260524;BTC-pm2-20260524@2025-11-11@BTC-pm2-20260108;BTC-pm2-20260820@2026-02-23@BTC-pm2-20260820;ETH-pm-20250222@2024-03-18@ETH-pm-20250222;ETH-pm2-20260108@2025-07-23@ETH-pm-20250222;ETH-pm2-20260123@2025-07-25@ETH-pm2-20260108;ETH-pm2-20260524@2025-07-21@ETH-pm2-20260108;ETH-pm2-20260820@2025-07-21@ETH-pm-20250222;HYPE-pm2-20260108@2026-02-26@HYPE-pm2-20260508;HYPE-pm2-20260508@2026-07-06@HYPE-pm2-20260820;HYPE-pm2-20260524@2026-03-11@HYPE-pm2-20260508;HYPE-pm2-20260820@2026-02-16@HYPE-pm2-20260524
4,42.37651017927329,13.387663821009244,3.16534017778157,90053,454,14,151,42.37651017927329,90053,BTC-pm-20250222@2024-04-20@BTC-pm2-20260820;BTC-pm2-20260108@2026-03-16@BTC-pm-20250222;BTC-pm2-20260123@2025-11-07@BTC-pm2-20260524;BTC-pm2-20260524@2025-07-25@BTC-pm2-20260108;BTC-pm2-20260820@2025-07-22@BTC-pm-20250222;ETH-pm-20250222@2024-04-18@ETH-pm-20250222;ETH-pm2-20260108@2025-07-21@ETH-pm2-20260108;ETH-pm2-20260123@2025-07-22@ETH-pm2-20260123;ETH-pm2-20260524@2025-07-25@ETH-pm2-20260524;ETH-pm2-20260820@2025-07-18@ETH-pm2-20260123;HYPE-pm2-20260108@2026-02-26@HYPE-pm2-20260508;HYPE-pm2-20260508@2026-03-08@HYPE-pm2-20260524;HYPE-pm2-20260524@2026-02-17@HYPE-pm2-20260108;HYPE-pm2-20260820@2026-03-05@HYPE-pm2-20260524
5,-49.07319362226187,17.28055415149238,-2.8397928209972254,96613,480,14,186,-49.07319362226187,96613,BTC-pm-20250222@2024-12-31@BTC-pm2-20260820;BTC-pm2-20260108@2026-03-07@BTC-pm2-20260820;BTC-pm2-20260123@2025-11-12@BTC-pm2-20260123;BTC-pm2-20260524@2026-02-28@BTC-pm2-20260108;BTC-pm2-20260820@2025-07-16@BTC-pm-20250222;ETH-pm-20250222@2024-05-05@ETH-pm2-20260123;ETH-pm2-20260108@2025-07-22@ETH-pm2-20260524;ETH-pm2-20260123@2025-07-21@ETH-pm2-20260820;ETH-pm2-20260524@2025-07-25@ETH-pm2-20260524;ETH-pm2-20260820@2025-07-17@ETH-pm2-20260524;HYPE-pm2-20260108@2026-03-13@HYPE-pm2-20260524;HYPE-pm2-20260508@2026-02-05@HYPE-pm2-20260524;HYPE-pm2-20260524@2026-03-12@HYPE-pm2-20260108;HYPE-pm2-20260820@2026-03-06@HYPE-pm2-20260108
6,-40.53010521670241,16.898642075914534,-2.398423792552513,91660,471,14,181,-40.53010521670241,91660,BTC-pm-20250222@2024-03-06@BTC-pm-20250222;BTC-pm2-20260108@2025-07-21@BTC-pm2-20260108;BTC-pm2-20260123@2025-11-15@BTC-pm2-20260524;BTC-pm2-20260524@2026-03-10@BTC-pm2-20260820;BTC-pm2-20260820@2026-03-04@BTC-pm2-20260108;ETH-pm-20250222@2024-07-11@ETH-pm2-20260820;ETH-pm2-20260108@2025-07-19@ETH-pm2-20260820;ETH-pm2-20260123@2025-07-23@ETH-pm2-20260108;ETH-pm2-20260524@2025-07-16@ETH-pm2-20260123;ETH-pm2-20260820@2025-07-23@ETH-pm2-20260820;HYPE-pm2-20260108@2026-03-15@HYPE-pm2-20260508;HYPE-pm2-20260508@2026-03-09@HYPE-pm2-20260524;HYPE-pm2-20260524@2026-02-08@HYPE-pm2-20260524;HYPE-pm2-20260820@2026-03-09@HYPE-pm2-20260508
7,15.48793628052642,6.418588364248395,2.412981702767292,110578,470,14,190,15.48793628052642,110578,BTC-pm-20250222@2024-02-22@BTC-pm2-20260123;BTC-pm2-20260108@2025-11-10@BTC-pm-20250222;BTC-pm2-20260123@2026-03-15@BTC-pm2-20260524;BTC-pm2-20260524@2026-03-21@BTC-pm-20250222;BTC-pm2-20260820@2025-11-15@BTC-pm2-20260820;ETH-pm-20250222@2025-01-08@ETH-pm2-20260108;ETH-pm2-20260108@2025-07-22@ETH-pm2-20260108;ETH-pm2-20260123@2025-07-19@ETH-pm2-20260524;ETH-pm2-20260524@2025-07-18@ETH-pm-20250222;ETH-pm2-20260820@2025-07-20@ETH-pm2-20260108;HYPE-pm2-20260108@2026-03-08@HYPE-pm2-20260108;HYPE-pm2-20260508@2026-02-09@HYPE-pm2-20260108;HYPE-pm2-20260524@2026-03-17@HYPE-pm2-20260108;HYPE-pm2-20260820@2026-03-14@HYPE-pm2-20260108
8,6.832195399651088,7.325824759445435,0.9326179132038486,104886,493,14,196,6.832195399651088,104886,BTC-pm-20250222@2025-01-25@BTC-pm2-20260108;BTC-pm2-20260108@2026-03-11@BTC-pm2-20260123;BTC-pm2-20260123@2025-11-13@BTC-pm-20250222;BTC-pm2-20260524@2026-02-28@BTC-pm-20250222;BTC-pm2-20260820@2026-03-06@BTC-pm2-20260524;ETH-pm-20250222@2025-05-03@ETH-pm-20250222;ETH-pm2-20260108@2025-07-19@ETH-pm2-20260123;ETH-pm2-20260123@2025-07-21@ETH-pm-20250222;ETH-pm2-20260524@2025-07-23@ETH-pm2-20260108;ETH-pm2-20260820@2025-07-22@ETH-pm2-20260820;HYPE-pm2-20260108@2026-02-20@HYPE-pm2-20260524;HYPE-pm2-20260508@2026-07-11@HYPE-pm2-20260108;HYPE-pm2-20260524@2026-03-14@HYPE-pm2-20260524;HYPE-pm2-20260820@2026-03-05@HYPE-pm2-20260108
9,-44.08975488961647,23.800564544389292,-1.852466768483024,91942,455,14,196,-44.08975488961647,91942,BTC-pm-20250222@2024-05-09@BTC-pm2-20260108;BTC-pm2-20260108@2025-11-08@BTC-pm-20250222;BTC-pm2-20260123@2026-03-02@BTC-pm-20250222;BTC-pm2-20260524@2026-02-24@BTC-pm-20250222;BTC-pm2-20260820@2025-07-19@BTC-pm2-20260123;ETH-pm-20250222@2025-03-24@ETH-pm2-20260108;ETH-pm2-20260108@2025-07-21@ETH-pm2-20260524;ETH-pm2-20260123@2025-07-23@ETH-pm-20250222;ETH-pm2-20260524@2025-07-18@ETH-pm2-20260123;ETH-pm2-20260820@2025-07-16@ETH-pm-20250222;HYPE-pm2-20260108@2026-02-17@HYPE-pm2-20260820;HYPE-pm2-20260508@2026-07-01@HYPE-pm2-20260524;HYPE-pm2-20260524@2026-02-10@HYPE-pm2-20260820;HYPE-pm2-20260820@2026-02-16@HYPE-pm2-20260524
10,10.408972427971936,5.6816022402457955,1.8320487756498816,96872,476,14,204,10.408972427971936,96872,BTC-pm-20250222@2025-04-23@BTC-pm2-20260123;BTC-pm2-20260108@2026-03-07@BTC-pm2-20260524;BTC-pm2-20260123@2025-07-17@BTC-pm2-20260123;BTC-pm2-20260524@2026-03-18@BTC-pm2-20260820;BTC-pm2-20260820@2025-11-10@BTC-pm2-20260123;ETH-pm-20250222@2024-03-18@ETH-pm2-20260820;ETH-pm2-20260108@2025-07-16@ETH-pm2-20260524;ETH-pm2-20260123@2025-07-20@ETH-pm2-20260820;ETH-pm2-20260524@2025-07-21@ETH-pm-20250222;ETH-pm2-20260820@2025-07-20@ETH-pm2-20260123;HYPE-pm2-20260108@2026-02-21@HYPE-pm2-20260508;HYPE-pm2-20260508@2026-07-06@HYPE-pm2-20260508;HYPE-pm2-20260524@2026-03-01@HYPE-pm2-20260524;HYPE-pm2-20260820@2026-07-03@HYPE-pm2-20260108
11,-3.3822784869090823,4.979550435121921,-0.6792337041217796,90024,455,14,177,-0.7546979632768824,89954,BTC-pm-20250222@2024-02-09@BTC-pm2-20260524;BTC-pm2-20260108@2025-07-22@BTC-pm2-20260108;BTC-pm2-20260123@2026-03-10@BTC-pm-20250222;BTC-pm2-20260524@2025-07-22@BTC-pm2-20260108;BTC-pm2-20260820@2026-02-26@BTC-pm2-20260108;ETH-pm-20250222@2024-05-05@ETH-pm2-20260123;ETH-pm2-20260108@2025-07-20@ETH-pm2-20260123;ETH-pm2-20260123@2025-07-18@ETH-pm2-20260820;ETH-pm2-20260524@2025-07-24@ETH-pm2-20260524;ETH-pm2-20260820@2025-07-20@ETH-pm2-20260108;HYPE-pm2-20260108@2026-03-14@HYPE-pm2-20260108;HYPE-pm2-20260508@2026-03-16@HYPE-pm2-20260524;HYPE-pm2-20260524@2026-02-11@HYPE-pm2-20260820;HYPE-pm2-20260820@2026-06-24@HYPE-pm2-20260820
12,10.015197191923304,7.817614855076271,1.2811064982844558,99435,480,14,210,9.602594925390516,99386,BTC-pm-20250222@2024-12-03@BTC-pm2-20260820;BTC-pm2-20260108@2026-03-11@BTC-pm2-20260108;BTC-pm2-20260123@2025-11-10@BTC-pm2-20260820;BTC-pm2-20260524@2026-03-04@BTC-pm-20250222;BTC-pm2-20260820@2026-03-17@BTC-pm2-20260108;ETH-pm-20250222@2024-05-02@ETH-pm2-20260123;ETH-pm2-20260108@2025-07-25@ETH-pm2-20260108;ETH-pm2-20260123@2025-07-25@ETH-pm2-20260123;ETH-pm2-20260524@2025-07-20@ETH-pm2-20260820;ETH-pm2-20260820@2025-07-23@ETH-pm2-20260108;HYPE-pm2-20260108@2026-02-10@HYPE-pm2-20260108;HYPE-pm2-20260508@2026-02-15@HYPE-pm2-20260820;HYPE-pm2-20260524@2026-07-13@HYPE-pm2-20260820;HYPE-pm2-20260820@2026-02-19@HYPE-pm2-20260524
13,6.456121876402869,8.778449258116364,0.7354512951628306,99532,501,14,208,6.456121876402869,99532,BTC-pm-20250222@2024-12-18@BTC-pm2-20260820;BTC-pm2-20260108@2025-07-18@BTC-pm2-20260820;BTC-pm2-20260123@2025-07-24@BTC-pm2-20260820;BTC-pm2-20260524@2026-03-19@BTC-pm2-20260108;BTC-pm2-20260820@2025-11-09@BTC-pm-20250222;ETH-pm-20250222@2024-10-25@ETH-pm2-20260123;ETH-pm2-20260108@2025-07-20@ETH-pm2-20260123;ETH-pm2-20260123@2025-07-21@ETH-pm2-20260524;ETH-pm2-20260524@2025-07-25@ETH-pm2-20260123;ETH-pm2-20260820@2025-07-20@ETH-pm2-20260123;HYPE-pm2-20260108@2026-03-04@HYPE-pm2-20260108;HYPE-pm2-20260508@2026-06-23@HYPE-pm2-20260524;HYPE-pm2-20260524@2026-07-10@HYPE-pm2-20260508;HYPE-pm2-20260820@2026-07-01@HYPE-pm2-20260820
14,-36.00515197713253,18.557079906287512,-1.9402380201495633,89906,467,14,189,-36.00515197713253,89906,BTC-pm-20250222@2024-03-03@BTC-pm2-20260108;BTC-pm2-20260108@2025-07-21@BTC-pm2-20260524;BTC-pm2-20260123@2026-02-21@BTC-pm2-20260524;BTC-pm2-20260524@2025-07-24@BTC-pm-20250222;BTC-pm2-20260820@2026-03-09@BTC-pm-20250222;ETH-pm-20250222@2024-05-03@ETH-pm-20250222;ETH-pm2-20260108@2025-07-16@ETH-pm2-20260123;ETH-pm2-20260123@2025-07-19@ETH-pm2-20260820;ETH-pm2-20260524@2025-07-17@ETH-pm-20250222;ETH-pm2-20260820@2025-07-19@ETH-pm2-20260108;HYPE-pm2-20260108@2026-06-23@HYPE-pm2-20260524;HYPE-pm2-20260508@2026-02-07@HYPE-pm2-20260524;HYPE-pm2-20260524@2026-07-03@HYPE-pm2-20260820;HYPE-pm2-20260820@2026-07-03@HYPE-pm2-20260108
15,-89.07105212687799,32.66451150965401,-2.726844762412963,99122,466,14,180,-89.07105212687799,99122,BTC-pm-20250222@2024-05-01@BTC-pm-20250222;BTC-pm2-20260108@2026-03-10@BTC-pm2-20260123;BTC-pm2-20260123@2026-03-15@BTC-pm-20250222;BTC-pm2-20260524@2026-03-07@BTC-pm-20250222;BTC-pm2-20260820@2026-02-26@BTC-pm2-20260123;ETH-pm-20250222@2024-03-23@ETH-pm2-20260820;ETH-pm2-20260108@2025-07-18@ETH-pm2-20260524;ETH-pm2-20260123@2025-07-25@ETH-pm2-20260108;ETH-pm2-20260524@2025-07-17@ETH-pm2-20260524;ETH-pm2-20260820@2025-07-18@ETH-pm2-20260524;HYPE-pm2-20260108@2026-02-11@HYPE-pm2-20260524;HYPE-pm2-20260508@2026-03-17@HYPE-pm2-20260108;HYPE-pm2-20260524@2026-07-09@HYPE-pm2-20260524;HYPE-pm2-20260820@2026-03-06@HYPE-pm2-20260508
16,-14.501075419202431,9.914015884617628,-1.4626843035123622,100562,472,14,174,-14.501075419202431,100562,BTC-pm-20250222@2024-11-26@BTC-pm2-20260524;BTC-pm2-20260108@2026-03-05@BTC-pm2-20260524;BTC-pm2-20260123@2025-07-19@BTC-pm2-20260123;BTC-pm2-20260524@2026-03-05@BTC-pm2-20260123;BTC-pm2-20260820@2026-02-21@BTC-pm2-20260820;ETH-pm-20250222@2024-03-06@ETH-pm2-20260524;ETH-pm2-20260108@2025-07-23@ETH-pm2-20260524;ETH-pm2-20260123@2025-07-17@ETH-pm2-20260123;ETH-pm2-20260524@2025-07-23@ETH-pm2-20260108;ETH-pm2-20260820@2025-07-24@ETH-pm2-20260820;HYPE-pm2-20260108@2026-03-02@HYPE-pm2-20260508;HYPE-pm2-20260508@2026-07-05@HYPE-pm2-20260524;HYPE-pm2-20260524@2026-02-13@HYPE-pm2-20260508;HYPE-pm2-20260820@2026-02-08@HYPE-pm2-20260820
17,-7.819180420930044,6.17776321139755,-1.2656976567998257,101618,511,14,198,-7.819180420930044,101618,BTC-pm-20250222@2025-04-27@BTC-pm2-20260524;BTC-pm2-20260108@2025-11-07@BTC-pm-20250222;BTC-pm2-20260123@2026-03-10@BTC-pm2-20260820;BTC-pm2-20260524@2026-02-26@BTC-pm2-20260108;BTC-pm2-20260820@2026-03-11@BTC-pm2-20260123;ETH-pm-20250222@2024-10-30@ETH-pm2-20260524;ETH-pm2-20260108@2025-07-16@ETH-pm2-20260524;ETH-pm2-20260123@2025-07-19@ETH-pm2-20260123;ETH-pm2-20260524@2025-07-22@ETH-pm2-20260820;ETH-pm2-20260820@2025-07-17@ETH-pm2-20260108;HYPE-pm2-20260108@2026-07-01@HYPE-pm2-20260820;HYPE-pm2-20260508@2026-07-08@HYPE-pm2-20260524;HYPE-pm2-20260524@2026-03-12@HYPE-pm2-20260820;HYPE-pm2-20260820@2026-03-07@HYPE-pm2-20260508
18,-101.29622411562887,33.5646198349557,-3.0179464154137223,97130,468,14,219,-101.29622411562887,97130,BTC-pm-20250222@2024-08-18@BTC-pm2-20260820;BTC-pm2-20260108@2026-03-19@BTC-pm2-20260524;BTC-pm2-20260123@2026-03-12@BTC-pm-20250222;BTC-pm2-20260524@2026-02-25@BTC-pm2-20260123;BTC-pm2-20260820@2025-11-18@BTC-pm2-20260524;ETH-pm-20250222@2025-03-30@ETH-pm2-20260524;ETH-pm2-20260108@2025-07-25@ETH-pm2-20260108;ETH-pm2-20260123@2025-07-18@ETH-pm2-20260820;ETH-pm2-20260524@2025-07-23@ETH-pm2-20260108;ETH-pm2-20260820@2025-07-16@ETH-pm2-20260123;HYPE-pm2-20260108@2026-07-10@HYPE-pm2-20260108;HYPE-pm2-20260508@2026-03-15@HYPE-pm2-20260508;HYPE-pm2-20260524@2026-07-15@HYPE-pm2-20260108;HYPE-pm2-20260820@2026-02-08@HYPE-pm2-20260524
19,5.954267534377164,11.285995533274727,0.527580178179415,98787,472,14,162,5.954267534377164,98787,BTC-pm-20250222@2025-03-29@BTC-pm2-20260524;BTC-pm2-20260108@2026-03-10@BTC-pm2-20260820;BTC-pm2-20260123@2026-03-19@BTC-pm2-20260524;BTC-pm2-20260524@2026-03-12@BTC-pm-20250222;BTC-pm2-20260820@2025-07-16@BTC-pm2-20260820;ETH-pm-20250222@2025-05-09@ETH-pm2-20260108;ETH-pm2-20260108@2025-07-24@ETH-pm-20250222;ETH-pm2-20260123@2025-07-22@ETH-pm2-20260108;ETH-pm2-20260524@2025-07-20@ETH-pm2-20260108;ETH-pm2-20260820@2025-07-17@ETH-pm2-20260524;HYPE-pm2-20260108@2026-02-24@HYPE-pm2-20260524;HYPE-pm2-20260508@2026-02-06@HYPE-pm2-20260820;HYPE-pm2-20260524@2026-03-12@HYPE-pm2-20260108;HYPE-pm2-20260820@2026-02-22@HYPE-pm2-20260524
20,-4.329794099861886,6.447415456491686,-0.6715550020128394,92545,477,14,216,-2.450784855284581,92475,BTC-pm-20250222@2025-05-05@BTC-pm-20250222;BTC-pm2-20260108@2025-07-16@BTC-pm-20250222;BTC-pm2-20260123@2025-11-15@BTC-pm2-20260123;BTC-pm2-20260524@2025-07-17@BTC-pm2-20260108;BTC-pm2-20260820@2026-03-02@BTC-pm2-20260123;ETH-pm-20250222@2024-04-13@ETH-pm-20250222;ETH-pm2-20260108@2025-07-22@ETH-pm2-20260820;ETH-pm2-20260123@2025-07-23@ETH-pm2-20260820;ETH-pm2-20260524@2025-07-17@ETH-pm2-20260524;ETH-pm2-20260820@2025-07-16@ETH-pm2-20260108;HYPE-pm2-20260108@2026-02-18@HYPE-pm2-20260820;HYPE-pm2-20260508@2026-06-24@HYPE-pm2-20260820;HYPE-pm2-20260524@2026-03-15@HYPE-pm2-20260108;HYPE-pm2-20260820@2026-07-08@HYPE-pm2-20260508
21,30.557921292827363,10.79706012955347,2.830207568186539,100621,464,14,220,30.557921292827363,100621,BTC-pm-20250222@2024-07-20@BTC-pm2-20260820;BTC-pm2-20260108@2026-03-10@BTC-pm2-20260108;BTC-pm2-20260123@2026-03-02@BTC-pm2-20260524;BTC-pm2-20260524@2026-03-14@BTC-pm2-20260108;BTC-pm2-20260820@2025-11-09@BTC-pm2-20260524;ETH-pm-20250222@2024-11-08@ETH-pm2-20260123;ETH-pm2-20260108@2025-07-24@ETH-pm2-20260820;ETH-pm2-20260123@2025-07-20@ETH-pm-20250222;ETH-pm2-20260524@2025-07-20@ETH-pm2-20260820;ETH-pm2-20260820@2025-07-22@ETH-pm2-20260123;HYPE-pm2-20260108@2026-06-27@HYPE-pm2-20260108;HYPE-pm2-20260508@2026-02-21@HYPE-pm2-20260524;HYPE-pm2-20260524@2026-07-14@HYPE-pm2-20260108;HYPE-pm2-20260820@2026-02-11@HYPE-pm2-20260108
22,5.518977230406409,9.103560453597574,0.6062438162010999,110645,482,14,195,5.518977230406409,110645,BTC-pm-20250222@2024-07-21@BTC-pm2-20260524;BTC-pm2-20260108@2026-03-09@BTC-pm-20250222;BTC-pm2-20260123@2025-11-09@BTC-pm2-20260820;BTC-pm2-20260524@2026-03-04@BTC-pm2-20260123;BTC-pm2-20260820@2025-07-24@BTC-pm-20250222;ETH-pm-20250222@2024-12-27@ETH-pm2-20260108;ETH-pm2-20260108@2025-07-23@ETH-pm2-20260524;ETH-pm2-20260123@2025-07-16@ETH-pm-20250222;ETH-pm2-20260524@2025-07-23@ETH-pm2-20260820;ETH-pm2-20260820@2025-07-19@ETH-pm2-20260524;HYPE-pm2-20260108@2026-02-25@HYPE-pm2-20260820;HYPE-pm2-20260508@2026-03-05@HYPE-pm2-20260508;HYPE-pm2-20260524@2026-02-17@HYPE-pm2-20260820;HYPE-pm2-20260820@2026-06-22@HYPE-pm2-20260508
23,8.320638138437674,7.849001229105506,1.060088780160112,100204,489,14,174,8.320638138437674,100204,BTC-pm-20250222@2024-04-02@BTC-pm2-20260524;BTC-pm2-20260108@2026-03-17@BTC-pm2-20260820;BTC-pm2-20260123@2025-07-20@BTC-pm-20250222;BTC-pm2-20260524@2026-03-11@BTC-pm2-20260123;BTC-pm2-20260820@2026-03-08@BTC-pm2-20260524;ETH-pm-20250222@2025-04-09@ETH-pm-20250222;ETH-pm2-20260108@2025-07-18@ETH-pm2-20260524;ETH-pm2-20260123@2025-07-19@ETH-pm2-20260524;ETH-pm2-20260524@2025-07-22@ETH-pm2-20260820;ETH-pm2-20260820@2025-07-16@ETH-pm2-20260524;HYPE-pm2-20260108@2026-03-10@HYPE-pm2-20260508;HYPE-pm2-20260508@2026-06-23@HYPE-pm2-20260508;HYPE-pm2-20260524@2026-02-24@HYPE-pm2-20260508;HYPE-pm2-20260820@2026-06-27@HYPE-pm2-20260508
24,0.5805912804686791,5.322018236112761,0.109092313237308,94490,461,14,154,0.5805912804686791,94490,BTC-pm-20250222@2024-01-30@BTC-pm2-20260524;BTC-pm2-20260108@2026-03-16@BTC-pm2-20260820;BTC-pm2-20260123@2026-03-03@BTC-pm2-20260820;BTC-pm2-20260524@2026-03-20@BTC-pm2-20260524;BTC-pm2-20260820@2026-02-23@BTC-pm2-20260108;ETH-pm-20250222@2024-07-10@ETH-pm2-20260820;ETH-pm2-20260108@2025-07-21@ETH-pm2-20260123;ETH-pm2-20260123@2025-07-19@ETH-pm-20250222;ETH-pm2-20260524@2025-07-18@ETH-pm2-20260123;ETH-pm2-20260820@2025-07-24@ETH-pm2-20260820;HYPE-pm2-20260108@2026-02-15@HYPE-pm2-20260820;HYPE-pm2-20260508@2026-02-12@HYPE-pm2-20260820;HYPE-pm2-20260524@2026-02-20@HYPE-pm2-20260108;HYPE-pm2-20260820@2026-03-13@HYPE-pm2-20260820
25,-81.9797223660826,48.00140129420317,-1.707861023965206,93384,461,14,154,-81.9797223660826,93384,BTC-pm-20250222@2024-02-16@BTC-pm2-20260820;BTC-pm2-20260108@2026-02-22@BTC-pm2-20260123;BTC-pm2-20260123@2026-03-04@BTC-pm2-20260108;BTC-pm2-20260524@2025-07-17@BTC-pm2-20260108;BTC-pm2-20260820@2026-03-18@BTC-pm2-20260524;ETH-pm-20250222@2024-10-27@ETH-pm-20250222;ETH-pm2-20260108@2025-07-22@ETH-pm2-20260524;ETH-pm2-20260123@2025-07-20@ETH-pm2-20260524;ETH-pm2-20260524@2025-07-16@ETH-pm2-20260108;ETH-pm2-20260820@2025-07-18@ETH-pm2-20260108;HYPE-pm2-20260108@2026-03-04@HYPE-pm2-20260524;HYPE-pm2-20260508@2026-02-11@HYPE-pm2-20260524;HYPE-pm2-20260524@2026-02-21@HYPE-pm2-20260508;HYPE-pm2-20260820@2026-03-17@HYPE-pm2-20260508
26,21.88513602677209,7.818611114169208,2.799107885940375,112059,514,14,200,21.88513602677209,112059,BTC-pm-20250222@2025-01-18@BTC-pm2-20260123;BTC-pm2-20260108@2025-11-18@BTC-pm2-20260108;BTC-pm2-20260123@2026-02-20@BTC-pm2-20260108;BTC-pm2-20260524@2026-03-10@BTC-pm2-20260123;BTC-pm2-20260820@2025-11-10@BTC-pm2-20260524;ETH-pm-20250222@2025-01-23@ETH-pm2-20260108;ETH-pm2-20260108@2025-07-17@ETH-pm2-20260820;ETH-pm2-20260123@2025-07-19@ETH-pm2-20260524;ETH-pm2-20260524@2025-07-16@ETH-pm2-20260524;ETH-pm2-20260820@2025-07-17@ETH-pm2-20260820;HYPE-pm2-20260108@2026-06-23@HYPE-pm2-20260108;HYPE-pm2-20260508@2026-07-16@HYPE-pm2-20260820;HYPE-pm2-20260524@2026-06-28@HYPE-pm2-20260108;HYPE-pm2-20260820@2026-07-10@HYPE-pm2-20260108
27,9.898613983142548,7.268558250701299,1.361840084612033,97260,485,14,222,15.844605552378589,97191,BTC-pm-20250222@2024-11-13@BTC-pm-20250222;BTC-pm2-20260108@2026-03-19@BTC-pm2-20260123;BTC-pm2-20260123@2025-11-07@BTC-pm2-20260123;BTC-pm2-20260524@2025-11-11@BTC-pm2-20260524;BTC-pm2-20260820@2025-07-19@BTC-pm2-20260820;ETH-pm-20250222@2024-03-29@ETH-pm2-20260524;ETH-pm2-20260108@2025-07-20@ETH-pm2-20260820;ETH-pm2-20260123@2025-07-22@ETH-pm2-20260820;ETH-pm2-20260524@2025-07-20@ETH-pm2-20260108;ETH-pm2-20260820@2025-07-25@ETH-pm2-20260820;HYPE-pm2-20260108@2026-06-22@HYPE-pm2-20260820;HYPE-pm2-20260508@2026-03-02@HYPE-pm2-20260820;HYPE-pm2-20260524@2026-02-05@HYPE-pm2-20260108;HYPE-pm2-20260820@2026-03-16@HYPE-pm2-20260508
28,-0.3400211766017779,7.968962770174953,-0.0426681848576779,98141,476,14,187,-0.3400211766017779,98141,BTC-pm-20250222@2024-04-05@BTC-pm2-20260108;BTC-pm2-20260108@2026-03-14@BTC-pm-20250222;BTC-pm2-20260123@2025-07-19@BTC-pm2-20260524;BTC-pm2-20260524@2025-07-24@BTC-pm2-20260123;BTC-pm2-20260820@2025-07-21@BTC-pm2-20260108;ETH-pm-20250222@2024-12-05@ETH-pm2-20260524;ETH-pm2-20260108@2025-07-17@ETH-pm2-20260820;ETH-pm2-20260123@2025-07-19@ETH-pm2-20260820;ETH-pm2-20260524@2025-07-24@ETH-pm2-20260108;ETH-pm2-20260820@2025-07-23@ETH-pm-20250222;HYPE-pm2-20260108@2026-02-05@HYPE-pm2-20260108;HYPE-pm2-20260508@2026-06-25@HYPE-pm2-20260524;HYPE-pm2-20260524@2026-07-05@HYPE-pm2-20260524;HYPE-pm2-20260820@2026-07-05@HYPE-pm2-20260524
29,-41.85522544208516,23.141058166404324,-1.8086997206916688,98643,470,14,187,-41.85522544208516,98643,BTC-pm-20250222@2025-04-08@BTC-pm2-20260108;BTC-pm2-20260108@2025-07-18@BTC-pm2-20260108;BTC-pm2-20260123@2026-03-13@BTC-pm2-20260820;BTC-pm2-20260524@2026-03-04@BTC-pm2-20260820;BTC-pm2-20260820@2026-03-07@BTC-pm2-20260524;ETH-pm-20250222@2024-03-07@ETH-pm2-20260524;ETH-pm2-20260108@2025-07-22@ETH-pm2-20260524;ETH-pm2-20260123@2025-07-17@ETH-pm2-20260123;ETH-pm2-20260524@2025-07-16@ETH-pm2-20260524;ETH-pm2-20260820@2025-07-17@ETH-pm-20250222;HYPE-pm2-20260108@2026-07-16@HYPE-pm2-20260508;HYPE-pm2-20260508@2026-03-17@HYPE-pm2-20260524;HYPE-pm2-20260524@2026-02-06@HYPE-pm2-20260108;HYPE-pm2-20260820@2026-02-15@HYPE-pm2-20260524
30,-61.585662158612685,40.925405673808406,-1.5048271640719864,101492,486,14,190,-61.585662158612685,101492,BTC-pm-20250222@2024-12-31@BTC-pm2-20260108;BTC-pm2-20260108@2026-03-08@BTC-pm-20250222;BTC-pm2-20260123@2026-03-19@BTC-pm2-20260108;BTC-pm2-20260524@2025-11-07@BTC-pm2-20260820;BTC-pm2-20260820@2025-07-20@BTC-pm2-20260820;ETH-pm-20250222@2025-04-12@ETH-pm2-20260108;ETH-pm2-20260108@2025-07-17@ETH-pm-20250222;ETH-pm2-20260123@2025-07-23@ETH-pm2-20260123;ETH-pm2-20260524@2025-07-23@ETH-pm-20250222;ETH-pm2-20260820@2025-07-22@ETH-pm2-20260524;HYPE-pm2-20260108@2026-03-04@HYPE-pm2-20260108;HYPE-pm2-20260508@2026-02-05@HYPE-pm2-20260108;HYPE-pm2-20260524@2026-02-13@HYPE-pm2-20260524;HYPE-pm2-20260820@2026-02-17@HYPE-pm2-20260524
31,9.362333293356382,7.805850072117033,1.1993995793999683,99143,490,14,215,9.362333293356382,99143,BTC-pm-20250222@2025-01-15@BTC-pm2-20260524;BTC-pm2-20260108@2026-02-27@BTC-pm2-20260123;BTC-pm2-20260123@2025-11-15@BTC-pm2-20260108;BTC-pm2-20260524@2026-02-27@BTC-pm2-20260108;BTC-pm2-20260820@2025-11-08@BTC-pm2-20260820;ETH-pm-20250222@2024-04-27@ETH-pm-20250222;ETH-pm2-20260108@2025-07-23@ETH-pm2-20260123;ETH-pm2-20260123@2025-07-20@ETH-pm-20250222;ETH-pm2-20260524@2025-07-23@ETH-pm2-20260123;ETH-pm2-20260820@2025-07-16@ETH-pm2-20260524;HYPE-pm2-20260108@2026-02-05@HYPE-pm2-20260508;HYPE-pm2-20260508@2026-06-29@HYPE-pm2-20260508;HYPE-pm2-20260524@2026-03-03@HYPE-pm2-20260524;HYPE-pm2-20260820@2026-07-05@HYPE-pm2-20260508
32,-32.25685155059314,20.156870324111615,-1.6002906717124408,103892,498,14,217,-32.25685155059314,103892,BTC-pm-20250222@2025-01-13@BTC-pm-20250222;BTC-pm2-20260108@2026-03-01@BTC-pm-20250222;BTC-pm2-20260123@2025-11-14@BTC-pm2-20260820;BTC-pm2-20260524@2026-03-18@BTC-pm2-20260123;BTC-pm2-20260820@2025-11-11@BTC-pm-20250222;ETH-pm-20250222@2024-04-05@ETH-pm2-20260820;ETH-pm2-20260108@2025-07-21@ETH-pm2-20260524;ETH-pm2-20260123@2025-07-24@ETH-pm-20250222;ETH-pm2-20260524@2025-07-17@ETH-pm2-20260524;ETH-pm2-20260820@2025-07-24@ETH-pm2-20260820;HYPE-pm2-20260108@2026-06-25@HYPE-pm2-20260524;HYPE-pm2-20260508@2026-03-17@HYPE-pm2-20260508;HYPE-pm2-20260524@2026-06-29@HYPE-pm2-20260820;HYPE-pm2-20260820@2026-02-12@HYPE-pm2-20260524
33,-0.0165121778285925,11.907894407008596,-0.0013866580660031,96299,473,14,208,-0.0165121778285925,96299,BTC-pm-20250222@2024-03-25@BTC-pm2-20260820;BTC-pm2-20260108@2025-07-25@BTC-pm-20250222;BTC-pm2-20260123@2025-11-13@BTC-pm2-20260524;BTC-pm2-20260524@2025-07-24@BTC-pm2-20260108;BTC-pm2-20260820@2026-02-24@BTC-pm-20250222;ETH-pm-20250222@2024-12-02@ETH-pm2-20260123;ETH-pm2-20260108@2025-07-19@ETH-pm2-20260524;ETH-pm2-20260123@2025-07-22@ETH-pm2-20260524;ETH-pm2-20260524@2025-07-22@ETH-pm-20250222;ETH-pm2-20260820@2025-07-21@ETH-pm-20250222;HYPE-pm2-20260108@2026-06-29@HYPE-pm2-20260508;HYPE-pm2-20260508@2026-03-16@HYPE-pm2-20260524;HYPE-pm2-20260524@2026-03-15@HYPE-pm2-20260508;HYPE-pm2-20260820@2026-07-11@HYPE-pm2-20260108
34,11.531985674734347,9.406943051933576,1.2259015081805955,94435,448,14,193,11.531985674734347,94435,BTC-pm-20250222@2025-05-02@BTC-pm-20250222;BTC-pm2-20260108@2025-11-11@BTC-pm2-20260820;BTC-pm2-20260123@2025-07-19@BTC-pm2-20260123;BTC-pm2-20260524@2025-11-19@BTC-pm2-20260108;BTC-pm2-20260820@2026-03-18@BTC-pm-20250222;ETH-pm-20250222@2024-02-01@ETH-pm2-20260524;ETH-pm2-20260108@2025-07-24@ETH-pm2-20260123;ETH-pm2-20260123@2025-07-24@ETH-pm2-20260820;ETH-pm2-20260524@2025-07-24@ETH-pm-20250222;ETH-pm2-20260820@2025-07-21@ETH-pm-20250222;HYPE-pm2-20260108@2026-02-17@HYPE-pm2-20260508;HYPE-pm2-20260508@2026-02-08@HYPE-pm2-20260108;HYPE-pm2-20260524@2026-03-08@HYPE-pm2-20260108;HYPE-pm2-20260820@2026-03-09@HYPE-pm2-20260524
35,-6.7546653686893645,5.153348547457751,-1.3107332652710972,99930,486,14,169,-6.429104007950819,99860,BTC-pm-20250222@2024-02-07@BTC-pm2-20260524;BTC-pm2-20260108@2026-02-22@BTC-pm2-20260123;BTC-pm2-20260123@2026-03-05@BTC-pm2-20260123;BTC-pm2-20260524@2025-07-20@BTC-pm2-20260123;BTC-pm2-20260820@2026-03-02@BTC-pm-20250222;ETH-pm-20250222@2024-10-31@ETH-pm2-20260123;ETH-pm2-20260108@2025-07-16@ETH-pm2-20260820;ETH-pm2-20260123@2025-07-21@ETH-pm2-20260820;ETH-pm2-20260524@2025-07-21@ETH-pm2-20260108;ETH-pm2-20260820@2025-07-23@ETH-pm2-20260123;HYPE-pm2-20260108@2026-06-22@HYPE-pm2-20260508;HYPE-pm2-20260508@2026-06-27@HYPE-pm2-20260820;HYPE-pm2-20260524@2026-07-02@HYPE-pm2-20260524;HYPE-pm2-20260820@2026-07-03@HYPE-pm2-20260524
36,-1.6059354343238457,4.851514559603802,-0.3310173379042676,95414,451,14,148,-1.6059354343238457,95414,BTC-pm-20250222@2024-01-30@BTC-pm-20250222;BTC-pm2-20260108@2026-03-05@BTC-pm2-20260524;BTC-pm2-20260123@2025-07-19@BTC-pm2-20260108;BTC-pm2-20260524@2026-03-18@BTC-pm2-20260820;BTC-pm2-20260820@2026-02-22@BTC-pm2-20260108;ETH-pm-20250222@2024-11-17@ETH-pm2-20260820;ETH-pm2-20260108@2025-07-24@ETH-pm2-20260820;ETH-pm2-20260123@2025-07-25@ETH-pm2-20260123;ETH-pm2-20260524@2025-07-16@ETH-pm2-20260820;ETH-pm2-20260820@2025-07-23@ETH-pm2-20260108;HYPE-pm2-20260108@2026-02-27@HYPE-pm2-20260820;HYPE-pm2-20260508@2026-02-19@HYPE-pm2-20260820;HYPE-pm2-20260524@2026-02-23@HYPE-pm2-20260820;HYPE-pm2-20260820@2026-03-16@HYPE-pm2-20260108
37,12.976636631756572,11.462583806644629,1.1320865217346792,89956,462,14,174,12.976636631756572,89956,BTC-pm-20250222@2024-12-10@BTC-pm2-20260524;BTC-pm2-20260108@2026-03-16@BTC-pm-20250222;BTC-pm2-20260123@2026-03-05@BTC-pm-20250222;BTC-pm2-20260524@2025-11-11@BTC-pm2-20260108;BTC-pm2-20260820@2025-07-19@BTC-pm2-20260108;ETH-pm-20250222@2024-08-23@ETH-pm2-20260820;ETH-pm2-20260108@2025-07-17@ETH-pm2-20260108;ETH-pm2-20260123@2025-07-18@ETH-pm2-20260524;ETH-pm2-20260524@2025-07-25@ETH-pm2-20260820;ETH-pm2-20260820@2025-07-19@ETH-pm2-20260108;HYPE-pm2-20260108@2026-02-22@HYPE-pm2-20260508;HYPE-pm2-20260508@2026-03-02@HYPE-pm2-20260508;HYPE-pm2-20260524@2026-02-20@HYPE-pm2-20260508;HYPE-pm2-20260820@2026-02-26@HYPE-pm2-20260508
38,5.93074660757507,3.389873611636878,1.7495480029744452,108731,499,14,194,5.93074660757507,108731,BTC-pm-20250222@2024-11-20@BTC-pm-20250222;BTC-pm2-20260108@2026-03-21@BTC-pm2-20260820;BTC-pm2-20260123@2025-11-14@BTC-pm2-20260820;BTC-pm2-20260524@2026-03-13@BTC-pm-20250222;BTC-pm2-20260820@2026-03-15@BTC-pm2-20260820;ETH-pm-20250222@2024-12-14@ETH-pm2-20260524;ETH-pm2-20260108@2025-07-20@ETH-pm2-20260524;ETH-pm2-20260123@2025-07-17@ETH-pm2-20260108;ETH-pm2-20260524@2025-07-16@ETH-pm2-20260524;ETH-pm2-20260820@2025-07-19@ETH-pm2-20260123;HYPE-pm2-20260108@2026-03-09@HYPE-pm2-20260508;HYPE-pm2-20260508@2026-02-28@HYPE-pm2-20260820;HYPE-pm2-20260524@2026-07-05@HYPE-pm2-20260108;HYPE-pm2-20260820@2026-02-24@HYPE-pm2-20260508
39,-7.366073257509668,4.311745759474487,-1.7083737466022209,109551,488,14,192,-7.052206057880814,109489,BTC-pm-20250222@2025-04-24@BTC-pm-20250222;BTC-pm2-20260108@2025-07-24@BTC-pm2-20260820;BTC-pm2-20260123@2026-02-20@BTC-pm2-20260524;BTC-pm2-20260524@2026-03-17@BTC-pm2-20260108;BTC-pm2-20260820@2025-07-17@BTC-pm2-20260123;ETH-pm-20250222@2025-01-11@ETH-pm2-20260820;ETH-pm2-20260108@2025-07-21@ETH-pm2-20260108;ETH-pm2-20260123@2025-07-17@ETH-pm2-20260123;ETH-pm2-20260524@2025-07-17@ETH-pm2-20260108;ETH-pm2-20260820@2025-07-21@ETH-pm2-20260820;HYPE-pm2-20260108@2026-07-14@HYPE-pm2-20260108;HYPE-pm2-20260508@2026-06-29@HYPE-pm2-20260820;HYPE-pm2-20260524@2026-02-15@HYPE-pm2-20260820;HYPE-pm2-20260820@2026-06-29@HYPE-pm2-20260508
40,16.21919859057978,8.47047618495121,1.9147918294599635,101945,483,14,154,16.21919859057978,101945,BTC-pm-20250222@2026-03-07@BTC-pm2-20260524;BTC-pm2-20260108@2025-11-09@BTC-pm2-20260123;BTC-pm2-20260123@2025-07-18@BTC-pm-20250222;BTC-pm2-20260524@2026-03-19@BTC-pm2-20260524;BTC-pm2-20260820@2026-03-21@BTC-pm2-20260524;ETH-pm-20250222@2025-04-04@ETH-pm-20250222;ETH-pm2-20260108@2025-07-21@ETH-pm2-20260820;ETH-pm2-20260123@2025-07-20@ETH-pm2-20260820;ETH-pm2-20260524@2025-07-25@ETH-pm-20250222;ETH-pm2-20260820@2025-07-20@ETH-pm2-20260123;HYPE-pm2-20260108@2026-02-16@HYPE-pm2-20260820;HYPE-pm2-20260508@2026-02-22@HYPE-pm2-20260508;HYPE-pm2-20260524@2026-02-22@HYPE-pm2-20260108;HYPE-pm2-20260820@2026-03-09@HYPE-pm2-20260524
41,11.249360239870532,8.197751405589766,1.3722494966363556,96115,473,14,140,12.014791591554465,96051,BTC-pm-20250222@2026-02-25@BTC-pm2-20260820;BTC-pm2-20260108@2026-02-23@BTC-pm2-20260123;BTC-pm2-20260123@2025-07-18@BTC-pm2-20260820;BTC-pm2-20260524@2026-02-23@BTC-pm2-20260123;BTC-pm2-20260820@2025-07-18@BTC-pm2-20260123;ETH-pm-20250222@2024-10-29@ETH-pm2-20260524;ETH-pm2-20260108@2025-07-25@ETH-pm2-20260820;ETH-pm2-20260123@2025-07-20@ETH-pm2-20260524;ETH-pm2-20260524@2025-07-22@ETH-pm2-20260820;ETH-pm2-20260820@2025-07-25@ETH-pm2-20260524;HYPE-pm2-20260108@2026-03-01@HYPE-pm2-20260508;HYPE-pm2-20260508@2026-03-01@HYPE-pm2-20260508;HYPE-pm2-20260524@2026-03-14@HYPE-pm2-20260108;HYPE-pm2-20260820@2026-07-07@HYPE-pm2-20260820
42,-51.17823319475416,19.583178066872925,-2.6133773088305676,104336,507,14,174,-51.17823319475416,104336,BTC-pm-20250222@2025-11-12@BTC-pm2-20260123;BTC-pm2-20260108@2025-07-17@BTC-pm2-20260820;BTC-pm2-20260123@2026-03-09@BTC-pm-20250222;BTC-pm2-20260524@2025-07-25@BTC-pm2-20260108;BTC-pm2-20260820@2026-03-20@BTC-pm-20250222;ETH-pm-20250222@2025-07-17@ETH-pm2-20260524;ETH-pm2-20260108@2025-07-25@ETH-pm2-20260123;ETH-pm2-20260123@2025-07-23@ETH-pm2-20260123;ETH-pm2-20260524@2025-07-20@ETH-pm2-20260123;ETH-pm2-20260820@2025-07-19@ETH-pm-20250222;HYPE-pm2-20260108@2026-02-06@HYPE-pm2-20260524;HYPE-pm2-20260508@2026-06-30@HYPE-pm2-20260508;HYPE-pm2-20260524@2026-02-09@HYPE-pm2-20260820;HYPE-pm2-20260820@2026-06-21@HYPE-pm2-20260524
43,13.997388847193443,8.698116218491274,1.609243713878699,97480,431,14,188,13.997388847193443,97480,BTC-pm-20250222@2024-07-12@BTC-pm2-20260820;BTC-pm2-20260108@2025-07-18@BTC-pm2-20260108;BTC-pm2-20260123@2026-03-15@BTC-pm2-20260108;BTC-pm2-20260524@2026-03-03@BTC-pm2-20260123;BTC-pm2-20260820@2025-11-12@BTC-pm2-20260820;ETH-pm-20250222@2024-02-24@ETH-pm-20250222;ETH-pm2-20260108@2025-07-24@ETH-pm2-20260820;ETH-pm2-20260123@2025-07-25@ETH-pm2-20260524;ETH-pm2-20260524@2025-07-24@ETH-pm2-20260123;ETH-pm2-20260820@2025-07-23@ETH-pm2-20260123;HYPE-pm2-20260108@2026-07-12@HYPE-pm2-20260524;HYPE-pm2-20260508@2026-03-01@HYPE-pm2-20260524;HYPE-pm2-20260524@2026-02-28@HYPE-pm2-20260524;HYPE-pm2-20260820@2026-02-27@HYPE-pm2-20260820
44,15.15487036227582,9.06700490411252,1.6714307009365383,99037,484,14,169,15.15487036227582,99037,BTC-pm-20250222@2024-12-03@BTC-pm2-20260820;BTC-pm2-20260108@2026-03-15@BTC-pm2-20260524;BTC-pm2-20260123@2026-03-12@BTC-pm-20250222;BTC-pm2-20260524@2026-03-09@BTC-pm2-20260123;BTC-pm2-20260820@2026-03-06@BTC-pm2-20260108;ETH-pm-20250222@2024-08-15@ETH-pm2-20260108;ETH-pm2-20260108@2025-07-17@ETH-pm-20250222;ETH-pm2-20260123@2025-07-20@ETH-pm2-20260524;ETH-pm2-20260524@2025-07-24@ETH-pm-20250222;ETH-pm2-20260820@2025-07-21@ETH-pm2-20260820;HYPE-pm2-20260108@2026-02-27@HYPE-pm2-20260508;HYPE-pm2-20260508@2026-07-04@HYPE-pm2-20260108;HYPE-pm2-20260524@2026-07-01@HYPE-pm2-20260820;HYPE-pm2-20260820@2026-03-05@HYPE-pm2-20260820
45,18.118117376845458,6.4061035456237345,2.8282585892984304,84057,430,14,196,19.669681184529217,84008,BTC-pm-20250222@2024-08-16@BTC-pm2-20260123;BTC-pm2-20260108@2025-07-19@BTC-pm2-20260108;BTC-pm2-20260123@2026-03-16@BTC-pm-20250222;BTC-pm2-20260524@2025-07-19@BTC-pm2-20260123;BTC-pm2-20260820@2025-11-19@BTC-pm2-20260123;ETH-pm-20250222@2024-08-08@ETH-pm2-20260123;ETH-pm2-20260108@2025-07-16@ETH-pm-20250222;ETH-pm2-20260123@2025-07-24@ETH-pm2-20260123;ETH-pm2-20260524@2025-07-22@ETH-pm-20250222;ETH-pm2-20260820@2025-07-20@ETH-pm2-20260524;HYPE-pm2-20260108@2026-02-17@HYPE-pm2-20260108;HYPE-pm2-20260508@2026-02-16@HYPE-pm2-20260108;HYPE-pm2-20260524@2026-07-13@HYPE-pm2-20260820;HYPE-pm2-20260820@2026-02-06@HYPE-pm2-20260108
46,7.78035577958081,6.562177405230933,1.1856363062325663,94500,475,14,180,7.78035577958081,94500,BTC-pm-20250222@2024-12-26@BTC-pm2-20260123;BTC-pm2-20260108@2026-02-23@BTC-pm2-20260820;BTC-pm2-20260123@2025-07-21@BTC-pm2-20260820;BTC-pm2-20260524@2026-03-13@BTC-pm2-20260108;BTC-pm2-20260820@2026-03-12@BTC-pm2-20260524;ETH-pm-20250222@2024-04-29@ETH-pm2-20260820;ETH-pm2-20260108@2025-07-16@ETH-pm2-20260123;ETH-pm2-20260123@2025-07-19@ETH-pm2-20260820;ETH-pm2-20260524@2025-07-18@ETH-pm-20250222;ETH-pm2-20260820@2025-07-16@ETH-pm2-20260108;HYPE-pm2-20260108@2026-03-02@HYPE-pm2-20260108;HYPE-pm2-20260508@2026-07-01@HYPE-pm2-20260524;HYPE-pm2-20260524@2026-02-17@HYPE-pm2-20260108;HYPE-pm2-20260820@2026-07-09@HYPE-pm2-20260108
47,-37.51544973211318,15.873887766967645,-2.3633435162733094,103818,480,14,224,-37.51544973211318,103818,BTC-pm-20250222@2024-03-28@BTC-pm-20250222;BTC-pm2-20260108@2026-03-19@BTC-pm2-20260123;BTC-pm2-20260123@2026-03-10@BTC-pm2-20260123;BTC-pm2-20260524@2026-03-21@BTC-pm-20250222;BTC-pm2-20260820@2025-11-14@BTC-pm2-20260820;ETH-pm-20250222@2024-12-04@ETH-pm-20250222;ETH-pm2-20260108@2025-07-24@ETH-pm2-20260108;ETH-pm2-20260123@2025-07-17@ETH-pm2-20260524;ETH-pm2-20260524@2025-07-17@ETH-pm-20250222;ETH-pm2-20260820@2025-07-24@ETH-pm-20250222;HYPE-pm2-20260108@2026-06-28@HYPE-pm2-20260524;HYPE-pm2-20260508@2026-06-24@HYPE-pm2-20260508;HYPE-pm2-20260524@2026-02-05@HYPE-pm2-20260524;HYPE-pm2-20260820@2026-02-21@HYPE-pm2-20260108
48,19.74030251497497,7.060899338607439,2.7957207103972372,97743,455,14,210,19.74030251497497,97743,BTC-pm-20250222@2024-04-30@BTC-pm2-20260123;BTC-pm2-20260108@2025-11-19@BTC-pm2-20260820;BTC-pm2-20260123@2026-03-20@BTC-pm2-20260123;BTC-pm2-20260524@2026-03-15@BTC-pm2-20260524;BTC-pm2-20260820@2026-03-19@BTC-pm2-20260820;ETH-pm-20250222@2024-02-18@ETH-pm2-20260524;ETH-pm2-20260108@2025-07-16@ETH-pm2-20260108;ETH-pm2-20260123@2025-07-16@ETH-pm2-20260123;ETH-pm2-20260524@2025-07-16@ETH-pm2-20260123;ETH-pm2-20260820@2025-07-19@ETH-pm2-20260108;HYPE-pm2-20260108@2026-02-09@HYPE-pm2-20260108;HYPE-pm2-20260508@2026-02-24@HYPE-pm2-20260524;HYPE-pm2-20260524@2026-06-24@HYPE-pm2-20260508;HYPE-pm2-20260820@2026-02-27@HYPE-pm2-20260820
49,5.530683550055897,7.061685239653018,0.7831959882606792,98820,471,14,193,5.530683550055897,98820,BTC-pm-20250222@2024-08-15@BTC-pm2-20260524;BTC-pm2-20260108@2026-03-09@BTC-pm2-20260123;BTC-pm2-20260123@2026-03-04@BTC-pm2-20260108;BTC-pm2-20260524@2026-03-14@BTC-pm2-20260123;BTC-pm2-20260820@2025-11-07@BTC-pm2-20260123;ETH-pm-20250222@2025-04-02@ETH-pm2-20260820;ETH-pm2-20260108@2025-07-20@ETH-pm2-20260524;ETH-pm2-20260123@2025-07-17@ETH-pm2-20260123;ETH-pm2-20260524@2025-07-18@ETH-pm-20250222;ETH-pm2-20260820@2025-07-22@ETH-pm-20250222;HYPE-pm2-20260108@2026-06-26@HYPE-pm2-20260108;HYPE-pm2-20260508@2026-07-02@HYPE-pm2-20260820;HYPE-pm2-20260524@2026-03-17@HYPE-pm2-20260524;HYPE-pm2-20260820@2026-03-14@HYPE-pm2-20260108
50,1.9256764706237288,4.032310511387035,0.477561553155621,97028,488,14,194,-3.268029651480166,96979,BTC-pm-20250222@2024-10-31@BTC-pm2-20260108;BTC-pm2-20260108@2025-11-16@BTC-pm2-20260108;BTC-pm2-20260123@2026-03-08@BTC-pm2-20260123;BTC-pm2-20260524@2026-02-23@BTC-pm2-20260524;BTC-pm2-20260820@2026-02-24@BTC-pm2-20260108;ETH-pm-20250222@2025-04-12@ETH-pm2-20260123;ETH-pm2-20260108@2025-07-16@ETH-pm2-20260524;ETH-pm2-20260123@2025-07-22@ETH-pm2-20260123;ETH-pm2-20260524@2025-07-18@ETH-pm2-20260123;ETH-pm2-20260820@2025-07-22@ETH-pm2-20260108;HYPE-pm2-20260108@2026-02-19@HYPE-pm2-20260108;HYPE-pm2-20260508@2026-07-12@HYPE-pm2-20260108;HYPE-pm2-20260524@2026-07-13@HYPE-pm2-20260820;HYPE-pm2-20260820@2026-02-26@HYPE-pm2-20260108
51,-57.8751902985186,18.267362551535506,-3.168229137361363,100837,493,14,227,-57.8751902985186,100837,BTC-pm-20250222@2025-03-26@BTC-pm2-20260524;BTC-pm2-20260108@2025-11-15@BTC-pm2-20260524;BTC-pm2-20260123@2026-02-25@BTC-pm-20250222;BTC-pm2-20260524@2026-03-14@BTC-pm-20250222;BTC-pm2-20260820@2025-11-09@BTC-pm-20250222;ETH-pm-20250222@2025-05-02@ETH-pm2-20260123;ETH-pm2-20260108@2025-07-18@ETH-pm2-20260820;ETH-pm2-20260123@2025-07-22@ETH-pm2-20260820;ETH-pm2-20260524@2025-07-25@ETH-pm-20250222;ETH-pm2-20260820@2025-07-22@ETH-pm2-20260820;HYPE-pm2-20260108@2026-03-17@HYPE-pm2-20260524;HYPE-pm2-20260508@2026-02-06@HYPE-pm2-20260524;HYPE-pm2-20260524@2026-07-11@HYPE-pm2-20260524;HYPE-pm2-20260820@2026-07-16@HYPE-pm2-20260820
52,0.0449736825738855,5.2215358421901215,0.0086131138295551,93635,462,14,206,1.9115878178735903,93567,BTC-pm-20250222@2024-03-14@BTC-pm2-20260108;BTC-pm2-20260108@2025-07-19@BTC-pm2-20260524;BTC-pm2-20260123@2026-03-18@BTC-pm2-20260820;BTC-pm2-20260524@2026-03-09@BTC-pm2-20260524;BTC-pm2-20260820@2025-11-18@BTC-pm2-20260820;ETH-pm-20250222@2024-04-19@ETH-pm2-20260524;ETH-pm2-20260108@2025-07-23@ETH-pm2-20260123;ETH-pm2-20260123@2025-07-22@ETH-pm-20250222;ETH-pm2-20260524@2025-07-20@ETH-pm2-20260820;ETH-pm2-20260820@2025-07-16@ETH-pm-20250222;HYPE-pm2-20260108@2026-06-28@HYPE-pm2-20260820;HYPE-pm2-20260508@2026-07-07@HYPE-pm2-20260524;HYPE-pm2-20260524@2026-02-27@HYPE-pm2-20260820;HYPE-pm2-20260820@2026-03-06@HYPE-pm2-20260508
53,-6.400331945723813,5.081211322690348,-1.2596075107411653,91902,487,14,232,-5.853777329891212,91835,BTC-pm-20250222@2024-11-10@BTC-pm2-20260820;BTC-pm2-20260108@2026-03-13@BTC-pm2-20260524;BTC-pm2-20260123@2025-11-08@BTC-pm-20250222;BTC-pm2-20260524@2025-11-18@BTC-pm-20250222;BTC-pm2-20260820@2025-07-23@BTC-pm2-20260108;ETH-pm-20250222@2024-08-26@ETH-pm2-20260108;ETH-pm2-20260108@2025-07-23@ETH-pm2-20260108;ETH-pm2-20260123@2025-07-17@ETH-pm2-20260108;ETH-pm2-20260524@2025-07-16@ETH-pm-20250222;ETH-pm2-20260820@2025-07-25@ETH-pm-20250222;HYPE-pm2-20260108@2026-03-08@HYPE-pm2-20260820;HYPE-pm2-20260508@2026-06-28@HYPE-pm2-20260820;HYPE-pm2-20260524@2026-02-06@HYPE-pm2-20260108;HYPE-pm2-20260820@2026-07-06@HYPE-pm2-20260524
54,-20.311263721745217,11.10977545018598,-1.828233505962103,103167,491,14,209,-20.311263721745217,103167,BTC-pm-20250222@2024-12-26@BTC-pm2-20260820;BTC-pm2-20260108@2026-03-06@BTC-pm-20250222;BTC-pm2-20260123@2025-07-20@BTC-pm2-20260108;BTC-pm2-20260524@2025-11-12@BTC-pm2-20260123;BTC-pm2-20260820@2026-03-21@BTC-pm2-20260820;ETH-pm-20250222@2025-04-30@ETH-pm2-20260524;ETH-pm2-20260108@2025-07-25@ETH-pm-20250222;ETH-pm2-20260123@2025-07-24@ETH-pm-20250222;ETH-pm2-20260524@2025-07-25@ETH-pm-20250222;ETH-pm2-20260820@2025-07-24@ETH-pm2-20260820;HYPE-pm2-20260108@2026-03-16@HYPE-pm2-20260820;HYPE-pm2-20260508@2026-07-02@HYPE-pm2-20260524;HYPE-pm2-20260524@2026-02-22@HYPE-pm2-20260820;HYPE-pm2-20260820@2026-07-08@HYPE-pm2-20260524
55,17.99120495542282,7.714291680937308,2.3321914311174763,107790,492,14,195,17.99120495542282,107790,BTC-pm-20250222@2025-04-26@BTC-pm2-20260123;BTC-pm2-20260108@2025-07-17@BTC-pm2-20260108;BTC-pm2-20260123@2025-07-20@BTC-pm2-20260108;BTC-pm2-20260524@2026-02-23@BTC-pm2-20260524;BTC-pm2-20260820@2025-11-11@BTC-pm-20250222;ETH-pm-20250222@2024-12-27@ETH-pm-20250222;ETH-pm2-20260108@2025-07-20@ETH-pm2-20260108;ETH-pm2-20260123@2025-07-22@ETH-pm2-20260820;ETH-pm2-20260524@2025-07-17@ETH-pm2-20260820;ETH-pm2-20260820@2025-07-19@ETH-pm2-20260820;HYPE-pm2-20260108@2026-03-09@HYPE-pm2-20260524;HYPE-pm2-20260508@2026-02-16@HYPE-pm2-20260108;HYPE-pm2-20260524@2026-07-07@HYPE-pm2-20260524;HYPE-pm2-20260820@2026-03-02@HYPE-pm2-20260524
56,0.3920370782673806,6.286054220649072,0.0623661623820515,89325,427,14,182,0.3920370782673806,89325,BTC-pm-20250222@2024-03-15@BTC-pm2-20260820;BTC-pm2-20260108@2025-07-18@BTC-pm-20250222;BTC-pm2-20260123@2026-02-20@BTC-pm2-20260123;BTC-pm2-20260524@2025-07-20@BTC-pm2-20260108;BTC-pm2-20260820@2026-03-12@BTC-pm2-20260820;ETH-pm-20250222@2024-02-12@ETH-pm2-20260108;ETH-pm2-20260108@2025-07-20@ETH-pm2-20260123;ETH-pm2-20260123@2025-07-22@ETH-pm2-20260108;ETH-pm2-20260524@2025-07-22@ETH-pm-20250222;ETH-pm2-20260820@2025-07-17@ETH-pm2-20260820;HYPE-pm2-20260108@2026-03-13@HYPE-pm2-20260108;HYPE-pm2-20260508@2026-07-13@HYPE-pm2-20260108;HYPE-pm2-20260524@2026-02-06@HYPE-pm2-20260820;HYPE-pm2-20260820@2026-03-03@HYPE-pm2-20260108
57,-21.512820617906034,18.313180616998658,-1.174717874946169,99627,480,14,169,-21.512820617906034,99627,BTC-pm-20250222@2025-07-20@BTC-pm2-20260820;BTC-pm2-20260108@2026-02-28@BTC-pm2-20260108;BTC-pm2-20260123@2026-03-05@BTC-pm2-20260820;BTC-pm2-20260524@2026-02-27@BTC-pm-20250222;BTC-pm2-20260820@2026-03-21@BTC-pm2-20260123;ETH-pm-20250222@2024-04-15@ETH-pm2-20260820;ETH-pm2-20260108@2025-07-23@ETH-pm-20250222;ETH-pm2-20260123@2025-07-16@ETH-pm2-20260524;ETH-pm2-20260524@2025-07-25@ETH-pm2-20260108;ETH-pm2-20260820@2025-07-18@ETH-pm2-20260123;HYPE-pm2-20260108@2026-06-25@HYPE-pm2-20260524;HYPE-pm2-20260508@2026-02-17@HYPE-pm2-20260524;HYPE-pm2-20260524@2026-07-11@HYPE-pm2-20260108;HYPE-pm2-20260820@2026-02-23@HYPE-pm2-20260108
58,-51.846152216179554,21.738598026059368,-2.3849814120500525,100640,474,14,157,-51.846152216179554,100640,BTC-pm-20250222@2024-12-01@BTC-pm2-20260820;BTC-pm2-20260108@2026-03-13@BTC-pm2-20260108;BTC-pm2-20260123@2026-03-17@BTC-pm2-20260108;BTC-pm2-20260524@2026-02-28@BTC-pm-20250222;BTC-pm2-20260820@2025-07-20@BTC-pm2-20260820;ETH-pm-20250222@2024-03-03@ETH-pm2-20260524;ETH-pm2-20260108@2025-07-23@ETH-pm2-20260820;ETH-pm2-20260123@2025-07-21@ETH-pm2-20260123;ETH-pm2-20260524@2025-07-17@ETH-pm2-20260820;ETH-pm2-20260820@2025-07-25@ETH-pm2-20260123;HYPE-pm2-20260108@2026-02-11@HYPE-pm2-20260820;HYPE-pm2-20260508@2026-02-10@HYPE-pm2-20260524;HYPE-pm2-20260524@2026-02-21@HYPE-pm2-20260508;HYPE-pm2-20260820@2026-03-15@HYPE-pm2-20260524
59,27.01958251607395,5.062541219538086,5.337158028816852,97980,472,14,205,27.01958251607395,97980,BTC-pm-20250222@2024-04-08@BTC-pm2-20260108;BTC-pm2-20260108@2025-07-22@BTC-pm2-20260108;BTC-pm2-20260123@2026-02-23@BTC-pm2-20260524;BTC-pm2-20260524@2026-03-16@BTC-pm2-20260108;BTC-pm2-20260820@2025-11-08@BTC-pm2-20260524;ETH-pm-20250222@2024-12-07@ETH-pm2-20260524;ETH-pm2-20260108@2025-07-18@ETH-pm2-20260108;ETH-pm2-20260123@2025-07-16@ETH-pm-20250222;ETH-pm2-20260524@2025-07-18@ETH-pm2-20260820;ETH-pm2-20260820@2025-07-19@ETH-pm2-20260123;HYPE-pm2-20260108@2026-03-11@HYPE-pm2-20260108;HYPE-pm2-20260508@2026-07-15@HYPE-pm2-20260820;HYPE-pm2-20260524@2026-02-14@HYPE-pm2-20260108;HYPE-pm2-20260820@2026-03-08@HYPE-pm2-20260108
60,6.597603779813505,6.0484295685581495,1.0907961653567324,89525,445,14,164,6.597603779813505,89525,BTC-pm-20250222@2024-08-23@BTC-pm2-20260524;BTC-pm2-20260108@2026-02-25@BTC-pm2-20260820;BTC-pm2-20260123@2025-11-09@BTC-pm2-20260820;BTC-pm2-20260524@2025-11-14@BTC-pm2-20260524;BTC-pm2-20260820@2026-03-06@BTC-pm-20250222;ETH-pm-20250222@2024-08-09@ETH-pm2-20260524;ETH-pm2-20260108@2025-07-25@ETH-pm-20250222;ETH-pm2-20260123@2025-07-21@ETH-pm2-20260820;ETH-pm2-20260524@2025-07-22@ETH-pm2-20260123;ETH-pm2-20260820@2025-07-20@ETH-pm2-20260820;HYPE-pm2-20260108@2026-03-15@HYPE-pm2-20260820;HYPE-pm2-20260508@2026-02-24@HYPE-pm2-20260108;HYPE-pm2-20260524@2026-03-13@HYPE-pm2-20260108;HYPE-pm2-20260820@2026-02-17@HYPE-pm2-20260508
61,23.354608978873653,8.8203323670263,2.6478150717065847,86146,484,14,204,23.354608978873653,86146,BTC-pm-20250222@2025-04-18@BTC-pm2-20260524;BTC-pm2-20260108@2025-07-17@BTC-pm2-20260123;BTC-pm2-20260123@2025-07-20@BTC-pm2-20260108;BTC-pm2-20260524@2025-11-18@BTC-pm2-20260108;BTC-pm2-20260820@2025-07-19@BTC-pm2-20260108;ETH-pm-20250222@2024-07-16@ETH-pm2-20260820;ETH-pm2-20260108@2025-07-22@ETH-pm2-20260108;ETH-pm2-20260123@2025-07-18@ETH-pm2-20260820;ETH-pm2-20260524@2025-07-16@ETH-pm-20250222;ETH-pm2-20260820@2025-07-16@ETH-pm2-20260108;HYPE-pm2-20260108@2026-02-16@HYPE-pm2-20260108;HYPE-pm2-20260508@2026-07-05@HYPE-pm2-20260508;HYPE-pm2-20260524@2026-06-24@HYPE-pm2-20260524;HYPE-pm2-20260820@2026-03-06@HYPE-pm2-20260820
62,11.92581856901141,11.021325351698126,1.0820675543503415,91321,485,14,181,11.92581856901141,91321,BTC-pm-20250222@2026-02-24@BTC-pm2-20260108;BTC-pm2-20260108@2025-07-24@BTC-pm2-20260524;BTC-pm2-20260123@2025-11-13@BTC-pm2-20260108;BTC-pm2-20260524@2026-03-04@BTC-pm2-20260524;BTC-pm2-20260820@2025-07-17@BTC-pm2-20260108;ETH-pm-20250222@2024-08-03@ETH-pm2-20260123;ETH-pm2-20260108@2025-07-17@ETH-pm2-20260524;ETH-pm2-20260123@2025-07-24@ETH-pm-20250222;ETH-pm2-20260524@2025-07-16@ETH-pm-20250222;ETH-pm2-20260820@2025-07-24@ETH-pm2-20260820;HYPE-pm2-20260108@2026-03-17@HYPE-pm2-20260524;HYPE-pm2-20260508@2026-06-24@HYPE-pm2-20260524;HYPE-pm2-20260524@2026-03-15@HYPE-pm2-20260508;HYPE-pm2-20260820@2026-07-03@HYPE-pm2-20260108
63,-42.75585642428331,22.124115009388177,-1.9325453879687495,90909,457,14,159,-42.75585642428331,90909,BTC-pm-20250222@2024-07-22@BTC-pm-20250222;BTC-pm2-20260108@2025-11-08@BTC-pm2-20260820;BTC-pm2-20260123@2025-07-20@BTC-pm2-20260123;BTC-pm2-20260524@2026-02-27@BTC-pm2-20260524;BTC-pm2-20260820@2026-03-03@BTC-pm2-20260123;ETH-pm-20250222@2024-08-07@ETH-pm-20250222;ETH-pm2-20260108@2025-07-23@ETH-pm2-20260123;ETH-pm2-20260123@2025-07-21@ETH-pm2-20260108;ETH-pm2-20260524@2025-07-23@ETH-pm2-20260820;ETH-pm2-20260820@2025-07-24@ETH-pm-20250222;HYPE-pm2-20260108@2026-03-14@HYPE-pm2-20260508;HYPE-pm2-20260508@2026-03-10@HYPE-pm2-20260820;HYPE-pm2-20260524@2026-03-14@HYPE-pm2-20260820;HYPE-pm2-20260820@2026-02-11@HYPE-pm2-20260524
64,12.771546398868564,11.030564790602106,1.1578324991798925,93218,457,14,199,12.771546398868564,93218,BTC-pm-20250222@2024-03-21@BTC-pm2-20260123;BTC-pm2-20260108@2026-03-20@BTC-pm2-20260123;BTC-pm2-20260123@2026-03-05@BTC-pm2-20260108;BTC-pm2-20260524@2025-07-24@BTC-pm2-20260123;BTC-pm2-20260820@2025-11-10@BTC-pm2-20260524;ETH-pm-20250222@2024-01-27@ETH-pm2-20260820;ETH-pm2-20260108@2025-07-19@ETH-pm2-20260524;ETH-pm2-20260123@2025-07-17@ETH-pm2-20260820;ETH-pm2-20260524@2025-07-21@ETH-pm2-20260123;ETH-pm2-20260820@2025-07-17@ETH-pm2-20260820;HYPE-pm2-20260108@2026-06-27@HYPE-pm2-20260108;HYPE-pm2-20260508@2026-06-28@HYPE-pm2-20260524;HYPE-pm2-20260524@2026-06-24@HYPE-pm2-20260524;HYPE-pm2-20260820@2026-07-03@HYPE-pm2-20260108
65,-1.4529957183023607,5.640168349754262,-0.2576156646752692,95731,459,14,207,0.6036638326642306,95672,BTC-pm-20250222@2024-02-17@BTC-pm-20250222;BTC-pm2-20260108@2025-11-12@BTC-pm2-20260108;BTC-pm2-20260123@2025-11-09@BTC-pm2-20260108;BTC-pm2-20260524@2026-03-18@BTC-pm2-20260820;BTC-pm2-20260820@2025-11-18@BTC-pm-20250222;ETH-pm-20250222@2024-02-26@ETH-pm2-20260820;ETH-pm2-20260108@2025-07-25@ETH-pm-20250222;ETH-pm2-20260123@2025-07-16@ETH-pm2-20260108;ETH-pm2-20260524@2025-07-21@ETH-pm2-20260108;ETH-pm2-20260820@2025-07-18@ETH-pm-20250222;HYPE-pm2-20260108@2026-03-05@HYPE-pm2-20260820;HYPE-pm2-20260508@2026-02-24@HYPE-pm2-20260524;HYPE-pm2-20260524@2026-02-10@HYPE-pm2-20260508;HYPE-pm2-20260820@2026-06-30@HYPE-pm2-20260820
66,12.1517765475281,6.859817397618357,1.7714431512050224,101314,514,14,212,15.361177162301455,101248,BTC-pm-20250222@2024-12-23@BTC-pm-20250222;BTC-pm2-20260108@2026-03-07@BTC-pm2-20260108;BTC-pm2-20260123@2025-07-22@BTC-pm2-20260524;BTC-pm2-20260524@2026-03-19@BTC-pm-20250222;BTC-pm2-20260820@2025-11-19@BTC-pm2-20260108;ETH-pm-20250222@2025-04-10@ETH-pm2-20260123;ETH-pm2-20260108@2025-07-17@ETH-pm2-20260524;ETH-pm2-20260123@2025-07-21@ETH-pm2-20260108;ETH-pm2-20260524@2025-07-19@ETH-pm2-20260108;ETH-pm2-20260820@2025-07-17@ETH-pm2-20260123;HYPE-pm2-20260108@2026-06-22@HYPE-pm2-20260108;HYPE-pm2-20260508@2026-03-10@HYPE-pm2-20260508;HYPE-pm2-20260524@2026-07-05@HYPE-pm2-20260820;HYPE-pm2-20260820@2026-02-24@HYPE-pm2-20260524
67,-36.67960507409071,23.98824386847214,-1.5290658739007938,88792,459,14,173,-36.67960507409071,88792,BTC-pm-20250222@2024-02-24@BTC-pm-20250222;BTC-pm2-20260108@2025-07-21@BTC-pm2-20260820;BTC-pm2-20260123@2025-11-18@BTC-pm2-20260524;BTC-pm2-20260524@2026-03-09@BTC-pm-20250222;BTC-pm2-20260820@2025-11-16@BTC-pm2-20260123;ETH-pm-20250222@2024-05-03@ETH-pm2-20260123;ETH-pm2-20260108@2025-07-18@ETH-pm2-20260524;ETH-pm2-20260123@2025-07-20@ETH-pm2-20260820;ETH-pm2-20260524@2025-07-20@ETH-pm2-20260820;ETH-pm2-20260820@2025-07-21@ETH-pm2-20260524;HYPE-pm2-20260108@2026-03-10@HYPE-pm2-20260108;HYPE-pm2-20260508@2026-02-12@HYPE-pm2-20260524;HYPE-pm2-20260524@2026-03-06@HYPE-pm2-20260820;HYPE-pm2-20260820@2026-03-01@HYPE-pm2-20260820
68,-33.94975725466659,17.671314358005798,-1.9211789551627785,107429,490,14,208,-33.94975725466659,107429,BTC-pm-20250222@2024-11-08@BTC-pm2-20260108;BTC-pm2-20260108@2025-07-25@BTC-pm2-20260820;BTC-pm2-20260123@2025-11-19@BTC-pm2-20260820;BTC-pm2-20260524@2026-03-06@BTC-pm2-20260108;BTC-pm2-20260820@2025-07-16@BTC-pm-20250222;ETH-pm-20250222@2024-12-27@ETH-pm2-20260123;ETH-pm2-20260108@2025-07-23@ETH-pm2-20260820;ETH-pm2-20260123@2025-07-16@ETH-pm2-20260108;ETH-pm2-20260524@2025-07-22@ETH-pm-20250222;ETH-pm2-20260820@2025-07-19@ETH-pm2-20260820;HYPE-pm2-20260108@2026-07-11@HYPE-pm2-20260524;HYPE-pm2-20260508@2026-07-11@HYPE-pm2-20260108;HYPE-pm2-20260524@2026-03-17@HYPE-pm2-20260524;HYPE-pm2-20260820@2026-02-15@HYPE-pm2-20260524
69,5.163030031061569,10.165995556320844,0.5078725445489091,99827,480,14,217,5.163030031061569,99827,BTC-pm-20250222@2024-04-07@BTC-pm2-20260524;BTC-pm2-20260108@2025-07-19@BTC-pm2-20260108;BTC-pm2-20260123@2026-02-28@BTC-pm2-20260108;BTC-pm2-20260524@2025-11-15@BTC-pm2-20260524;BTC-pm2-20260820@2026-03-15@BTC-pm2-20260108;ETH-pm-20250222@2024-12-04@ETH-pm2-20260108;ETH-pm2-20260108@2025-07-16@ETH-pm2-20260820;ETH-pm2-20260123@2025-07-23@ETH-pm2-20260524;ETH-pm2-20260524@2025-07-22@ETH-pm2-20260108;ETH-pm2-20260820@2025-07-23@ETH-pm2-20260820;HYPE-pm2-20260108@2026-07-11@HYPE-pm2-20260508;HYPE-pm2-20260508@2026-03-06@HYPE-pm2-20260820;HYPE-pm2-20260524@2026-02-05@HYPE-pm2-20260108;HYPE-pm2-20260820@2026-07-08@HYPE-pm2-20260508
70,-71.31701456643425,32.50544418934392,-2.1940021539472983,98014,482,14,210,-71.31701456643425,98014,BTC-pm-20250222@2025-01-25@BTC-pm-20250222;BTC-pm2-20260108@2025-11-12@BTC-pm2-20260108;BTC-pm2-20260123@2026-03-01@BTC-pm-20250222;BTC-pm2-20260524@2025-11-15@BTC-pm2-20260123;BTC-pm2-20260820@2026-03-02@BTC-pm2-20260820;ETH-pm-20250222@2024-02-09@ETH-pm-20250222;ETH-pm2-20260108@2025-07-24@ETH-pm2-20260820;ETH-pm2-20260123@2025-07-22@ETH-pm2-20260123;ETH-pm2-20260524@2025-07-18@ETH-pm-20250222;ETH-pm2-20260820@2025-07-17@ETH-pm2-20260108;HYPE-pm2-20260108@2026-02-10@HYPE-pm2-20260524;HYPE-pm2-20260508@2026-03-12@HYPE-pm2-20260524;HYPE-pm2-20260524@2026-07-13@HYPE-pm2-20260508;HYPE-pm2-20260820@2026-02-11@HYPE-pm2-20260524
71,-25.055986630798035,35.738190663333576,-0.7010983534906484,97854,477,14,173,-25.055986630798035,97854,BTC-pm-20250222@2024-03-05@BTC-pm-20250222;BTC-pm2-20260108@2026-03-16@BTC-pm2-20260524;BTC-pm2-20260123@2026-02-28@BTC-pm2-20260108;BTC-pm2-20260524@2026-02-23@BTC-pm2-20260524;BTC-pm2-20260820@2026-03-10@BTC-pm2-20260123;ETH-pm-20250222@2025-04-08@ETH-pm2-20260108;ETH-pm2-20260108@2025-07-21@ETH-pm2-20260820;ETH-pm2-20260123@2025-07-21@ETH-pm2-20260524;ETH-pm2-20260524@2025-07-16@ETH-pm2-20260123;ETH-pm2-20260820@2025-07-17@ETH-pm2-20260108;HYPE-pm2-20260108@2026-03-12@HYPE-pm2-20260820;HYPE-pm2-20260508@2026-02-24@HYPE-pm2-20260524;HYPE-pm2-20260524@2026-06-23@HYPE-pm2-20260108;HYPE-pm2-20260820@2026-02-17@HYPE-pm2-20260524
72,4.785708844892806,5.7173950270920235,0.837043587545657,101489,502,14,195,4.785708844892806,101489,BTC-pm-20250222@2025-03-27@BTC-pm2-20260820;BTC-pm2-20260108@2025-11-17@BTC-pm2-20260123;BTC-pm2-20260123@2025-11-11@BTC-pm2-20260123;BTC-pm2-20260524@2026-03-15@BTC-pm2-20260123;BTC-pm2-20260820@2026-03-10@BTC-pm2-20260524;ETH-pm-20250222@2025-04-22@ETH-pm2-20260123;ETH-pm2-20260108@2025-07-22@ETH-pm2-20260108;ETH-pm2-20260123@2025-07-19@ETH-pm2-20260820;ETH-pm2-20260524@2025-07-25@ETH-pm2-20260108;ETH-pm2-20260820@2025-07-23@ETH-pm-20250222;HYPE-pm2-20260108@2026-07-10@HYPE-pm2-20260508;HYPE-pm2-20260508@2026-03-06@HYPE-pm2-20260508;HYPE-pm2-20260524@2026-07-14@HYPE-pm2-20260108;HYPE-pm2-20260820@2026-03-16@HYPE-pm2-20260820
73,16.959380633335343,12.48967726255736,1.35787180699838,91599,446,14,166,16.959380633335343,91599,BTC-pm-20250222@2024-02-18@BTC-pm-20250222;BTC-pm2-20260108@2025-07-22@BTC-pm2-20260108;BTC-pm2-20260123@2026-02-25@BTC-pm2-20260524;BTC-pm2-20260524@2026-02-28@BTC-pm2-20260123;BTC-pm2-20260820@2025-07-25@BTC-pm2-20260123;ETH-pm-20250222@2024-03-12@ETH-pm2-20260820;ETH-pm2-20260108@2025-07-23@ETH-pm2-20260108;ETH-pm2-20260123@2025-07-16@ETH-pm2-20260123;ETH-pm2-20260524@2025-07-19@ETH-pm2-20260524;ETH-pm2-20260820@2025-07-18@ETH-pm2-20260108;HYPE-pm2-20260108@2026-03-08@HYPE-pm2-20260524;HYPE-pm2-20260508@2026-02-21@HYPE-pm2-20260524;HYPE-pm2-20260524@2026-07-02@HYPE-pm2-20260508;HYPE-pm2-20260820@2026-02-14@HYPE-pm2-20260508
74,24.47188527219024,9.283327501988795,2.6361113799925247,93700,462,14,133,24.47188527219024,93700,BTC-pm-20250222@2024-04-27@BTC-pm2-20260108;BTC-pm2-20260108@2025-07-17@BTC-pm2-20260108;BTC-pm2-20260123@2026-03-17@BTC-pm2-20260524;BTC-pm2-20260524@2026-03-11@BTC-pm2-20260524;BTC-pm2-20260820@2026-03-12@BTC-pm-20250222;ETH-pm-20250222@2024-08-20@ETH-pm2-20260524;ETH-pm2-20260108@2025-07-18@ETH-pm2-20260123;ETH-pm2-20260123@2025-07-22@ETH-pm2-20260820;ETH-pm2-20260524@2025-07-22@ETH-pm2-20260524;ETH-pm2-20260820@2025-07-19@ETH-pm2-20260108;HYPE-pm2-20260108@2026-03-05@HYPE-pm2-20260524;HYPE-pm2-20260508@2026-03-07@HYPE-pm2-20260820;HYPE-pm2-20260524@2026-03-02@HYPE-pm2-20260108;HYPE-pm2-20260820@2026-03-05@HYPE-pm2-20260508
75,1.2239003617412272,9.712489800330768,0.1260130395915109,90750,441,14,205,1.2239003617412272,90750,BTC-pm-20250222@2024-08-28@BTC-pm-20250222;BTC-pm2-20260108@2026-02-27@BTC-pm2-20260524;BTC-pm2-20260123@2025-11-07@BTC-pm-20250222;BTC-pm2-20260524@2025-11-11@BTC-pm2-20260108;BTC-pm2-20260820@2025-07-25@BTC-pm2-20260524;ETH-pm-20250222@2024-02-15@ETH-pm-20250222;ETH-pm2-20260108@2025-07-19@ETH-pm2-20260108;ETH-pm2-20260123@2025-07-16@ETH-pm2-20260524;ETH-pm2-20260524@2025-07-24@ETH-pm2-20260524;ETH-pm2-20260820@2025-07-17@ETH-pm2-20260820;HYPE-pm2-20260108@2026-03-17@HYPE-pm2-20260108;HYPE-pm2-20260508@2026-02-23@HYPE-pm2-20260524;HYPE-pm2-20260524@2026-07-07@HYPE-pm2-20260524;HYPE-pm2-20260820@2026-06-30@HYPE-pm2-20260508
76,-56.570742527474806,26.553414449040435,-2.1304507801074566,98905,488,14,173,-76.9417658185112,98837,BTC-pm-20250222@2024-05-12@BTC-pm2-20260108;BTC-pm2-20260108@2025-07-22@BTC-pm-20250222;BTC-pm2-20260123@2026-03-19@BTC-pm2-20260108;BTC-pm2-20260524@2026-03-21@BTC-pm2-20260108;BTC-pm2-20260820@2026-02-25@BTC-pm2-20260524;ETH-pm-20250222@2025-07-16@ETH-pm2-20260108;ETH-pm2-20260108@2025-07-25@ETH-pm-20250222;ETH-pm2-20260123@2025-07-17@ETH-pm2-20260108;ETH-pm2-20260524@2025-07-17@ETH-pm2-20260123;ETH-pm2-20260820@2025-07-16@ETH-pm2-20260108;HYPE-pm2-20260108@2026-02-12@HYPE-pm2-20260524;HYPE-pm2-20260508@2026-07-09@HYPE-pm2-20260108;HYPE-pm2-20260524@2026-06-23@HYPE-pm2-20260820;HYPE-pm2-20260820@2026-03-12@HYPE-pm2-20260524
77,-2.104179161952163,7.1521613040545535,-0.294201860458503,96180,482,14,190,-0.4601493050415503,96112,BTC-pm-20250222@2026-03-11@BTC-pm2-20260123;BTC-pm2-20260108@2025-07-16@BTC-pm2-20260820;BTC-pm2-20260123@2025-11-17@BTC-pm2-20260123;BTC-pm2-20260524@2025-11-08@BTC-pm2-20260123;BTC-pm2-20260820@2025-11-20@BTC-pm2-20260123;ETH-pm-20250222@2024-04-15@ETH-pm2-20260820;ETH-pm2-20260108@2025-07-21@ETH-pm-20250222;ETH-pm2-20260123@2025-07-23@ETH-pm2-20260108;ETH-pm2-20260524@2025-07-22@ETH-pm-20250222;ETH-pm2-20260820@2025-07-18@ETH-pm-20250222;HYPE-pm2-20260108@2026-06-27@HYPE-pm2-20260820;HYPE-pm2-20260508@2026-03-06@HYPE-pm2-20260508;HYPE-pm2-20260524@2026-02-11@HYPE-pm2-20260820;HYPE-pm2-20260820@2026-02-19@HYPE-pm2-20260820
78,-8.843487137164239,8.956583076063097,-0.9873728699953542,100550,487,14,174,-8.843487137164239,100550,BTC-pm-20250222@2026-03-10@BTC-pm2-20260123;BTC-pm2-20260108@2026-02-26@BTC-pm2-20260108;BTC-pm2-20260123@2025-07-19@BTC-pm2-20260524;BTC-pm2-20260524@2026-03-11@BTC-pm2-20260123;BTC-pm2-20260820@2025-07-23@BTC-pm-20250222;ETH-pm-20250222@2024-11-05@ETH-pm2-20260820;ETH-pm2-20260108@2025-07-23@ETH-pm-20250222;ETH-pm2-20260123@2025-07-25@ETH-pm2-20260108;ETH-pm2-20260524@2025-07-16@ETH-pm2-20260108;ETH-pm2-20260820@2025-07-20@ETH-pm2-20260524;HYPE-pm2-20260108@2026-07-11@HYPE-pm2-20260108;HYPE-pm2-20260508@2026-02-07@HYPE-pm2-20260508;HYPE-pm2-20260524@2026-02-08@HYPE-pm2-20260108;HYPE-pm2-20260820@2026-06-21@HYPE-pm2-20260508
79,19.959950144906635,4.453573800171186,4.481782730116523,104161,526,14,176,19.959950144906635,104161,BTC-pm-20250222@2025-11-08@BTC-pm-20250222;BTC-pm2-20260108@2026-02-21@BTC-pm-20250222;BTC-pm2-20260123@2026-02-21@BTC-pm2-20260524;BTC-pm2-20260524@2026-03-18@BTC-pm2-20260820;BTC-pm2-20260820@2026-03-13@BTC-pm2-20260108;ETH-pm-20250222@2024-11-19@ETH-pm2-20260108;ETH-pm2-20260108@2025-07-18@ETH-pm2-20260820;ETH-pm2-20260123@2025-07-18@ETH-pm2-20260108;ETH-pm2-20260524@2025-07-16@ETH-pm-20250222;ETH-pm2-20260820@2025-07-25@ETH-pm2-20260123;HYPE-pm2-20260108@2026-03-07@HYPE-pm2-20260820;HYPE-pm2-20260508@2026-03-05@HYPE-pm2-20260820;HYPE-pm2-20260524@2026-07-03@HYPE-pm2-20260820;HYPE-pm2-20260820@2026-03-08@HYPE-pm2-20260820
80,1.781999798241137,7.416065919470728,0.2402890990440812,104967,498,14,210,1.781999798241137,104967,BTC-pm-20250222@2024-12-27@BTC-pm2-20260123;BTC-pm2-20260108@2026-02-25@BTC-pm2-20260524;BTC-pm2-20260123@2025-11-20@BTC-pm2-20260524;BTC-pm2-20260524@2025-07-18@BTC-pm-20250222;BTC-pm2-20260820@2026-03-17@BTC-pm2-20260820;ETH-pm-20250222@2024-03-06@ETH-pm2-20260820;ETH-pm2-20260108@2025-07-18@ETH-pm2-20260123;ETH-pm2-20260123@2025-07-21@ETH-pm2-20260123;ETH-pm2-20260524@2025-07-23@ETH-pm2-20260123;ETH-pm2-20260820@2025-07-24@ETH-pm2-20260123;HYPE-pm2-20260108@2026-03-01@HYPE-pm2-20260524;HYPE-pm2-20260508@2026-03-03@HYPE-pm2-20260108;HYPE-pm2-20260524@2026-06-21@HYPE-pm2-20260524;HYPE-pm2-20260820@2026-07-04@HYPE-pm2-20260524
81,0.4359073589161378,3.851949329393665,0.113165392802494,92752,445,14,182,0.1624640333071549,92620,BTC-pm-20250222@2024-08-15@BTC-pm2-20260524;BTC-pm2-20260108@2026-03-17@BTC-pm2-20260820;BTC-pm2-20260123@2026-02-24@BTC-pm2-20260820;BTC-pm2-20260524@2025-07-24@BTC-pm2-20260108;BTC-pm2-20260820@2025-07-21@BTC-pm2-20260820;ETH-pm-20250222@2024-02-04@ETH-pm2-20260524;ETH-pm2-20260108@2025-07-16@ETH-pm2-20260524;ETH-pm2-20260123@2025-07-20@ETH-pm2-20260524;ETH-pm2-20260524@2025-07-23@ETH-pm2-20260820;ETH-pm2-20260820@2025-07-21@ETH-pm2-20260108;HYPE-pm2-20260108@2026-07-12@HYPE-pm2-20260108;HYPE-pm2-20260508@2026-07-08@HYPE-pm2-20260820;HYPE-pm2-20260524@2026-07-03@HYPE-pm2-20260820;HYPE-pm2-20260820@2026-06-28@HYPE-pm2-20260820
82,27.4193853243742,9.340845102712528,2.9354287564849746,90836,447,14,180,27.4193853243742,90836,BTC-pm-20250222@2024-07-20@BTC-pm2-20260524;BTC-pm2-20260108@2026-03-13@BTC-pm2-20260108;BTC-pm2-20260123@2026-02-22@BTC-pm2-20260123;BTC-pm2-20260524@2025-11-07@BTC-pm2-20260108;BTC-pm2-20260820@2025-11-09@BTC-pm2-20260108;ETH-pm-20250222@2024-05-15@ETH-pm2-20260108;ETH-pm2-20260108@2025-07-24@ETH-pm2-20260123;ETH-pm2-20260123@2025-07-23@ETH-pm2-20260123;ETH-pm2-20260524@2025-07-16@ETH-pm2-20260123;ETH-pm2-20260820@2025-07-18@ETH-pm2-20260524;HYPE-pm2-20260108@2026-03-03@HYPE-pm2-20260524;HYPE-pm2-20260508@2026-02-13@HYPE-pm2-20260820;HYPE-pm2-20260524@2026-02-23@HYPE-pm2-20260820;HYPE-pm2-20260820@2026-03-10@HYPE-pm2-20260108
83,8.790710795219065,5.627506055619934,1.562097083207966,90342,468,14,188,7.906452202076277,90294,BTC-pm-20250222@2024-11-20@BTC-pm2-20260524;BTC-pm2-20260108@2026-03-10@BTC-pm2-20260123;BTC-pm2-20260123@2025-07-20@BTC-pm2-20260820;BTC-pm2-20260524@2025-07-17@BTC-pm2-20260123;BTC-pm2-20260820@2026-03-03@BTC-pm2-20260524;ETH-pm-20250222@2024-08-20@ETH-pm2-20260524;ETH-pm2-20260108@2025-07-21@ETH-pm2-20260123;ETH-pm2-20260123@2025-07-16@ETH-pm2-20260123;ETH-pm2-20260524@2025-07-21@ETH-pm2-20260820;ETH-pm2-20260820@2025-07-22@ETH-pm-20250222;HYPE-pm2-20260108@2026-06-28@HYPE-pm2-20260108;HYPE-pm2-20260508@2026-07-13@HYPE-pm2-20260820;HYPE-pm2-20260524@2026-02-26@HYPE-pm2-20260108;HYPE-pm2-20260820@2026-02-12@HYPE-pm2-20260108
84,-5.627953263691482,8.835279713505015,-0.6369864278421169,100490,479,14,165,-5.627953263691482,100490,BTC-pm-20250222@2024-04-28@BTC-pm-20250222;BTC-pm2-20260108@2026-03-09@BTC-pm2-20260524;BTC-pm2-20260123@2026-03-07@BTC-pm2-20260108;BTC-pm2-20260524@2026-02-28@BTC-pm2-20260123;BTC-pm2-20260820@2025-07-24@BTC-pm2-20260108;ETH-pm-20250222@2024-11-18@ETH-pm2-20260524;ETH-pm2-20260108@2025-07-22@ETH-pm2-20260108;ETH-pm2-20260123@2025-07-22@ETH-pm2-20260820;ETH-pm2-20260524@2025-07-19@ETH-pm2-20260123;ETH-pm2-20260820@2025-07-22@ETH-pm2-20260820;HYPE-pm2-20260108@2026-02-26@HYPE-pm2-20260524;HYPE-pm2-20260508@2026-07-10@HYPE-pm2-20260524;HYPE-pm2-20260524@2026-03-13@HYPE-pm2-20260820;HYPE-pm2-20260820@2026-07-13@HYPE-pm2-20260524
85,-43.67196935259253,22.10889329990703,-1.9753123216156712,98331,475,14,182,-43.67196935259253,98331,BTC-pm-20250222@2026-02-26@BTC-pm2-20260123;BTC-pm2-20260108@2025-07-20@BTC-pm-20250222;BTC-pm2-20260123@2025-11-08@BTC-pm2-20260820;BTC-pm2-20260524@2025-11-07@BTC-pm2-20260108;BTC-pm2-20260820@2025-11-07@BTC-pm2-20260820;ETH-pm-20250222@2024-03-23@ETH-pm2-20260123;ETH-pm2-20260108@2025-07-19@ETH-pm2-20260108;ETH-pm2-20260123@2025-07-24@ETH-pm2-20260123;ETH-pm2-20260524@2025-07-22@ETH-pm2-20260123;ETH-pm2-20260820@2025-07-21@ETH-pm2-20260820;HYPE-pm2-20260108@2026-02-05@HYPE-pm2-20260820;HYPE-pm2-20260508@2026-03-10@HYPE-pm2-20260108;HYPE-pm2-20260524@2026-07-10@HYPE-pm2-20260108;HYPE-pm2-20260820@2026-02-14@HYPE-pm2-20260524
86,13.701663665195095,7.382597737179768,1.8559407071838216,116744,503,14,213,13.701663665195095,116744,BTC-pm-20250222@2025-04-03@BTC-pm-20250222;BTC-pm2-20260108@2026-03-21@BTC-pm2-20260108;BTC-pm2-20260123@2026-03-02@BTC-pm-20250222;BTC-pm2-20260524@2025-11-15@BTC-pm2-20260123;BTC-pm2-20260820@2026-03-03@BTC-pm2-20260123;ETH-pm-20250222@2025-01-01@ETH-pm2-20260820;ETH-pm2-20260108@2025-07-20@ETH-pm2-20260820;ETH-pm2-20260123@2025-07-20@ETH-pm-20250222;ETH-pm2-20260524@2025-07-19@ETH-pm-20250222;ETH-pm2-20260820@2025-07-21@ETH-pm2-20260108;HYPE-pm2-20260108@2026-03-17@HYPE-pm2-20260508;HYPE-pm2-20260508@2026-02-06@HYPE-pm2-20260108;HYPE-pm2-20260524@2026-07-16@HYPE-pm2-20260108;HYPE-pm2-20260820@2026-03-07@HYPE-pm2-20260508
87,-11.922513053133274,9.498521934247758,-1.2551966648774693,97041,466,14,164,-11.922513053133274,97041,BTC-pm-20250222@2024-07-22@BTC-pm-20250222;BTC-pm2-20260108@2026-03-09@BTC-pm2-20260108;BTC-pm2-20260123@2026-02-27@BTC-pm2-20260123;BTC-pm2-20260524@2026-03-02@BTC-pm2-20260123;BTC-pm2-20260820@2026-03-12@BTC-pm2-20260123;ETH-pm-20250222@2024-04-30@ETH-pm2-20260524;ETH-pm2-20260108@2025-07-21@ETH-pm2-20260108;ETH-pm2-20260123@2025-07-22@ETH-pm2-20260524;ETH-pm2-20260524@2025-07-18@ETH-pm2-20260820;ETH-pm2-20260820@2025-07-21@ETH-pm2-20260108;HYPE-pm2-20260108@2026-02-25@HYPE-pm2-20260820;HYPE-pm2-20260508@2026-06-29@HYPE-pm2-20260524;HYPE-pm2-20260524@2026-03-16@HYPE-pm2-20260820;HYPE-pm2-20260820@2026-07-05@HYPE-pm2-20260524
88,-61.1403351612793,19.73645913496164,-3.0978370914048026,89639,438,14,194,-61.1403351612793,89639,BTC-pm-20250222@2024-08-07@BTC-pm-20250222;BTC-pm2-20260108@2025-11-17@BTC-pm2-20260123;BTC-pm2-20260123@2026-02-25@BTC-pm2-20260123;BTC-pm2-20260524@2025-07-22@BTC-pm-20250222;BTC-pm2-20260820@2025-07-16@BTC-pm2-20260524;ETH-pm-20250222@2024-03-23@ETH-pm-20250222;ETH-pm2-20260108@2025-07-16@ETH-pm2-20260123;ETH-pm2-20260123@2025-07-19@ETH-pm2-20260123;ETH-pm2-20260524@2025-07-22@ETH-pm2-20260820;ETH-pm2-20260820@2025-07-24@ETH-pm-20250222;HYPE-pm2-20260108@2026-03-04@HYPE-pm2-20260508;HYPE-pm2-20260508@2026-02-05@HYPE-pm2-20260524;HYPE-pm2-20260524@2026-07-03@HYPE-pm2-20260108;HYPE-pm2-20260820@2026-02-15@HYPE-pm2-20260820
89,-63.67363016867738,27.20343245874687,-2.3406469115703095,98434,479,14,182,-63.67363016867738,98434,BTC-pm-20250222@2025-04-02@BTC-pm2-20260820;BTC-pm2-20260108@2026-02-23@BTC-pm-20250222;BTC-pm2-20260123@2026-03-15@BTC-pm-20250222;BTC-pm2-20260524@2026-03-09@BTC-pm2-20260820;BTC-pm2-20260820@2026-02-27@BTC-pm-20250222;ETH-pm-20250222@2024-04-28@ETH-pm2-20260108;ETH-pm2-20260108@2025-07-16@ETH-pm2-20260524;ETH-pm2-20260123@2025-07-25@ETH-pm2-20260524;ETH-pm2-20260524@2025-07-21@ETH-pm2-20260108;ETH-pm2-20260820@2025-07-22@ETH-pm2-20260123;HYPE-pm2-20260108@2026-02-12@HYPE-pm2-20260524;HYPE-pm2-20260508@2026-07-10@HYPE-pm2-20260524;HYPE-pm2-20260524@2026-02-25@HYPE-pm2-20260820;HYPE-pm2-20260820@2026-03-10@HYPE-pm2-20260820
90,21.388049536527568,12.050197860236198,1.7749127262967894,102644,505,14,196,21.388049536527568,102644,BTC-pm-20250222@2024-12-20@BTC-pm2-20260123;BTC-pm2-20260108@2026-02-26@BTC-pm-20250222;BTC-pm2-20260123@2025-11-18@BTC-pm2-20260108;BTC-pm2-20260524@2026-03-17@BTC-pm2-20260108;BTC-pm2-20260820@2026-03-09@BTC-pm2-20260123;ETH-pm-20250222@2024-04-25@ETH-pm2-20260123;ETH-pm2-20260108@2025-07-25@ETH-pm2-20260820;ETH-pm2-20260123@2025-07-25@ETH-pm2-20260820;ETH-pm2-20260524@2025-07-18@ETH-pm2-20260820;ETH-pm2-20260820@2025-07-24@ETH-pm2-20260820;HYPE-pm2-20260108@2026-03-02@HYPE-pm2-20260508;HYPE-pm2-20260508@2026-06-24@HYPE-pm2-20260524;HYPE-pm2-20260524@2026-03-09@HYPE-pm2-20260820;HYPE-pm2-20260820@2026-02-26@HYPE-pm2-20260820
91,-2.3683683104040383,11.718745956212038,-0.2021008322267264,97702,480,14,189,-2.3683683104040383,97702,BTC-pm-20250222@2024-12-02@BTC-pm2-20260108;BTC-pm2-20260108@2026-03-14@BTC-pm2-20260108;BTC-pm2-20260123@2026-02-22@BTC-pm-20250222;BTC-pm2-20260524@2026-02-21@BTC-pm-20250222;BTC-pm2-20260820@2025-11-12@BTC-pm2-20260123;ETH-pm-20250222@2024-11-12@ETH-pm2-20260820;ETH-pm2-20260108@2025-07-18@ETH-pm2-20260524;ETH-pm2-20260123@2025-07-20@ETH-pm2-20260108;ETH-pm2-20260524@2025-07-25@ETH-pm2-20260108;ETH-pm2-20260820@2025-07-18@ETH-pm2-20260524;HYPE-pm2-20260108@2026-02-20@HYPE-pm2-20260820;HYPE-pm2-20260508@2026-07-16@HYPE-pm2-20260508;HYPE-pm2-20260524@2026-07-16@HYPE-pm2-20260108;HYPE-pm2-20260820@2026-02-25@HYPE-pm2-20260508
92,14.692722196223038,8.04974309544161,1.82524113155154,98268,456,14,227,14.692722196223038,98268,BTC-pm-20250222@2024-02-11@BTC-pm2-20260524;BTC-pm2-20260108@2026-03-21@BTC-pm-20250222;BTC-pm2-20260123@2025-11-12@BTC-pm2-20260524;BTC-pm2-20260524@2026-03-01@BTC-pm2-20260108;BTC-pm2-20260820@2026-03-20@BTC-pm2-20260820;ETH-pm-20250222@2024-04-19@ETH-pm-20250222;ETH-pm2-20260108@2025-07-18@ETH-pm2-20260820;ETH-pm2-20260123@2025-07-21@ETH-pm2-20260820;ETH-pm2-20260524@2025-07-24@ETH-pm2-20260524;ETH-pm2-20260820@2025-07-25@ETH-pm2-20260524;HYPE-pm2-20260108@2026-02-21@HYPE-pm2-20260108;HYPE-pm2-20260508@2026-07-12@HYPE-pm2-20260508;HYPE-pm2-20260524@2026-06-23@HYPE-pm2-20260108;HYPE-pm2-20260820@2026-02-17@HYPE-pm2-20260108
93,7.818164640535527,6.264012839727771,1.2481080164700458,94039,467,14,170,7.818164640535527,94039,BTC-pm-20250222@2024-10-28@BTC-pm2-20260108;BTC-pm2-20260108@2026-03-12@BTC-pm2-20260820;BTC-pm2-20260123@2026-02-20@BTC-pm2-20260123;BTC-pm2-20260524@2026-02-28@BTC-pm2-20260108;BTC-pm2-20260820@2025-07-19@BTC-pm2-20260108;ETH-pm-20250222@2025-04-30@ETH-pm-20250222;ETH-pm2-20260108@2025-07-17@ETH-pm-20250222;ETH-pm2-20260123@2025-07-24@ETH-pm2-20260108;ETH-pm2-20260524@2025-07-25@ETH-pm-20250222;ETH-pm2-20260820@2025-07-17@ETH-pm2-20260108;HYPE-pm2-20260108@2026-02-27@HYPE-pm2-20260524;HYPE-pm2-20260508@2026-07-09@HYPE-pm2-20260108;HYPE-pm2-20260524@2026-02-28@HYPE-pm2-20260820;HYPE-pm2-20260820@2026-02-26@HYPE-pm2-20260820
94,6.211841236507678,5.063828239020908,1.2267085183972863,103165,490,14,170,5.246642007803819,103101,BTC-pm-20250222@2026-03-03@BTC-pm2-20260820;BTC-pm2-20260108@2026-02-20@BTC-pm2-20260108;BTC-pm2-20260123@2026-02-26@BTC-pm2-20260524;BTC-pm2-20260524@2025-11-07@BTC-pm2-20260524;BTC-pm2-20260820@2026-03-08@BTC-pm-20250222;ETH-pm-20250222@2024-03-22@ETH-pm2-20260108;ETH-pm2-20260108@2025-07-19@ETH-pm2-20260108;ETH-pm2-20260123@2025-07-25@ETH-pm2-20260820;ETH-pm2-20260524@2025-07-25@ETH-pm2-20260108;ETH-pm2-20260820@2025-07-16@ETH-pm2-20260820;HYPE-pm2-20260108@2026-02-28@HYPE-pm2-20260508;HYPE-pm2-20260508@2026-07-08@HYPE-pm2-20260820;HYPE-pm2-20260524@2026-02-20@HYPE-pm2-20260820;HYPE-pm2-20260820@2026-07-06@HYPE-pm2-20260108
95,3.178920879286863,8.363490281642608,0.3800950048647053,91578,470,14,208,3.178920879286863,91578,BTC-pm-20250222@2024-04-06@BTC-pm-20250222;BTC-pm2-20260108@2025-11-20@BTC-pm2-20260108;BTC-pm2-20260123@2026-03-05@BTC-pm2-20260524;BTC-pm2-20260524@2026-03-01@BTC-pm2-20260108;BTC-pm2-20260820@2025-11-20@BTC-pm-20250222;ETH-pm-20250222@2024-08-03@ETH-pm2-20260123;ETH-pm2-20260108@2025-07-23@ETH-pm2-20260123;ETH-pm2-20260123@2025-07-22@ETH-pm2-20260123;ETH-pm2-20260524@2025-07-21@ETH-pm-20250222;ETH-pm2-20260820@2025-07-16@ETH-pm2-20260524;HYPE-pm2-20260108@2026-07-03@HYPE-pm2-20260524;HYPE-pm2-20260508@2026-06-21@HYPE-pm2-20260508;HYPE-pm2-20260524@2026-02-14@HYPE-pm2-20260108;HYPE-pm2-20260820@2026-02-21@HYPE-pm2-20260820
96,1.069414452312954,7.172959866503514,0.149089702468145,109072,497,14,146,1.069414452312954,109072,BTC-pm-20250222@2026-02-24@BTC-pm2-20260524;BTC-pm2-20260108@2025-11-18@BTC-pm2-20260123;BTC-pm2-20260123@2026-02-21@BTC-pm2-20260524;BTC-pm2-20260524@2025-11-16@BTC-pm2-20260524;BTC-pm2-20260820@2025-07-22@BTC-pm2-20260123;ETH-pm-20250222@2025-01-03@ETH-pm2-20260820;ETH-pm2-20260108@2025-07-22@ETH-pm-20250222;ETH-pm2-20260123@2025-07-18@ETH-pm2-20260123;ETH-pm2-20260524@2025-07-19@ETH-pm2-20260524;ETH-pm2-20260820@2025-07-20@ETH-pm2-20260820;HYPE-pm2-20260108@2026-03-12@HYPE-pm2-20260508;HYPE-pm2-20260508@2026-02-15@HYPE-pm2-20260820;HYPE-pm2-20260524@2026-03-01@HYPE-pm2-20260508;HYPE-pm2-20260820@2026-02-28@HYPE-pm2-20260508
97,-0.0364715933181474,5.1364546057813,-0.0071005384291914,98443,472,14,183,2.209763186892238,98375,BTC-pm-20250222@2025-01-20@BTC-pm2-20260820;BTC-pm2-20260108@2026-03-04@BTC-pm2-20260524;BTC-pm2-20260123@2026-03-15@BTC-pm2-20260108;BTC-pm2-20260524@2025-07-23@BTC-pm2-20260524;BTC-pm2-20260820@2026-03-08@BTC-pm2-20260820;ETH-pm-20250222@2024-08-27@ETH-pm2-20260820;ETH-pm2-20260108@2025-07-21@ETH-pm2-20260108;ETH-pm2-20260123@2025-07-25@ETH-pm2-20260123;ETH-pm2-20260524@2025-07-18@ETH-pm2-20260108;ETH-pm2-20260820@2025-07-21@ETH-pm2-20260820;HYPE-pm2-20260108@2026-02-09@HYPE-pm2-20260108;HYPE-pm2-20260508@2026-02-23@HYPE-pm2-20260524;HYPE-pm2-20260524@2026-03-05@HYPE-pm2-20260108;HYPE-pm2-20260820@2026-06-27@HYPE-pm2-20260820
98,-33.9282057509605,17.84147803624988,-1.901647704412493,101344,492,14,178,-39.13098169461617,101276,BTC-pm-20250222@2025-11-10@BTC-pm2-20260820;BTC-pm2-20260108@2026-02-28@BTC-pm2-20260820;BTC-pm2-20260123@2026-03-10@BTC-pm2-20260524;BTC-pm2-20260524@2026-02-21@BTC-pm2-20260108;BTC-pm2-20260820@2025-11-09@BTC-pm-20250222;ETH-pm-20250222@2024-05-10@ETH-pm2-20260524;ETH-pm2-20260108@2025-07-22@ETH-pm2-20260123;ETH-pm2-20260123@2025-07-20@ETH-pm2-20260108;ETH-pm2-20260524@2025-07-19@ETH-pm2-20260820;ETH-pm2-20260820@2025-07-21@ETH-pm2-20260820;HYPE-pm2-20260108@2026-02-14@HYPE-pm2-20260524;HYPE-pm2-20260508@2026-02-07@HYPE-pm2-20260508;HYPE-pm2-20260524@2026-06-23@HYPE-pm2-20260820;HYPE-pm2-20260820@2026-03-08@HYPE-pm2-20260108
99,5.598212281830697,4.263483962151753,1.313060476250816,95162,472,14,215,9.582389889169972,95099,BTC-pm-20250222@2025-04-01@BTC-pm2-20260123;BTC-pm2-20260108@2025-11-16@BTC-pm2-20260108;BTC-pm2-20260123@2026-03-11@BTC-pm2-20260524;BTC-pm2-20260524@2026-03-01@BTC-pm2-20260820;BTC-pm2-20260820@2026-02-24@BTC-pm2-20260820;ETH-pm-20250222@2024-05-14@ETH-pm2-20260820;ETH-pm2-20260108@2025-07-16@ETH-pm-20250222;ETH-pm2-20260123@2025-07-16@ETH-pm2-20260123;ETH-pm2-20260524@2025-07-22@ETH-pm2-20260123;ETH-pm2-20260820@2025-07-23@ETH-pm2-20260524;HYPE-pm2-20260108@2026-06-29@HYPE-pm2-20260820;HYPE-pm2-20260508@2026-02-23@HYPE-pm2-20260508;HYPE-pm2-20260524@2026-02-05@HYPE-pm2-20260108;HYPE-pm2-20260820@2026-03-17@HYPE-pm2-20260508
