window,ccy,side,delta_bucket,tenor_bucket,n_fills,n_opening,q_open,median_days,median_days_w,median_days_excl_transfer,share_fill,share_expiry,share_transfer,share_censored
all,BTC,buy,00-10,2-7d,588,456,349.953,0.909059,1.09459,2.42345,0.0723382,0.258503,0.669159,0
all,BTC,buy,00-10,30-90d,260,225,171.992,0.752221,0.530102,1.11696,0.0142216,0,0.985778,0
all,BTC,buy,00-10,7-30d,566,467,282.423,0.970835,1.01347,2.0534,0.108242,0.152057,0.739701,0
all,BTC,buy,00-10,<=2d,1301,571,274.905,0.618099,0.549576,0.740977,0.129831,0.498777,0.371392,0
all,BTC,buy,00-10,>90d,47,46,52.9644,0.616326,0.207883,172.16,0.00792986,0.18827,0.8038,0
all,BTC,buy,10-25,2-7d,1190,1056,611.309,0.81918,0.671884,1.8637,0.128928,0.111156,0.759916,0
all,BTC,buy,10-25,30-90d,414,366,166.057,1.14283,0.970005,1.52622,0.122584,0.0166098,0.860806,0
all,BTC,buy,10-25,7-30d,1145,997,478.392,1.09282,1.13375,1.52157,0.145931,0.0729588,0.78111,0
all,BTC,buy,10-25,<=2d,1442,1142,612.46,0.703596,0.776573,0.811732,0.132147,0.513353,0.3545,0
all,BTC,buy,10-25,>90d,192,183,61.1621,1.08134,0.915926,1.56017,0.0609691,0.0001635,0.938867,0
all,BTC,buy,25-40,2-7d,885,719,307.174,1.20486,1.41715,2.32372,0.143844,0.296354,0.559803,0
all,BTC,buy,25-40,30-90d,352,328,166.842,1.1461,1.84025,3.98422,0.103278,0.127999,0.768722,0
all,BTC,buy,25-40,7-30d,1107,900,409.828,0.990646,0.817725,2.68632,0.0772919,0.0973969,0.825311,0
all,BTC,buy,25-40,<=2d,980,762,322.685,0.658016,0.652782,0.722836,0.177371,0.475374,0.347255,0
all,BTC,buy,25-40,>90d,163,145,108.515,1.2752,0.317178,1.38427,0.025167,0,0.974833,0
all,BTC,buy,40-60,2-7d,776,602,165.815,1.05439,1.0312,1.84392,0.217809,0.189802,0.592389,0
all,BTC,buy,40-60,30-90d,296,238,87.0862,1.07433,1.25962,1.18869,0.152546,0.000107695,0.847346,0
all,BTC,buy,40-60,7-30d,1014,797,254.059,1.10502,1.73027,2.92482,0.121575,0.215292,0.663133,0
all,BTC,buy,40-60,<=2d,1034,797,315.545,0.636238,0.657339,0.717093,0.119428,0.547822,0.33275,0
all,BTC,buy,40-60,>90d,87,79,94.1106,1.01286,0.0499691,0.784213,0.0324299,0.00106258,0.966507,0
all,BTC,buy,60-75,2-7d,419,291,63.75,1.17665,1.29161,2.51068,0.0908863,0.237161,0.671953,0
all,BTC,buy,60-75,30-90d,187,159,44.3738,2.79775,2.60139,0.641445,0.0223884,0.0484745,0.929137,0
all,BTC,buy,60-75,7-30d,562,429,167.396,1.86756,4.96668,5.48532,0.0675584,0.342088,0.590354,0
all,BTC,buy,60-75,<=2d,418,281,77.795,0.630729,0.577881,0.652619,0.145806,0.63436,0.219834,0
all,BTC,buy,60-75,>90d,36,31,6.302,1.2764,11.1688,0.0471748,0.00714059,0.301492,0.691368,0
all,BTC,buy,75-90,2-7d,242,181,32.9635,1.02209,0.685646,2.46146,0.0930496,0.119708,0.787242,0
all,BTC,buy,75-90,30-90d,57,48,6.44599,2.06842,1.37956,0.0159215,0.0177309,0.00775676,0.974512,0
all,BTC,buy,75-90,7-30d,196,165,28.3916,1.16464,0.935659,7.36828,0.0536655,0.0604756,0.885859,0
all,BTC,buy,75-90,<=2d,293,191,33.09,0.595769,0.569779,0.616167,0.0545482,0.603294,0.342158,0
all,BTC,buy,75-90,>90d,9,9,1.087,1.37332,1.37332,0.0321097,0.000919963,0,0.99908,0
all,BTC,buy,90-100,2-7d,79,61,6.724,1.32896,0.609892,2.83707,0.0342058,0.0991148,0.866679,0
all,BTC,buy,90-100,30-90d,13,12,0.3874,1.15658,1.20502,,0,0,1,0
all,BTC,buy,90-100,7-30d,51,39,7.79923,0.732724,1.12183,4.50588,0.0320544,0.00512871,0.962817,0
all,BTC,buy,90-100,<=2d,233,175,32.7872,0.483905,0.515591,0.480736,0.00393446,0.836949,0.159117,0
all,BTC,sell,00-10,2-7d,1115,987,761.682,1.01333,1.23001,2.68615,0.0922865,0.307056,0.600657,0
all,BTC,sell,00-10,30-90d,496,488,161.911,3.93019,1.25348,9.36596,0.060527,0.0456423,0.893831,0
all,BTC,sell,00-10,7-30d,1041,952,714.245,1.84963,3.92066,7.95712,0.0912484,0.352707,0.556044,0
all,BTC,sell,00-10,<=2d,2936,2755,1744.15,0.643007,0.60609,0.706656,0.0599582,0.75135,0.188692,0
all,BTC,sell,00-10,>90d,68,65,9.67791,0.755504,0.716184,9.76772,0.00454644,0,0.995454,0
all,BTC,sell,10-25,2-7d,1046,888,421.263,0.972081,1.00711,2.00746,0.146291,0.257652,0.596058,0
all,BTC,sell,10-25,30-90d,576,538,332.983,1.23444,0.86309,4.29988,0.079726,0.0231759,0.897098,0
all,BTC,sell,10-25,7-30d,1297,1161,526.444,1.10502,0.995,1.14442,0.115288,0.0321934,0.852519,0
all,BTC,sell,10-25,<=2d,2644,2457,1353.78,0.60925,0.535802,0.639932,0.121754,0.712426,0.16582,0
all,BTC,sell,10-25,>90d,134,122,70.8174,1.25084,0.88359,11.8128,0.0171861,0.11339,0.869424,0
all,BTC,sell,25-40,2-7d,884,743,199.709,1.06948,0.936488,1.95146,0.256333,0.0905344,0.653133,0
all,BTC,sell,25-40,30-90d,348,318,108.276,1.31288,1.23563,3.57944,0.043611,0.130242,0.826147,0
all,BTC,sell,25-40,7-30d,1180,1071,372.937,1.01133,0.90747,0.884485,0.206539,0.0384971,0.754964,0
all,BTC,sell,25-40,<=2d,1589,1448,468.077,0.603914,0.507976,0.637367,0.185668,0.55962,0.254711,0
all,BTC,sell,25-40,>90d,209,198,119.615,1.43411,4.24751,6.08749,0.106199,0,0.893801,0
all,BTC,sell,40-60,2-7d,1265,1066,263.636,0.98199,0.926752,1.11557,0.261341,0.162987,0.575672,0
all,BTC,sell,40-60,30-90d,588,533,160.034,1.32857,1.86508,1.60025,0.072416,0.0149344,0.91265,0
all,BTC,sell,40-60,7-30d,1654,1468,319.804,1.11594,0.998081,1.34897,0.260401,0.0844222,0.655177,0
all,BTC,sell,40-60,<=2d,1712,1568,382.12,0.622738,0.57095,0.677951,0.185634,0.523627,0.290739,0
all,BTC,sell,40-60,>90d,169,160,68.9932,2.40126,16.0767,4.73882,0.213495,0,0.786505,0
all,BTC,sell,60-75,2-7d,234,197,52.1626,1.09545,1.10502,1.26605,0.101658,0.250965,0.647377,0
all,BTC,sell,60-75,30-90d,134,119,45.7324,1.27397,1.00209,1.96737,0.129038,0.155841,0.715121,0
all,BTC,sell,60-75,7-30d,322,289,110.735,1.1732,1.52685,1.47372,0.111645,0.0440506,0.844304,0
all,BTC,sell,60-75,<=2d,337,305,74.0294,0.653763,0.620341,0.715996,0.101149,0.554563,0.344288,0
all,BTC,sell,60-75,>90d,79,73,13.5071,1.98559,1.98559,3.52636,0.00518245,0,0.994818,0
all,BTC,sell,75-90,2-7d,92,71,21.747,0.964962,0.969238,2.33178,0.016554,0.131972,0.851474,0
all,BTC,sell,75-90,30-90d,30,28,6.58,1.21022,1.21784,1.74462,0.0498764,0,0.950124,0
all,BTC,sell,75-90,7-30d,86,65,12.7823,1.33082,1.54063,7.00126,0.0132996,0.0265992,0.960101,0
all,BTC,sell,75-90,<=2d,127,107,37.561,0.517252,0.549509,0.549956,0.129576,0.56958,0.300844,0
all,BTC,sell,75-90,>90d,3,2,0.026,1.73494,1.97536,,0,0,1,0
all,BTC,sell,90-100,2-7d,40,37,10.3677,0.627394,0.611439,0.0116329,0.111886,0.00626947,0.881845,0
all,BTC,sell,90-100,30-90d,34,34,2.061,1.31023,4.21084,2.4365,0.000970403,0,0.99903,0
all,BTC,sell,90-100,7-30d,29,25,9.95253,0.986808,1.37332,0.157154,0.0301431,0,0.969857,0
all,BTC,sell,90-100,<=2d,88,76,15.1806,0.402572,0.269518,0.397792,0.010392,0.395241,0.594367,0
all,ETH,buy,00-10,2-7d,3918,2776,52147.8,1.2795,3.0187,2.69873,0.125051,0.479815,0.394283,0.000851043
all,ETH,buy,00-10,30-90d,1808,1193,24549.3,1.55193,22.6435,15.3504,0.139976,0.337744,0.3247,0.19758
all,ETH,buy,00-10,7-30d,4099,2956,38408.9,1.27405,2.03445,6.39456,0.134214,0.353559,0.480392,0.0318357
all,ETH,buy,00-10,<=2d,3725,2587,20951.2,0.70363,0.767575,0.786637,0.151134,0.598657,0.250208,0
all,ETH,buy,00-10,>90d,917,721,67523.1,1.9683,4.35185,8.37535,0.0396248,0.000938197,0.0136452,0.945792
all,ETH,buy,10-25,2-7d,7112,5359,69828.2,1.26864,2.63301,2.53296,0.207015,0.441392,0.348315,0.0032779
all,ETH,buy,10-25,30-90d,4563,3497,53134.7,2.29634,14.1555,14.9891,0.38072,0.230333,0.310129,0.0788179
all,ETH,buy,10-25,7-30d,8742,6478,57740.3,1.26634,4.01631,3.98169,0.269225,0.347077,0.355613,0.0280851
all,ETH,buy,10-25,<=2d,7996,6114,55448.9,0.643958,0.85317,0.743187,0.197869,0.519516,0.2818,0.000815526
all,ETH,buy,10-25,>90d,1222,944,18497.8,4.66227,28.6157,31.923,0.524878,0.00663646,0.114599,0.353887
all,ETH,buy,25-40,2-7d,5135,3732,35520.7,1.44232,2.93403,2.48307,0.164928,0.587788,0.228873,0.0184104
all,ETH,buy,25-40,30-90d,3990,2877,27958.7,2.37667,10.6249,13.2356,0.364874,0.184646,0.3671,0.0833803
all,ETH,buy,25-40,7-30d,7377,5268,37646.6,1.58671,6.42791,4.96513,0.301291,0.381637,0.305524,0.0115487
all,ETH,buy,25-40,<=2d,5494,3928,30352.1,0.648076,0.729788,0.703404,0.210231,0.612142,0.177627,0
all,ETH,buy,25-40,>90d,1335,1120,21937.1,9.4403,43.706,34.9031,0.51834,0.0755301,0.157513,0.248617
all,ETH,buy,40-60,2-7d,5334,3771,28683,1.52668,3.18562,2.62065,0.171694,0.659929,0.164891,0.00348638
all,ETH,buy,40-60,30-90d,3573,2611,19910,1.96737,9.02594,10.0819,0.360749,0.208327,0.362499,0.0684248
all,ETH,buy,40-60,7-30d,6903,4719,27056.4,1.3546,6.86506,4.48027,0.254658,0.413955,0.326577,0.00481032
all,ETH,buy,40-60,<=2d,5771,4145,28423.6,0.630809,0.697549,0.688396,0.149747,0.650717,0.199534,1.40728e-06
all,ETH,buy,40-60,>90d,1334,1038,12171.4,3.84662,12.1734,15.0578,0.528363,0.0118319,0.269625,0.190181
all,ETH,buy,60-75,2-7d,1973,1357,7763.35,1.19094,2.64311,2.42047,0.143036,0.525196,0.317366,0.014401
all,ETH,buy,60-75,30-90d,1361,1030,10698.6,1.64062,12.2305,13.9063,0.403481,0.219166,0.300744,0.0766089
all,ETH,buy,60-75,7-30d,2762,1874,9111.55,1.1077,2.43633,2.73275,0.186976,0.322386,0.488693,0.00194478
all,ETH,buy,60-75,<=2d,2157,1295,7714.94,0.579672,0.624596,0.613796,0.0792669,0.740788,0.179945,0
all,ETH,buy,60-75,>90d,656,395,6169.99,1.55597,1.85318,13.4206,0.324308,0.0181524,0.101847,0.555693
all,ETH,buy,75-90,2-7d,1395,978,3541.36,1.35055,2.67235,2.63007,0.0886645,0.511909,0.336682,0.0627442
all,ETH,buy,75-90,30-90d,609,458,3161.01,2.1678,26.7947,31.967,0.286046,0.210262,0.313937,0.189755
all,ETH,buy,75-90,7-30d,1605,1165,8519.24,1.51515,8.931,8.59759,0.0974043,0.330963,0.235025,0.336608
all,ETH,buy,75-90,<=2d,1647,1031,3888.22,0.603076,0.599407,0.673837,0.109048,0.614317,0.276635,0
all,ETH,buy,75-90,>90d,356,207,684.523,1.55384,28.9893,8.69094,0.12941,0.0146087,0.559138,0.296843
all,ETH,buy,90-100,2-7d,674,510,1612.73,1.43885,6.63713,3.118,0.0634203,0.673512,0.256247,0.00682072
all,ETH,buy,90-100,30-90d,210,162,856.089,0.907077,0.723677,41.1433,0.125177,0.0967423,0.748403,0.0296776
all,ETH,buy,90-100,7-30d,598,468,2770.7,1.28898,9.43987,10.7471,0.0936046,0.496012,0.323762,0.0866208
all,ETH,buy,90-100,<=2d,1389,1001,2153.04,0.589905,0.560874,0.596266,0.0263395,0.781925,0.191735,0
all,ETH,buy,90-100,>90d,101,60,281.513,1.2319,98.9482,80.059,0.170862,0,0.240486,0.588651
all,ETH,sell,00-10,2-7d,7847,6135,77105.7,1.52887,2.46528,2.73307,0.0891184,0.585324,0.30318,0.0223784
all,ETH,sell,00-10,30-90d,3861,3370,43991.4,2.19019,8.3095,32.4934,0.202096,0.256428,0.478597,0.0628791
all,ETH,sell,00-10,7-30d,7418,6309,75297.7,1.8986,7.49593,9.7072,0.103797,0.469399,0.377108,0.0496954
all,ETH,sell,00-10,<=2d,16007,14110,121817,0.674461,0.744019,0.72816,0.0476321,0.809512,0.142479,0.000377617
all,ETH,sell,00-10,>90d,1107,940,65376.6,4.20383,6.26252,30.9038,0.0687906,0.00451149,0.0301214,0.896576
all,ETH,sell,10-25,2-7d,7972,6194,52898.5,1.4518,2.36588,2.51384,0.214663,0.501967,0.279094,0.0042765
all,ETH,sell,10-25,30-90d,5731,4742,48447.5,2.36866,9.36019,13.1414,0.275531,0.199433,0.357776,0.16726
all,ETH,sell,10-25,7-30d,10171,8329,69053.9,1.55162,3.80933,5.50093,0.26961,0.291784,0.432231,0.00637452
all,ETH,sell,10-25,<=2d,15231,13122,85586.6,0.635744,0.703236,0.685609,0.147022,0.709544,0.143434,0
all,ETH,sell,10-25,>90d,1562,1194,31707.9,3.24579,8.48446,16.6099,0.147449,0.00890819,0.110872,0.732771
all,ETH,sell,25-40,2-7d,6189,4701,29003.3,1.33373,2.50054,2.33176,0.250962,0.513184,0.228714,0.00713987
all,ETH,sell,25-40,30-90d,5329,4221,38401.9,2.69541,23.4815,12.0272,0.545747,0.180414,0.260489,0.0133488
all,ETH,sell,25-40,7-30d,8812,6977,52612.6,1.35967,6.12485,3.17389,0.263816,0.373099,0.312354,0.0507305
all,ETH,sell,25-40,<=2d,11135,9733,50944.5,0.599926,0.620356,0.632372,0.199309,0.680938,0.119754,0
all,ETH,sell,25-40,>90d,1549,1105,13591.2,2.44775,10.0045,10.8632,0.305405,0.00281874,0.239676,0.4521
all,ETH,sell,40-60,2-7d,7990,6084,28241.2,1.32809,2.66625,2.40519,0.228951,0.560591,0.202486,0.00797274
all,ETH,sell,40-60,30-90d,6705,5623,27779.5,2.0743,8.51597,9.31531,0.443613,0.0706368,0.442373,0.0433776
all,ETH,sell,40-60,7-30d,11452,9269,39000.4,1.26958,3.91877,3.02804,0.359412,0.262167,0.350882,0.0275393
all,ETH,sell,40-60,<=2d,11177,9814,41999.6,0.625929,0.700036,0.679217,0.140585,0.730658,0.128757,0
all,ETH,sell,40-60,>90d,2341,1919,11426.1,2.22573,8.41295,16.2487,0.286092,0.00926213,0.384489,0.320157
all,ETH,sell,60-75,2-7d,1680,1356,7537.67,1.19651,2.6255,2.60979,0.123634,0.474444,0.368357,0.0335648
all,ETH,sell,60-75,30-90d,1479,1239,6298.64,1.54313,4.93118,10.0434,0.37298,0.118332,0.489342,0.0193456
all,ETH,sell,60-75,7-30d,2364,1930,11428.8,1.18381,8.81227,3.25727,0.195629,0.429242,0.281495,0.0936344
all,ETH,sell,60-75,<=2d,2098,1759,7609.72,0.626305,0.731747,0.659787,0.0848333,0.736905,0.178262,0
all,ETH,sell,60-75,>90d,1121,972,4199.3,2.87336,12.8077,21.2515,0.51989,0.00577477,0.245008,0.229327
all,ETH,sell,75-90,2-7d,699,533,2176.61,1.11743,2.8114,2.69651,0.0737285,0.559374,0.366897,0
all,ETH,sell,75-90,30-90d,656,576,4357.32,27.3031,41.3573,56.2868,0.145027,0.441953,0.287785,0.125235
all,ETH,sell,75-90,7-30d,978,747,5397.91,1.26655,13.6089,7.74725,0.0821276,0.720871,0.190632,0.00636913
all,ETH,sell,75-90,<=2d,762,595,2246.37,0.603526,0.632358,0.633519,0.121903,0.602639,0.275458,0
all,ETH,sell,75-90,>90d,262,210,1133.85,2.11605,42.9089,42.8818,0.36954,0.13582,0.265633,0.229007
all,ETH,sell,90-100,2-7d,378,262,1498.59,1.21081,2.05559,2.46516,0.0262006,0.496754,0.477045,0
all,ETH,sell,90-100,30-90d,201,166,1418.27,31.0156,40.9055,56.3481,0.0958705,0.566309,0.302566,0.0352543
all,ETH,sell,90-100,7-30d,455,338,2353.48,2.62518,10.9059,10.6617,0.0551526,0.558951,0.370665,0.0152319
all,ETH,sell,90-100,<=2d,572,436,2986.98,0.459964,0.459932,0.530642,0.0134048,0.675777,0.310818,0
all,ETH,sell,90-100,>90d,111,105,804.45,16.6239,9.08471,38.9416,0.578781,0,0.103673,0.317546
all,HYPE,buy,00-10,2-7d,80,69,154771,5.54021,5.76834,5.54021,0.0591261,0.940163,0,0.000710728
all,HYPE,buy,00-10,30-90d,95,67,565312,36.7303,75.1248,36.7303,0.15738,0.839967,0,0.0026534
all,HYPE,buy,00-10,7-30d,224,192,134509,15.4077,9.6757,15.4077,0.0752886,0.917046,0,0.00766491
all,HYPE,buy,00-10,<=2d,32,21,12060,1.20984,1.58819,1.20984,0.167579,0.832421,0,0
all,HYPE,buy,00-10,>90d,131,89,7565,11.9676,74.4498,11.9676,0.364838,0.179907,0,0.455254
all,HYPE,buy,10-25,2-7d,966,846,630505,5.07097,5.89705,5.07097,0.0815448,0.917662,0,0.000793015
all,HYPE,buy,10-25,30-90d,1009,730,561473,24.9235,24.4993,24.9235,0.479086,0.318298,0.000178103,0.202438
all,HYPE,buy,10-25,7-30d,2278,1912,1.07025e+06,11.0726,11.6852,11.0726,0.226024,0.761588,0,0.0123879
all,HYPE,buy,10-25,<=2d,315,263,593478,1.32512,1.32143,1.32512,0.0180731,0.981927,0,0
all,HYPE,buy,10-25,>90d,620,551,538218,22.4782,33.8043,22.4782,0.418518,0.00111665,0,0.580365
all,HYPE,buy,25-40,2-7d,1171,966,811091,4.27782,5.04872,4.27782,0.0948577,0.886782,0,0.0183604
all,HYPE,buy,25-40,30-90d,982,701,1.2943e+06,18.1931,43.4713,18.1931,0.422357,0.563305,0,0.0143375
all,HYPE,buy,25-40,7-30d,2935,2399,2.13562e+06,10.1932,10.3472,10.1932,0.203538,0.789005,0,0.00745684
all,HYPE,buy,25-40,<=2d,488,335,184372,1.31881,1.61158,1.31881,0.0395723,0.960428,0,0
all,HYPE,buy,25-40,>90d,549,416,447651,18.4485,26.3196,18.4485,0.774855,0,0,0.225145
all,HYPE,buy,40-60,2-7d,1199,886,453159,6.37854,5.79388,6.37854,0.0343694,0.965527,0,0.000103716
all,HYPE,buy,40-60,30-90d,1004,387,223881,18.0711,15.963,18.0711,0.615121,0.0896236,0,0.295255
all,HYPE,buy,40-60,7-30d,2362,1627,1.65242e+06,10.9547,13.6038,10.9547,0.238212,0.754245,0,0.00754347
all,HYPE,buy,40-60,<=2d,515,288,196214,1.29833,1.94215,1.29833,0.00996364,0.990036,0,0
all,HYPE,buy,40-60,>90d,347,237,282321,12.4899,23.9062,12.4899,0.895312,0,0,0.104688
all,HYPE,buy,60-75,2-7d,469,331,255527,4.00373,2.30295,4.00373,0.0580458,0.941954,0,0
all,HYPE,buy,60-75,30-90d,210,125,40265.4,37.2798,37.2819,37.2798,0.139425,0.575035,0,0.28554
all,HYPE,buy,60-75,7-30d,904,665,520329,13.9883,13.6801,13.9883,0.294238,0.700323,0,0.00543886
all,HYPE,buy,60-75,<=2d,229,93,171213,1.22283,1.98471,1.22283,0.00436299,0.995637,0,0
all,HYPE,buy,60-75,>90d,132,75,104269,12.0161,11.8259,12.0161,0.0937905,0,0,0.906209
all,HYPE,buy,75-90,2-7d,120,89,166535,3.3634,2.30295,3.3634,0.00778215,0.992218,0,0
all,HYPE,buy,75-90,30-90d,138,89,60405.4,41.2786,41.2796,41.2786,0.00633718,0.72271,0,0.270952
all,HYPE,buy,75-90,7-30d,603,393,291871,17.1721,20.2825,17.1721,0.0351782,0.959595,0,0.00522691
all,HYPE,buy,75-90,<=2d,141,30,3708.91,1.30379,1.37154,1.30379,0.00485318,0.995147,0,0
all,HYPE,buy,75-90,>90d,46,12,165,61.7337,61.7352,61.7337,0.721212,0,0,0.278788
all,HYPE,buy,90-100,2-7d,45,42,9241.18,3.00932,2.63843,3.00932,0,1,0,0
all,HYPE,buy,90-100,30-90d,11,3,1021,0.144531,0.0102247,0.144531,0.0205681,0,0,0.979432
all,HYPE,buy,90-100,7-30d,30,17,12315.7,10.785,8.35158,10.785,0.00820094,0.189555,0,0.802244
all,HYPE,buy,90-100,<=2d,65,32,2844.41,1.50052,1.50082,1.50052,0.0984386,0.901561,0,0
all,HYPE,buy,90-100,>90d,3,0,0,,,,,,,
all,HYPE,sell,00-10,2-7d,173,70,47944.3,4.54205,2.67495,4.54205,0.0805101,0.919469,0,2.08575e-05
all,HYPE,sell,00-10,30-90d,268,164,108392,36.059,36.8039,36.059,0.2087,0.694744,0,0.0965565
all,HYPE,sell,00-10,7-30d,429,181,90488,10.024,16.1335,10.024,0.326496,0.67315,0,0.000353638
all,HYPE,sell,00-10,<=2d,387,326,207839,0.726607,0.717186,0.726607,0.0474791,0.952521,0,0
all,HYPE,sell,00-10,>90d,96,57,49559.5,13.426,13.5038,13.426,0.0763728,0.0423733,0,0.881254
all,HYPE,sell,10-25,2-7d,407,163,85029.9,2.73969,5.12526,2.73969,0.16664,0.83336,0,0
all,HYPE,sell,10-25,30-90d,804,376,824611,26.8291,37.6458,26.8291,0.812898,0.182736,0,0.0043657
all,HYPE,sell,10-25,7-30d,1004,517,644484,8.23216,10.9653,8.23216,0.387386,0.612614,0,0
all,HYPE,sell,10-25,<=2d,620,515,266718,0.85895,0.694476,0.85895,0.209205,0.790795,0,0
all,HYPE,sell,10-25,>90d,361,149,160081,10.7206,60.0656,10.7206,0.343566,0,0,0.656434
all,HYPE,sell,25-40,2-7d,416,210,374683,2.63843,2.30295,2.63843,0.126714,0.873259,0,2.66893e-05
all,HYPE,sell,25-40,30-90d,671,331,766089,9.3479,26.9059,9.3479,0.597688,0.311068,0.0002937,0.0909496
all,HYPE,sell,25-40,7-30d,813,424,558670,4.21471,12.5628,4.21471,0.426761,0.57072,0,0.00251848
all,HYPE,sell,25-40,<=2d,730,639,529052,0.729855,1.64508,0.729855,0.174558,0.825442,0,0
all,HYPE,sell,25-40,>90d,329,184,654999,19.9594,27.7029,19.9594,0.675114,0.139748,0,0.185137
all,HYPE,sell,40-60,2-7d,585,324,100876,2.50275,3.18334,2.50275,0.554005,0.445985,0,9.91318e-06
all,HYPE,sell,40-60,30-90d,743,576,991590,10.8183,34.2629,10.8183,0.737591,0.257522,0,0.0048876
all,HYPE,sell,40-60,7-30d,1017,633,1.33105e+06,2.27806,8.7696,2.27806,0.312152,0.684376,0,0.00347207
all,HYPE,sell,40-60,<=2d,735,641,184151,0.737174,0.714234,0.737174,0.289458,0.710542,0,0
all,HYPE,sell,40-60,>90d,423,254,341063,24.726,15.9617,24.726,0.668223,0.000293201,0,0.331483
all,HYPE,sell,60-75,2-7d,148,64,25641,1.4874,2.78973,1.4874,0.878086,0.121914,0,0
all,HYPE,sell,60-75,30-90d,62,45,56773.9,24.8251,43.4713,24.8251,0.0598127,0.940098,0,8.92136e-05
all,HYPE,sell,60-75,7-30d,152,70,34102.8,2.71187,0.601821,2.71187,0.767175,0.215964,0,0.0168608
all,HYPE,sell,60-75,<=2d,116,88,13508,0.48514,0.322582,0.48514,0.443441,0.556559,0,0
all,HYPE,sell,60-75,>90d,154,83,124680,26.6361,27.1614,26.6361,0.928882,4.01025e-05,0,0.0710777
all,HYPE,sell,75-90,2-7d,52,14,1455,5.18743,6.66302,5.18743,0.0103093,0.989691,0,0
all,HYPE,sell,75-90,30-90d,35,25,3436.57,31.0582,13.9371,31.0582,0.595818,0.113194,0,0.290988
all,HYPE,sell,75-90,7-30d,102,45,18411.2,9.8684,0.415047,9.8684,0.684612,0.292576,0,0.0228122
all,HYPE,sell,75-90,<=2d,125,72,83835,0.00060778,0.000417257,0.00060778,0.963607,0.0363929,0,0
all,HYPE,sell,75-90,>90d,43,30,19523,16.7351,7.12802,16.7351,0.678072,0,0,0.321928
all,HYPE,sell,90-100,2-7d,14,7,118331,5.67135,2.30295,5.67135,0.000196805,0.999803,0,0
all,HYPE,sell,90-100,30-90d,6,4,200,55.2268,32.6602,55.2268,0.5,0.5,0,0
all,HYPE,sell,90-100,7-30d,27,17,43571.5,9.53154,8.28269,9.53154,0.126,0.874,0,0
all,HYPE,sell,90-100,<=2d,51,37,14900,0.33853,0.33853,0.33853,0.000402685,0.999597,0,0
all,HYPE,sell,90-100,>90d,21,20,11501,120.657,120.657,120.657,0,8.6949e-05,0,0.999913
pm2,BTC,buy,00-10,2-7d,249,205,167.462,0.627536,0.6278,2.26201,0.0422483,0.0208524,0.936899,0
pm2,BTC,buy,00-10,30-90d,146,134,95.468,0.619003,0.532326,2.34121,0.00628483,0,0.993715,0
pm2,BTC,buy,00-10,7-30d,227,203,115.6,0.894025,0.96263,0.484706,0.0690656,0.00801036,0.922924,0
pm2,BTC,buy,00-10,<=2d,221,189,113.111,0.474878,0.471741,0.471653,0.178063,0.357356,0.464581,0
pm2,BTC,buy,00-10,>90d,6,6,3.55877,1.10457,1.0635,,0,0,1,0
pm2,BTC,buy,10-25,2-7d,516,478,287.782,0.614267,0.513614,0.846557,0.130193,0.014028,0.855779,0
pm2,BTC,buy,10-25,30-90d,155,138,83.636,0.920408,0.893164,4.27688,0.1089,0,0.8911,0
pm2,BTC,buy,10-25,7-30d,512,466,275.545,0.928889,1.00297,0.599175,0.101616,0.00061696,0.897767,0
pm2,BTC,buy,10-25,<=2d,350,286,153.189,0.490789,0.425951,0.473668,0.198807,0.264915,0.536279,0
pm2,BTC,buy,10-25,>90d,19,19,13.783,0.993833,1.2752,,0,0,1,0
pm2,BTC,buy,25-40,2-7d,239,189,63.6966,0.877059,0.815631,2.46819,0.13883,0.0887489,0.772421,0
pm2,BTC,buy,25-40,30-90d,79,78,44.8772,0.813608,0.921209,0.445239,0.00802189,0,0.991978,0
pm2,BTC,buy,25-40,7-30d,409,345,184.258,0.600475,0.486598,1.66638,0.051951,0.0145991,0.93345,0
pm2,BTC,buy,25-40,<=2d,257,192,92.654,0.485271,0.428773,0.473513,0.278498,0.228452,0.493049,0
pm2,BTC,buy,25-40,>90d,12,11,9.09,1.12127,1.27435,,0,0,1,0
pm2,BTC,buy,40-60,2-7d,186,141,29.2427,1.0312,0.7182,2.66929,0.0802251,0.0204153,0.89936,0
pm2,BTC,buy,40-60,30-90d,41,36,13.972,0.751532,0.940213,0.00537262,0.00715717,0,0.992843,0
pm2,BTC,buy,40-60,7-30d,250,204,62.3639,0.696835,0.677294,7.04187,0.0531237,0.0807358,0.86614,0
pm2,BTC,buy,40-60,<=2d,273,210,70.9116,0.496324,0.464822,0.496324,0.0639247,0.263977,0.672099,0
pm2,BTC,buy,40-60,>90d,9,8,2.53658,0.416486,0.914741,0.0471748,0.00788463,0,0.992115,0
pm2,BTC,buy,60-75,2-7d,124,76,22.303,0.787943,0.609813,2.46021,0.140161,0.0781959,0.781643,0
pm2,BTC,buy,60-75,30-90d,21,15,1.19,2.66545,2.66819,0.221479,0.00878755,0,0.991212,0
pm2,BTC,buy,60-75,7-30d,86,71,16.529,1.64899,0.764706,5.76447,0.0575957,0.00907496,0.933329,0
pm2,BTC,buy,60-75,<=2d,85,45,13.727,0.54076,0.466092,0.626074,0.0757631,0.297224,0.627012,0
pm2,BTC,buy,60-75,>90d,5,5,0.126,0.208303,1.10449,0.0471748,0.15873,0,0.84127,0
pm2,BTC,buy,75-90,2-7d,68,40,5.5146,1.39707,0.793392,2.79451,0.0108802,0.125485,0.863635,0
pm2,BTC,buy,75-90,30-90d,15,12,2.02099,0.684779,1.37956,0.0106471,0.0565529,0,0.943447,0
pm2,BTC,buy,75-90,7-30d,52,47,9.13193,1.16464,0.935659,7.43231,0.0777492,0.00438024,0.917871,0
pm2,BTC,buy,75-90,<=2d,65,47,9.778,0.630826,0.631494,0.613265,0.0680098,0.434649,0.497341,0
pm2,BTC,buy,75-90,>90d,3,3,1.02,2.54131,1.37332,,0,0,1,0
pm2,BTC,buy,90-100,2-7d,13,10,2.376,1.60315,0.609813,2.56394,0,0.116162,0.883838,0
pm2,BTC,buy,90-100,30-90d,6,6,0.2554,0.883701,1.10814,,0,0,1,0
pm2,BTC,buy,90-100,7-30d,8,8,2.69123,1.0948,1.12183,,0,0,1,0
pm2,BTC,buy,90-100,<=2d,60,54,6.975,0.452008,0.326438,0.452008,0,0.558853,0.441147,0
pm2,BTC,sell,00-10,2-7d,408,367,253.735,0.671884,0.545342,2.62303,0.0190356,0.0366662,0.944298,0
pm2,BTC,sell,00-10,30-90d,211,208,78.3541,3.43987,1.08121,35.9827,0.0401383,0.068535,0.891327,0
pm2,BTC,sell,00-10,7-30d,457,425,202.297,1.68001,1.81902,11.6778,0.0415352,0.0862198,0.872245,0
pm2,BTC,sell,00-10,<=2d,879,827,303.281,0.602666,0.473251,0.644003,0.0136111,0.702441,0.283948,0
pm2,BTC,sell,00-10,>90d,39,39,6.37291,0.716184,0.715727,,0,0,1,0
pm2,BTC,sell,10-25,2-7d,447,391,137.719,1.08871,0.940017,2.55335,0.15406,0.179271,0.666668,0
pm2,BTC,sell,10-25,30-90d,218,205,134.251,0.654366,0.532404,0.336377,0.0453629,0,0.954637,0
pm2,BTC,sell,10-25,7-30d,653,603,302.873,1.03199,0.967833,1.28119,0.0690534,0.0437378,0.887209,0
pm2,BTC,sell,10-25,<=2d,959,899,268.341,0.680237,0.602616,0.772562,0.0959785,0.606321,0.2977,0
pm2,BTC,sell,10-25,>90d,22,20,8.946,1.27533,1.27435,,0,0,1,0
pm2,BTC,sell,25-40,2-7d,425,392,89.7312,1.25229,0.863735,2.56837,0.216335,0.0835829,0.700082,0
pm2,BTC,sell,25-40,30-90d,76,74,30.6508,0.851562,0.889417,1.14797,0.00694924,0.000326255,0.992725,0
pm2,BTC,sell,25-40,7-30d,451,425,185.645,0.870838,0.6005,0.526473,0.0956179,0.0118506,0.892532,0
pm2,BTC,sell,25-40,<=2d,610,551,149.334,0.582896,0.432752,0.64803,0.264883,0.335021,0.400096,0
pm2,BTC,sell,25-40,>90d,25,25,12.1936,0.909409,0.914741,0.0471748,0.00164021,0,0.99836,0
pm2,BTC,sell,40-60,2-7d,363,324,77.4293,0.840175,0.614601,0.879707,0.267457,0.048173,0.68437,0
pm2,BTC,sell,40-60,30-90d,98,96,21.8822,1.05067,1.25962,0.576132,0.00594089,0,0.994059,0
pm2,BTC,sell,40-60,7-30d,453,417,106.556,0.929791,0.764706,1.02883,0.142386,0.0457508,0.811863,0
pm2,BTC,sell,40-60,<=2d,519,483,101.735,0.609965,0.409715,0.724818,0.234339,0.34306,0.4226,0
pm2,BTC,sell,40-60,>90d,26,24,9.588,1.27533,1.2752,0.0471748,0.00208594,0,0.997914,0
pm2,BTC,sell,60-75,2-7d,67,59,9.5636,0.931042,0.594522,1.26605,0.333034,0.0548957,0.612071,0
pm2,BTC,sell,60-75,30-90d,40,38,5.4627,1.24686,1.31419,2.66077,0.00549179,0,0.994508,0
pm2,BTC,sell,60-75,7-30d,76,74,14.799,1.03284,0.89183,1.5473,0.0305426,0.029056,0.940401,0
pm2,BTC,sell,60-75,<=2d,95,86,15.2,0.69798,0.657707,0.675476,0.254605,0.338158,0.407237,0
pm2,BTC,sell,60-75,>90d,13,12,0.5475,2.03452,2.87398,,0,0,1,0
pm2,BTC,sell,75-90,2-7d,17,15,3.907,1.09427,1.09427,2.66465,0,0.255951,0.744049,0
pm2,BTC,sell,75-90,30-90d,7,5,0.545,0.558867,0.400983,0.0154836,0.046582,0,0.953418,0
pm2,BTC,sell,75-90,7-30d,12,11,2.73,0.744364,0.721537,7.18031,0,0.003663,0.996337,0
pm2,BTC,sell,75-90,<=2d,37,36,11.683,0.539536,0.538312,0.488891,0.224257,0.368142,0.407601,0
pm2,BTC,sell,90-100,2-7d,9,9,1.235,0.533999,0.243489,2.50563,0.234818,0.0526316,0.712551,0
pm2,BTC,sell,90-100,30-90d,1,1,0.2,0.450469,0.450469,,0,0,1,0
pm2,BTC,sell,90-100,7-30d,9,9,4.30153,0.987206,1.12183,,0,0,1,0
pm2,BTC,sell,90-100,<=2d,32,30,8.27085,0.269317,0.269117,0.269317,0.00628714,0.456664,0.537049,0
pm2,ETH,buy,00-10,2-7d,1667,1270,26689.7,2.08464,2.51781,3.24125,0.129003,0.49574,0.373594,0.00166281
pm2,ETH,buy,00-10,30-90d,1050,701,21675.6,2.89664,31.2045,26.9783,0.138215,0.379406,0.258604,0.223774
pm2,ETH,buy,00-10,7-30d,1692,1200,27676.5,2.01279,2.99057,8.12418,0.11104,0.406779,0.438,0.0441809
pm2,ETH,buy,00-10,<=2d,1138,787,9357.86,0.638098,0.7646,0.740882,0.153858,0.644651,0.201491,0
pm2,ETH,buy,00-10,>90d,845,666,66980.6,2.01822,4.35626,8.37612,0.039789,0.000945796,0.00581253,0.953453
pm2,ETH,buy,10-25,2-7d,3265,2550,39374.4,1.92082,3.02229,2.81928,0.196077,0.552401,0.24571,0.00581317
pm2,ETH,buy,10-25,30-90d,2573,1847,42051.5,5.65127,18.4705,17.2077,0.423152,0.274904,0.202353,0.0995915
pm2,ETH,buy,10-25,7-30d,3675,2672,32992.1,2.35036,9.91885,7.23488,0.20227,0.517834,0.230744,0.0491524
pm2,ETH,buy,10-25,<=2d,2297,1569,11797.6,0.591233,0.694612,0.629269,0.239918,0.642417,0.113832,0.00383298
pm2,ETH,buy,10-25,>90d,921,680,16630.4,12.4218,30.9488,34.754,0.571302,0.00738166,0.0276915,0.393624
pm2,ETH,buy,25-40,2-7d,2196,1700,20268.7,2.27555,3.34807,2.76325,0.113993,0.770791,0.0829521,0.032264
pm2,ETH,buy,25-40,30-90d,2040,1495,19697.6,8.62514,19.8521,22.1967,0.417638,0.248336,0.215676,0.118349
pm2,ETH,buy,25-40,7-30d,3635,2708,23737.8,4.46526,8.4761,7.66196,0.280517,0.53757,0.163597,0.0183155
pm2,ETH,buy,25-40,<=2d,1689,1129,10525,0.666352,0.656832,0.720039,0.149683,0.80783,0.0424868,0
pm2,ETH,buy,25-40,>90d,906,741,19665.4,20.43,61.9148,39.1434,0.556094,0.0828582,0.0837109,0.277337
pm2,ETH,buy,40-60,2-7d,2302,1772,20681.7,2.60996,3.71657,3.04327,0.109662,0.834093,0.0514102,0.00483519
pm2,ETH,buy,40-60,30-90d,1830,1318,13127.8,5.8693,16.7131,18.8732,0.418138,0.250322,0.227765,0.103775
pm2,ETH,buy,40-60,7-30d,2994,2149,17146.5,4.74426,7.32618,8.01146,0.218512,0.578416,0.195482,0.00759046
pm2,ETH,buy,40-60,<=2d,1897,1310,10695.8,0.633426,0.64577,0.670043,0.111553,0.798643,0.0898004,3.73978e-06
pm2,ETH,buy,40-60,>90d,934,703,10965.5,12.1737,14.8892,22.4567,0.576194,0.013133,0.199578,0.211095
pm2,ETH,buy,60-75,2-7d,810,607,5075.57,2.1515,3.00044,2.95662,0.121424,0.704044,0.152505,0.0220271
pm2,ETH,buy,60-75,30-90d,726,552,8803.92,3.35833,28.2491,22.9879,0.467489,0.246205,0.19321,0.0930959
pm2,ETH,buy,60-75,7-30d,1067,736,5020.78,1.71172,7.99797,7.30679,0.210552,0.496926,0.288992,0.00352933
pm2,ETH,buy,60-75,<=2d,821,502,4152.09,0.635132,0.6431,0.669881,0.0354207,0.90433,0.0602494,0
pm2,ETH,buy,60-75,>90d,467,257,5947.07,4.53132,1.85468,18.7755,0.335491,0.0188328,0.0691541,0.576522
pm2,ETH,buy,75-90,2-7d,438,312,1617.09,2.49641,4.3708,3.38221,0.0376046,0.709351,0.115637,0.137407
pm2,ETH,buy,75-90,30-90d,330,237,2510.79,8.23789,31.9747,32.873,0.328376,0.254996,0.177733,0.238896
pm2,ETH,buy,75-90,7-30d,596,417,6364.13,4.42158,13.9719,10.722,0.0946651,0.377914,0.0768268,0.450595
pm2,ETH,buy,75-90,<=2d,583,401,1796.26,0.59904,0.583877,0.659037,0.145972,0.723994,0.130034,0
pm2,ETH,buy,75-90,>90d,257,118,561.393,7.71771,62.3823,19.7328,0.150615,0.0178128,0.469622,0.36195
pm2,ETH,buy,90-100,2-7d,261,204,1114.34,2.28904,6.97676,3.76121,0.0585008,0.866004,0.0656242,0.00987128
pm2,ETH,buy,90-100,30-90d,131,94,561.529,1.33028,2.79322,46.2393,0.189059,0.129682,0.636013,0.0452456
pm2,ETH,buy,90-100,7-30d,190,127,762.495,4.06314,9.43987,10.7369,0.071489,0.448547,0.165208,0.314756
pm2,ETH,buy,90-100,<=2d,493,348,1073.72,0.551107,0.656186,0.545003,0.0330719,0.848289,0.11864,0
pm2,ETH,buy,90-100,>90d,76,35,260.013,1.67188,98.9482,81.9111,0.184606,0,0.178068,0.637326
pm2,ETH,sell,00-10,2-7d,3396,2743,52779.9,2.33534,2.51451,2.82131,0.0655145,0.661893,0.2399,0.0326924
pm2,ETH,sell,00-10,30-90d,2062,1677,28610.8,3.31707,10.3646,35.0086,0.197658,0.280655,0.425005,0.0966818
pm2,ETH,sell,00-10,7-30d,2915,2355,43145.4,6.26121,9.50432,10.7727,0.062034,0.543056,0.308181,0.0867289
pm2,ETH,sell,00-10,<=2d,6677,5976,63718.8,0.707,0.765215,0.753982,0.036838,0.857305,0.105135,0.000721922
pm2,ETH,sell,00-10,>90d,874,709,63771.4,21.0911,12.902,34.1341,0.0698892,0.00461869,0.00634762,0.919145
pm2,ETH,sell,10-25,2-7d,3449,2775,27734,2.04928,2.59167,2.48746,0.199916,0.650558,0.141369,0.00815677
pm2,ETH,sell,10-25,30-90d,3198,2441,31089.7,5.61821,26.8921,21.3026,0.291437,0.28769,0.160231,0.260642
pm2,ETH,sell,10-25,7-30d,4063,3159,29886.9,3.14268,7.63308,7.499,0.285041,0.439702,0.260528,0.0147284
pm2,ETH,sell,10-25,<=2d,5534,4813,28603.8,0.686538,0.749829,0.741098,0.140972,0.780103,0.0789257,0
pm2,ETH,sell,10-25,>90d,1121,788,28942.6,9.21654,8.02935,18.5742,0.152212,0.00975933,0.0352446,0.802784
pm2,ETH,sell,25-40,2-7d,2772,2163,15998.3,1.9852,2.71856,2.48158,0.196175,0.6744,0.116482,0.0129438
pm2,ETH,sell,25-40,30-90d,2814,2100,27073.7,6.85221,25.3259,16.0997,0.649621,0.241426,0.0900194,0.0189343
pm2,ETH,sell,25-40,7-30d,3498,2635,31757.4,2.08224,8.72815,5.34682,0.2123,0.508531,0.195124,0.0840453
pm2,ETH,sell,25-40,<=2d,4507,4020,20195.6,0.660318,0.745946,0.712093,0.210744,0.72023,0.0690254,0
pm2,ETH,sell,25-40,>90d,979,613,11165.9,5.72416,11.3003,14.1795,0.343776,0.00334141,0.102588,0.550295
pm2,ETH,sell,40-60,2-7d,3329,2624,16579.7,2.04574,2.72394,2.52027,0.173525,0.705876,0.107018,0.0135804
pm2,ETH,sell,40-60,30-90d,3321,2687,16436.7,2.7228,15.9774,11.0652,0.554609,0.0972128,0.274866,0.0733121
pm2,ETH,sell,40-60,7-30d,3816,2964,19389,1.89975,7.60497,4.94138,0.385846,0.37211,0.186649,0.0553946
pm2,ETH,sell,40-60,<=2d,4628,4164,19921.6,0.66611,0.867545,0.729759,0.0907258,0.828358,0.0809158,0
pm2,ETH,sell,40-60,>90d,1453,1085,8563.32,4.42682,15.0169,18.1177,0.339221,0.0123586,0.221231,0.427189
pm2,ETH,sell,60-75,2-7d,693,532,3619.76,2.35205,2.6906,2.66346,0.121601,0.682319,0.126186,0.069894
pm2,ETH,sell,60-75,30-90d,575,451,3112.16,3.15252,6.14147,15.6199,0.620787,0.170161,0.169898,0.0391532
pm2,ETH,sell,60-75,7-30d,721,558,7145.87,2.48393,15.6465,8.33792,0.178967,0.562353,0.108926,0.149754
pm2,ETH,sell,60-75,<=2d,834,684,3741.81,0.690265,0.737038,0.737573,0.0527198,0.862326,0.0849542,0
pm2,ETH,sell,60-75,>90d,692,564,3378.97,13.1326,17.0344,26.8398,0.609214,0.00717675,0.0986073,0.285002
pm2,ETH,sell,75-90,2-7d,217,151,634.275,2.11644,3.82639,2.87668,0.0629355,0.772048,0.165017,0
pm2,ETH,sell,75-90,30-90d,229,170,2779.72,19.2506,53.8319,35.0944,0.151028,0.531883,0.120778,0.196311
pm2,ETH,sell,75-90,7-30d,344,245,3341.43,4.19302,14.0392,9.35082,0.0587317,0.842822,0.0881572,0.010289
pm2,ETH,sell,75-90,<=2d,344,256,1372.67,0.6955,0.640764,0.722458,0.138569,0.765151,0.0962796,0
pm2,ETH,sell,75-90,>90d,152,111,1008.81,23.6824,44.3979,44.354,0.407787,0.152656,0.182166,0.257392
pm2,ETH,sell,90-100,2-7d,162,110,750.821,2.45911,2.64868,2.76717,0.0137103,0.843971,0.142319,0
pm2,ETH,sell,90-100,30-90d,118,85,1040.17,4.3248,37.4763,38.537,0.106396,0.570675,0.27486,0.0480692
pm2,ETH,sell,90-100,7-30d,202,143,1565.25,8.87188,11.4951,11.1366,0.0792017,0.694099,0.203797,0.0229024
pm2,ETH,sell,90-100,<=2d,254,184,1798.2,0.545657,0.602554,0.586083,0.0167389,0.781082,0.202179,0
pm2,ETH,sell,90-100,>90d,101,96,756.85,26.3458,15.9746,38.9416,0.615181,0,0.0473013,0.337517
pm2,HYPE,buy,00-10,2-7d,80,69,154771,5.54021,5.76834,5.54021,0.0591261,0.940163,0,0.000710728
pm2,HYPE,buy,00-10,30-90d,95,67,565312,36.7303,75.1248,36.7303,0.15738,0.839967,0,0.0026534
pm2,HYPE,buy,00-10,7-30d,224,192,134509,15.4077,9.6757,15.4077,0.0752886,0.917046,0,0.00766491
pm2,HYPE,buy,00-10,<=2d,32,21,12060,1.20984,1.58819,1.20984,0.167579,0.832421,0,0
pm2,HYPE,buy,00-10,>90d,131,89,7565,11.9676,74.4498,11.9676,0.364838,0.179907,0,0.455254
pm2,HYPE,buy,10-25,2-7d,966,846,630505,5.07097,5.89705,5.07097,0.0815448,0.917662,0,0.000793015
pm2,HYPE,buy,10-25,30-90d,1009,730,561473,24.9235,24.4993,24.9235,0.479086,0.318298,0.000178103,0.202438
pm2,HYPE,buy,10-25,7-30d,2278,1912,1.07025e+06,11.0726,11.6852,11.0726,0.226024,0.761588,0,0.0123879
pm2,HYPE,buy,10-25,<=2d,315,263,593478,1.32512,1.32143,1.32512,0.0180731,0.981927,0,0
pm2,HYPE,buy,10-25,>90d,620,551,538218,22.4782,33.8043,22.4782,0.418518,0.00111665,0,0.580365
pm2,HYPE,buy,25-40,2-7d,1171,966,811091,4.27782,5.04872,4.27782,0.0948577,0.886782,0,0.0183604
pm2,HYPE,buy,25-40,30-90d,982,701,1.2943e+06,18.1931,43.4713,18.1931,0.422357,0.563305,0,0.0143375
pm2,HYPE,buy,25-40,7-30d,2935,2399,2.13562e+06,10.1932,10.3472,10.1932,0.203538,0.789005,0,0.00745684
pm2,HYPE,buy,25-40,<=2d,488,335,184372,1.31881,1.61158,1.31881,0.0395723,0.960428,0,0
pm2,HYPE,buy,25-40,>90d,549,416,447651,18.4485,26.3196,18.4485,0.774855,0,0,0.225145
pm2,HYPE,buy,40-60,2-7d,1196,884,453148,6.38181,5.79388,6.38181,0.034346,0.96555,0,0.000103719
pm2,HYPE,buy,40-60,30-90d,1004,387,223881,18.0711,15.963,18.0711,0.615121,0.0896236,0,0.295255
pm2,HYPE,buy,40-60,7-30d,2362,1627,1.65242e+06,10.9547,13.6038,10.9547,0.238212,0.754245,0,0.00754347
pm2,HYPE,buy,40-60,<=2d,515,288,196214,1.29833,1.94215,1.29833,0.00996364,0.990036,0,0
pm2,HYPE,buy,40-60,>90d,347,237,282321,12.4899,23.9062,12.4899,0.895312,0,0,0.104688
pm2,HYPE,buy,60-75,2-7d,469,331,255527,4.00373,2.30295,4.00373,0.0580458,0.941954,0,0
pm2,HYPE,buy,60-75,30-90d,210,125,40265.4,37.2798,37.2819,37.2798,0.139425,0.575035,0,0.28554
pm2,HYPE,buy,60-75,7-30d,904,665,520329,13.9883,13.6801,13.9883,0.294238,0.700323,0,0.00543886
pm2,HYPE,buy,60-75,<=2d,229,93,171213,1.22283,1.98471,1.22283,0.00436299,0.995637,0,0
pm2,HYPE,buy,60-75,>90d,132,75,104269,12.0161,11.8259,12.0161,0.0937905,0,0,0.906209
pm2,HYPE,buy,75-90,2-7d,120,89,166535,3.3634,2.30295,3.3634,0.00778215,0.992218,0,0
pm2,HYPE,buy,75-90,30-90d,138,89,60405.4,41.2786,41.2796,41.2786,0.00633718,0.72271,0,0.270952
pm2,HYPE,buy,75-90,7-30d,603,393,291871,17.1721,20.2825,17.1721,0.0351782,0.959595,0,0.00522691
pm2,HYPE,buy,75-90,<=2d,141,30,3708.91,1.30379,1.37154,1.30379,0.00485318,0.995147,0,0
pm2,HYPE,buy,75-90,>90d,46,12,165,61.7337,61.7352,61.7337,0.721212,0,0,0.278788
pm2,HYPE,buy,90-100,2-7d,45,42,9241.18,3.00932,2.63843,3.00932,0,1,0,0
pm2,HYPE,buy,90-100,30-90d,11,3,1021,0.144531,0.0102247,0.144531,0.0205681,0,0,0.979432
pm2,HYPE,buy,90-100,7-30d,30,17,12315.7,10.785,8.35158,10.785,0.00820094,0.189555,0,0.802244
pm2,HYPE,buy,90-100,<=2d,65,32,2844.41,1.50052,1.50082,1.50052,0.0984386,0.901561,0,0
pm2,HYPE,buy,90-100,>90d,3,0,0,,,,,,,
pm2,HYPE,sell,00-10,2-7d,173,70,47944.3,4.54205,2.67495,4.54205,0.0805101,0.919469,0,2.08575e-05
pm2,HYPE,sell,00-10,30-90d,268,164,108392,36.059,36.8039,36.059,0.2087,0.694744,0,0.0965565
pm2,HYPE,sell,00-10,7-30d,429,181,90488,10.024,16.1335,10.024,0.326496,0.67315,0,0.000353638
pm2,HYPE,sell,00-10,<=2d,387,326,207839,0.726607,0.717186,0.726607,0.0474791,0.952521,0,0
pm2,HYPE,sell,00-10,>90d,96,57,49559.5,13.426,13.5038,13.426,0.0763728,0.0423733,0,0.881254
pm2,HYPE,sell,10-25,2-7d,407,163,85029.9,2.73969,5.12526,2.73969,0.16664,0.83336,0,0
pm2,HYPE,sell,10-25,30-90d,804,376,824611,26.8291,37.6458,26.8291,0.812898,0.182736,0,0.0043657
pm2,HYPE,sell,10-25,7-30d,1004,517,644484,8.23216,10.9653,8.23216,0.387386,0.612614,0,0
pm2,HYPE,sell,10-25,<=2d,620,515,266718,0.85895,0.694476,0.85895,0.209205,0.790795,0,0
pm2,HYPE,sell,10-25,>90d,361,149,160081,10.7206,60.0656,10.7206,0.343566,0,0,0.656434
pm2,HYPE,sell,25-40,2-7d,416,210,374683,2.63843,2.30295,2.63843,0.126714,0.873259,0,2.66893e-05
pm2,HYPE,sell,25-40,30-90d,671,331,766089,9.3479,26.9059,9.3479,0.597688,0.311068,0.0002937,0.0909496
pm2,HYPE,sell,25-40,7-30d,813,424,558670,4.21471,12.5628,4.21471,0.426761,0.57072,0,0.00251848
pm2,HYPE,sell,25-40,<=2d,730,639,529052,0.729855,1.64508,0.729855,0.174558,0.825442,0,0
pm2,HYPE,sell,25-40,>90d,329,184,654999,19.9594,27.7029,19.9594,0.675114,0.139748,0,0.185137
pm2,HYPE,sell,40-60,2-7d,582,323,100866,2.50418,3.18334,2.50418,0.55396,0.44603,0,9.91416e-06
pm2,HYPE,sell,40-60,30-90d,743,576,991590,10.8183,34.2629,10.8183,0.737591,0.257522,0,0.0048876
pm2,HYPE,sell,40-60,7-30d,1017,633,1.33105e+06,2.27806,8.7696,2.27806,0.312152,0.684376,0,0.00347207
pm2,HYPE,sell,40-60,<=2d,735,641,184151,0.737174,0.714234,0.737174,0.289458,0.710542,0,0
pm2,HYPE,sell,40-60,>90d,423,254,341063,24.726,15.9617,24.726,0.668223,0.000293201,0,0.331483
pm2,HYPE,sell,60-75,2-7d,148,64,25641,1.4874,2.78973,1.4874,0.878086,0.121914,0,0
pm2,HYPE,sell,60-75,30-90d,62,45,56773.9,24.8251,43.4713,24.8251,0.0598127,0.940098,0,8.92136e-05
pm2,HYPE,sell,60-75,7-30d,152,70,34102.8,2.71187,0.601821,2.71187,0.767175,0.215964,0,0.0168608
pm2,HYPE,sell,60-75,<=2d,116,88,13508,0.48514,0.322582,0.48514,0.443441,0.556559,0,0
pm2,HYPE,sell,60-75,>90d,154,83,124680,26.6361,27.1614,26.6361,0.928882,4.01025e-05,0,0.0710777
pm2,HYPE,sell,75-90,2-7d,52,14,1455,5.18743,6.66302,5.18743,0.0103093,0.989691,0,0
pm2,HYPE,sell,75-90,30-90d,35,25,3436.57,31.0582,13.9371,31.0582,0.595818,0.113194,0,0.290988
pm2,HYPE,sell,75-90,7-30d,102,45,18411.2,9.8684,0.415047,9.8684,0.684612,0.292576,0,0.0228122
pm2,HYPE,sell,75-90,<=2d,125,72,83835,0.00060778,0.000417257,0.00060778,0.963607,0.0363929,0,0
pm2,HYPE,sell,75-90,>90d,43,30,19523,16.7351,7.12802,16.7351,0.678072,0,0,0.321928
pm2,HYPE,sell,90-100,2-7d,14,7,118331,5.67135,2.30295,5.67135,0.000196805,0.999803,0,0
pm2,HYPE,sell,90-100,30-90d,6,4,200,55.2268,32.6602,55.2268,0.5,0.5,0,0
pm2,HYPE,sell,90-100,7-30d,27,17,43571.5,9.53154,8.28269,9.53154,0.126,0.874,0,0
pm2,HYPE,sell,90-100,<=2d,51,37,14900,0.33853,0.33853,0.33853,0.000402685,0.999597,0,0
pm2,HYPE,sell,90-100,>90d,21,20,11501,120.657,120.657,120.657,0,8.6949e-05,0,0.999913
