month,ccy,sm,pm,pm2
2024-01,BTC,0.781064,0.218936,0.000000
2024-02,BTC,0.460144,0.539856,0.000000
2024-03,BTC,0.318577,0.681423,0.000000
2024-04,BTC,0.260018,0.739982,0.000000
2024-05,BTC,0.348024,0.651976,0.000000
2024-06,BTC,0.132772,0.867228,0.000000
2024-07,BTC,0.205287,0.794713,0.000000
2024-08,BTC,0.310016,0.689984,0.000000
2024-09,BTC,0.367351,0.632649,0.000000
2024-10,BTC,0.470327,0.529673,0.000000
2024-11,BTC,0.486983,0.513017,0.000000
2024-12,BTC,0.464773,0.535227,0.000000
2025-01,BTC,0.470526,0.529474,0.000000
2025-02,BTC,0.440663,0.559337,0.000000
2025-03,BTC,0.461036,0.538964,0.000000
2025-04,BTC,0.478926,0.521074,0.000000
2025-05,BTC,0.466582,0.533418,0.000000
2025-06,BTC,0.455377,0.544623,0.000000
2025-07,BTC,0.421907,0.405639,0.172454
2025-08,BTC,0.455833,0.337045,0.207122
2025-09,BTC,0.413562,0.398041,0.188397
2025-10,BTC,0.374588,0.320418,0.304994
2025-11,BTC,0.385435,0.171225,0.443341
2025-12,BTC,0.377719,0.226921,0.395361
2026-01,BTC,0.383947,0.040640,0.575413
2026-02,BTC,0.287431,0.000017,0.712551
2026-03,BTC,0.140041,0.000006,0.859952
2026-04,BTC,0.061053,0.000000,0.938947
2026-05,BTC,0.073921,0.000000,0.926079
2026-06,BTC,0.164140,0.000000,0.835860
2026-07,BTC,0.047112,0.000000,0.952888
2026-08,BTC,0.051133,0.000000,0.948867
2026-09,BTC,0.090433,0.000000,0.909567
2024-02,ETH,0.473613,0.526387,0.000000
2024-03,ETH,0.335044,0.664956,0.000000
2024-04,ETH,0.290030,0.709970,0.000000
2024-05,ETH,0.299827,0.700173,0.000000
2024-06,ETH,0.327592,0.672408,0.000000
2024-07,ETH,0.422995,0.577005,0.000000
2024-08,ETH,0.388798,0.611202,0.000000
2024-09,ETH,0.429056,0.570944,0.000000
2024-10,ETH,0.401829,0.598171,0.000000
2024-11,ETH,0.361023,0.638977,0.000000
2024-12,ETH,0.467239,0.532761,0.000000
2025-01,ETH,0.485785,0.514215,0.000000
2025-02,ETH,0.455220,0.544780,0.000000
2025-03,ETH,0.438272,0.561728,0.000000
2025-04,ETH,0.510377,0.489623,0.000000
2025-05,ETH,0.495620,0.504380,0.000000
2025-06,ETH,0.487186,0.512814,0.000000
2025-07,ETH,0.505958,0.374182,0.119860
2025-08,ETH,0.470175,0.389274,0.140551
2025-09,ETH,0.428035,0.440940,0.131025
2025-10,ETH,0.412116,0.375223,0.212662
2025-11,ETH,0.378820,0.121111,0.500069
2025-12,ETH,0.400464,0.131044,0.468492
2026-01,ETH,0.278141,0.088037,0.633822
2026-02,ETH,0.384155,0.002074,0.613771
2026-03,ETH,0.295546,0.000127,0.704328
2026-04,ETH,0.281073,0.000004,0.718923
2026-05,ETH,0.308288,0.000005,0.691707
2026-06,ETH,0.394381,0.000004,0.605615
2026-07,ETH,0.301129,0.000000,0.698871
2026-08,ETH,0.194305,0.000000,0.805695
2026-09,ETH,0.281060,0.000000,0.718940
2025-12,HYPE,0.486232,,0.513768
2026-01,HYPE,0.287139,,0.712861
2026-02,HYPE,0.461366,,0.538634
2026-03,HYPE,0.262249,,0.737751
2026-04,HYPE,0.069782,,0.930218
2026-05,HYPE,0.138757,,0.861243
2026-06,HYPE,0.164082,,0.835918
2026-07,HYPE,0.159293,,0.840707
2026-08,HYPE,0.127588,,0.872412
2026-09,HYPE,0.120802,,0.879198
