variant,group,stat,lo,hi,rejected,n,n_days,n_excluded,n_not_applicable,share_days_over_63_options,numerator,denominator,b,seed,level,rule,exploratory
sm_pm2,all,4.7467261022171625,4.661926808686567,4.823628547372672,False,1943,462,0,0,0.7364899639732373,K_sm,K_pm2,9999,20260924,0.9,H3,True
sm_pm2_mm,all,5.614276930370074,5.471317757717981,5.802400610478436,False,1943,462,0,0,0.7364899639732373,K_sm_mm,K_pm2_mm,9999,20260924,0.9,H3,True
sm_pm_be,all,3.2453899256319816,3.1741663514405043,3.2945961355759144,False,1640,462,0,303,0.723170731707317,K_sm_be,K_pm_be,9999,20260924,0.9,H3,True
pm_pm2_be,all,1.5451135524837536,1.5352643655826934,1.5537379906102742,,1640,462,0,303,0.723170731707317,K_pm_be,K_pm2_be,9999,20260924,0.9,descriptive (no preregistered threshold),True
sm_pm2_be,all,4.825809177221613,4.745833746341058,4.925575374601207,False,1640,462,0,303,0.723170731707317,K_sm_be,K_pm2_be,9999,20260924,0.9,H3,True
sm_pm2_le63,all,1.5898670551451004,1.531751779118101,1.661543592723782,True,512,331,0,0,0.0,K_sm,K_pm2,9999,20260924,0.9,H3,True
sm_pm2_gt63,all,5.465414015410679,5.345470182192261,5.605588235550167,False,1431,459,0,0,1.0,K_sm,K_pm2,9999,20260924,0.9,H3,True
sm_pm2,label=M1,5.293942002674346,4.94180093411209,5.471537747388503,False,120,120,0,0,0.9333333333333333,K_sm,K_pm2,9999,20260924,0.9,H3,True
sm_pm_be,label=M1,3.2267720385850223,3.076773355656236,3.387357813387792,False,120,120,0,0,0.9333333333333333,K_sm_be,K_pm_be,9999,20260924,0.9,H3,True
sm_pm2,label=M10,5.662704963656645,5.328772841125383,5.923742289356797,False,247,247,0,0,1.0,K_sm,K_pm2,9999,20260924,0.9,H3,True
sm_pm_be,label=M10,3.883363947285047,3.757226411793155,4.007012808342854,False,247,247,0,0,1.0,K_sm_be,K_pm_be,9999,20260924,0.9,H3,True
sm_pm2,label=M2,1.0757082498385966,1.0488892569419566,1.1114752928089873,True,328,328,0,0,0.0,K_sm,K_pm2,9999,20260924,0.9,H3,True
sm_pm_be,label=M2,0.8085466986092829,0.7705586932415318,0.8402359656712015,True,328,328,0,0,0.0,K_sm_be,K_pm_be,9999,20260924,0.9,H3,True
sm_pm2,label=M3,4.357008112509037,4.1926930984658295,4.5587073832092315,False,303,303,0,0,0.8085808580858086,K_sm,K_pm2,9999,20260924,0.9,H3,True
sm_pm2,label=M4,8.722432393002782,7.523918547264298,9.296078548677468,False,203,203,0,0,0.9605911330049262,K_sm,K_pm2,9999,20260924,0.9,H3,True
sm_pm_be,label=M4,4.992533433555787,4.642152749795219,5.415836522467906,False,203,203,0,0,0.9605911330049262,K_sm_be,K_pm_be,9999,20260924,0.9,H3,True
sm_pm2,label=M5,5.44385405232868,5.2161846057285945,5.671412145252695,False,374,374,0,0,0.9679144385026738,K_sm,K_pm2,9999,20260924,0.9,H3,True
sm_pm_be,label=M5,3.532280625965673,3.4301707437551645,3.670623573967946,False,374,374,0,0,0.9679144385026738,K_sm_be,K_pm_be,9999,20260924,0.9,H3,True
sm_pm2,label=M6,4.23924570855367,3.9874748178122195,4.439490174543062,False,119,119,0,0,0.18487394957983194,K_sm,K_pm2,9999,20260924,0.9,H3,True
sm_pm_be,label=M6,2.785587330737336,2.6845295072785413,2.8865471542560632,False,119,119,0,0,0.18487394957983194,K_sm_be,K_pm_be,9999,20260924,0.9,H3,True
sm_pm2,label=M7,6.310835969058738,4.92480154247875,12.243408329853079,False,10,10,0,0,0.9,K_sm,K_pm2,9999,20260924,0.9,H3,True
sm_pm_be,label=M7,4.61385651712526,4.285704311570313,5.848058369105214,False,10,10,0,0,0.9,K_sm_be,K_pm_be,9999,20260924,0.9,H3,True
sm_pm2,label=M8,5.2570321133916105,5.1341813244132375,5.360810747003731,False,239,239,0,0,1.0,K_sm,K_pm2,9999,20260924,0.9,H3,True
sm_pm_be,label=M8,3.482498095850302,3.3738259619499282,3.5945750253938726,False,239,239,0,0,1.0,K_sm_be,K_pm_be,9999,20260924,0.9,H3,True
