section,item,variant,value,lo,hi,level,n,b,seed,p1_reference,p1_source,matches_p1
decomposition,half spread,p1,15.701225476954274,9.97717307254324,22.297951693485754,0.95,603940.0,999,20260917.0,15.7,"paper/main.tex, UEBERGABE.md (2 decimals)",True
decomposition,adverse selection,p1,-2.650620908563112,-4.73996341802922,-0.7619156986113396,0.95,603940.0,999,20260917.0,-2.65,"paper/main.tex, UEBERGABE.md (2 decimals)",True
decomposition,markout,p1,13.050604568391153,5.574984796735951,21.25025356674466,0.95,603940.0,999,20260917.0,13.05,"paper/main.tex, UEBERGABE.md (2 decimals)",True
decomposition,maker fee,p1,-1.5616598854624304,-1.9189674213998649,-1.1814272514519166,0.95,603940.0,999,20260917.0,-1.56,"paper/main.tex, UEBERGABE.md (2 decimals)",True
decomposition,maker rebate,p1,0.5929654755034721,0.4686116536802525,0.7328420732517033,0.95,603940.0,999,20260917.0,0.59,"paper/main.tex, UEBERGABE.md (2 decimals)",True
decomposition,hedge cost,p1,-3.149457390064287,-3.4699468692539335,-2.8416725240679703,0.95,603940.0,999,20260917.0,-3.15,"paper/main.tex, UEBERGABE.md (2 decimals)",True
decomposition,net edge,p1,8.93245276836791,1.2473848112728805,17.339592179865562,0.95,603940.0,999,20260917.0,8.93,"paper/main.tex, UEBERGABE.md (2 decimals)",True
decomposition,"net edge, median",p1,0.7380793974814537,,,,603940.0,0,,,,
decomposition,"net edge, contract weighted",p1,-70.46217732808687,,,,603940.0,0,,,,
decomposition,"net edge, sum over fills (USDC)",p1,-2812889993.3391767,,,,603940.0,0,,,,
decomposition,"maker fee, sum over fills (USDC)",p1,-943148.8712261802,,,,603940.0,0,,,,
decomposition,"maker rebate, sum over fills (USDC)",p1,358115.56927556696,,,,603940.0,0,,,,
decomposition,"net edge, share of fills negative",p1,0.4061181574328575,,,,603940.0,0,,,,
decomposition_check,net edge (exact),p1,8.93245276836791,,,,,0,,8.93245,"docs/paper1/ABBILDUNGEN.md, T2 check",True
decomposition_check,markout (exact),p1,13.050604568391153,,,,,0,,13.050604568391153,results/p1/horizon_means.csv,True
decomposition,half spread,per_contract,15.701225476954274,9.97717307254324,22.297951693485754,0.95,603940.0,999,20260917.0,,,
decomposition,adverse selection,per_contract,-2.650620908563112,-4.73996341802922,-0.7619156986113396,0.95,603940.0,999,20260917.0,,,
decomposition,markout,per_contract,13.050604568391153,5.574984796735951,21.25025356674466,0.95,603940.0,999,20260917.0,,,
decomposition,maker fee,per_contract,-1.0911128959099523,-1.3338997792009062,-0.8006768207167961,0.95,603940.0,999,20260917.0,,,
decomposition,maker rebate,per_contract,0.7694540118805787,0.6430712456648895,0.9097651123236016,0.95,603940.0,999,20260917.0,,,
decomposition,hedge cost,per_contract,-3.149457390064287,-3.4699468692539335,-2.8416725240679703,0.95,603940.0,999,20260917.0,,,
decomposition,net edge,per_contract,9.579488294297493,1.4594655634069542,18.43047929543578,0.95,603940.0,999,20260917.0,,,
decomposition,"net edge, median",per_contract,0.6259731882825745,,,,603940.0,0,,,,
decomposition,"net edge, contract weighted",per_contract,0.1874618391725374,,,,603940.0,0,,,,
decomposition,"net edge, sum over fills (USDC)",per_contract,7483582.70403884,,,,603940.0,0,,,,
decomposition,"maker fee, sum over fills (USDC)",per_contract,-943148.8712261802,,,,603940.0,0,,,,
decomposition,"maker rebate, sum over fills (USDC)",per_contract,358115.56927556696,,,,603940.0,0,,,,
decomposition,"net edge, share of fills negative",per_contract,0.3940606682783057,,,,603940.0,0,,,,
classes,dominant_maker mean_markout,p1,-25.414134724330296,,,,56274.0,0,,-25.414134724330296,results/p1/class_means.csv,True
classes,dominant_maker mean_hs,p1,-16.60421421778671,,,,56274.0,0,,-16.60421421778671,results/p1/class_means.csv,True
classes,dominant_maker mean_as,p1,-8.809920506543587,,,,56274.0,0,,-8.809920506543587,results/p1/class_means.csv,True
classes,dominant_maker mean_fee,p1,1.2286726484190262,,,,56274.0,0,,1.2286726484190262,results/p1/class_means.csv,True
classes,dominant_maker mean_rebate,p1,0.0790501758377686,,,,56274.0,0,,0.0790501758377686,results/p1/class_means.csv,True
classes,dominant_maker mean_hedge,p1,3.9276936794733537,,,,56274.0,0,,3.9276936794733537,results/p1/class_means.csv,True
classes,dominant_maker mean_ne,p1,-30.4914508763849,-40.49630139689122,-26.380675654955137,0.95,56274.0,999,20260917.0,-30.4914508763849,results/p1/class_means.csv,True
classes,dominant_maker fill_edge_sum,p1,-7124848.650834791,,,,56274.0,0,,,,
classes,large mean_markout,p1,3.890721736803673,,,,52200.0,0,,3.890721736803673,results/p1/class_means.csv,True
classes,large mean_hs,p1,6.399207048302854,,,,52200.0,0,,6.399207048302854,results/p1/class_means.csv,True
classes,large mean_as,p1,-2.508485311499181,,,,52200.0,0,,-2.508485311499181,results/p1/class_means.csv,True
classes,large mean_fee,p1,4.546177111852412,,,,52200.0,0,,4.546177111852412,results/p1/class_means.csv,True
classes,large mean_rebate,p1,1.7832999241020782,,,,52200.0,0,,1.7832999241020782,results/p1/class_means.csv,True
classes,large mean_hedge,p1,2.759151819978383,,,,52200.0,0,,2.759151819978383,results/p1/class_means.csv,True
classes,large mean_ne,p1,-1.6313072709250451,-14.16524616299486,14.528875619082656,0.95,52200.0,999,20260917.0,-1.6313072709250451,results/p1/class_means.csv,True
classes,large fill_edge_sum,p1,-82451599.29638499,,,,52200.0,0,,,,
classes,mm_programme mean_markout,p1,-20.669878044430543,,,,42976.0,0,,-20.669878044430543,results/p1/class_means.csv,True
classes,mm_programme mean_hs,p1,-5.1740277432226325,,,,42976.0,0,,-5.1740277432226325,results/p1/class_means.csv,True
classes,mm_programme mean_as,p1,-15.495850301207913,,,,42976.0,0,,-15.495850301207913,results/p1/class_means.csv,True
classes,mm_programme mean_fee,p1,1.131324194296081,,,,42976.0,0,,1.131324194296081,results/p1/class_means.csv,True
classes,mm_programme mean_rebate,p1,1.5863257608367525,,,,42976.0,0,,1.5863257608367525,results/p1/class_means.csv,True
classes,mm_programme mean_hedge,p1,4.935400218311306,,,,42976.0,0,,4.935400218311306,results/p1/class_means.csv,True
classes,mm_programme mean_ne,p1,-25.150276696201175,-29.00151581454612,-3.2797585436021737,0.95,42976.0,999,20260917.0,-25.150276696201175,results/p1/class_means.csv,True
classes,mm_programme fill_edge_sum,p1,-3795660.498191245,,,,42976.0,0,,,,
classes,other mean_markout,p1,24.731948751492116,,,,329432.0,0,,24.731948751492116,results/p1/class_means.csv,True
classes,other mean_hs,p1,25.603771503935235,,,,329432.0,0,,25.603771503935235,results/p1/class_means.csv,True
classes,other mean_as,p1,-0.8718227524430988,,,,329432.0,0,,-0.8718227524430988,results/p1/class_means.csv,True
classes,other mean_fee,p1,1.2434983526410002,,,,329432.0,0,,1.2434983526410002,results/p1/class_means.csv,True
classes,other mean_rebate,p1,0.5692688025942637,,,,329432.0,0,,0.5692688025942637,results/p1/class_means.csv,True
classes,other mean_hedge,p1,2.872183000622791,,,,329432.0,0,,2.872183000622791,results/p1/class_means.csv,True
classes,other mean_ne,p1,21.185536200822593,18.613367581243164,24.397596531180465,0.95,329432.0,999,20260917.0,21.185536200822593,results/p1/class_means.csv,True
classes,other fill_edge_sum,p1,-4025962.36159512,,,,329432.0,0,,,,
classes,rfq mean_markout,p1,15.208820333361222,,,,121064.0,0,,15.208820333361222,results/p1/class_means.csv,True
classes,rfq mean_hs,p1,15.380194630423237,,,,121064.0,0,,15.380194630423237,results/p1/class_means.csv,True
classes,rfq mean_as,p1,-0.1713742970620077,,,,121064.0,0,,-0.1713742970620077,results/p1/class_means.csv,True
classes,rfq mean_fee,p1,0.910310410927818,,,,121064.0,0,,0.910310410927818,results/p1/class_means.csv,True
classes,rfq mean_rebate,p1,0.0,,,,121064.0,0,,0.0,results/p1/class_means.csv,True
classes,rfq mean_hedge,p1,3.1115219484876424,,,,121064.0,0,,3.1115219484876424,results/p1/class_means.csv,True
classes,rfq mean_ne,p1,11.186987973945762,8.233566428932066,14.732464167789374,0.95,121064.0,999,20260917.0,11.186987973945762,results/p1/class_means.csv,True
classes,rfq fill_edge_sum,p1,-2658071485.684892,,,,121064.0,0,,,,
classes,vault mean_markout,p1,4.219748619768521,,,,1994.0,0,,4.219748619768521,results/p1/class_means.csv,True
classes,vault mean_hs,p1,4.320229183988184,,,,1994.0,0,,4.320229183988184,results/p1/class_means.csv,True
classes,vault mean_as,p1,-0.1004805642196642,,,,1994.0,0,,-0.1004805642196642,results/p1/class_means.csv,True
classes,vault mean_fee,p1,34.21381339041514,,,,1994.0,0,,34.21381339041514,results/p1/class_means.csv,True
classes,vault mean_rebate,p1,2.442100084448373,,,,1994.0,0,,2.442100084448373,results/p1/class_means.csv,True
classes,vault mean_hedge,p1,1.0243198690310191,,,,1994.0,0,,1.0243198690310191,results/p1/class_means.csv,True
classes,vault mean_ne,p1,-28.576284555229268,-66.96481585974965,-5.316249124461143,0.95,1994.0,999,20260917.0,-28.576284555229268,results/p1/class_means.csv,True
classes,vault fill_edge_sum,p1,-57420436.84727838,,,,1994.0,0,,,,
classes,dominant_maker mean_markout,per_contract,-25.414134724330296,,,,56274.0,0,,,,
classes,dominant_maker mean_hs,per_contract,-16.60421421778671,,,,56274.0,0,,,,
classes,dominant_maker mean_as,per_contract,-8.809920506543587,,,,56274.0,0,,,,
classes,dominant_maker mean_fee,per_contract,2.7518862704736664,,,,56274.0,0,,,,
classes,dominant_maker mean_rebate,per_contract,0.1091234873425202,,,,56274.0,0,,,,
classes,dominant_maker mean_hedge,per_contract,3.9276936794733537,,,,56274.0,0,,,,
classes,dominant_maker mean_ne,per_contract,-31.98459118693479,-35.67220996621831,-27.62858789282406,0.95,56274.0,999,20260917.0,,,
classes,dominant_maker fill_edge_sum,per_contract,-627033.4836886828,,,,56274.0,0,,,,
classes,large mean_markout,per_contract,3.890721736803673,,,,52200.0,0,,,,
classes,large mean_hs,per_contract,6.399207048302854,,,,52200.0,0,,,,
classes,large mean_as,per_contract,-2.508485311499181,,,,52200.0,0,,,,
classes,large mean_fee,per_contract,1.3538502263942307,,,,52200.0,0,,,,
classes,large mean_rebate,per_contract,1.0166859203933842,,,,52200.0,0,,,,
classes,large mean_hedge,per_contract,2.759151819978383,,,,52200.0,0,,,,
classes,large mean_ne,per_contract,0.7944056108244427,-12.213364186553342,16.186444374247593,0.95,52200.0,999,20260917.0,,,
classes,large fill_edge_sum,per_contract,606048.7574192093,,,,52200.0,0,,,,
classes,mm_programme mean_markout,per_contract,-20.669878044430543,,,,42976.0,0,,,,
classes,mm_programme mean_hs,per_contract,-5.1740277432226325,,,,42976.0,0,,,,
classes,mm_programme mean_as,per_contract,-15.495850301207913,,,,42976.0,0,,,,
classes,mm_programme mean_fee,per_contract,1.8202253750251056,,,,42976.0,0,,,,
classes,mm_programme mean_rebate,per_contract,0.6649836159543084,,,,42976.0,0,,,,
classes,mm_programme mean_hedge,per_contract,4.935400218311306,,,,42976.0,0,,,,
classes,mm_programme mean_ne,per_contract,-26.760520021812653,-30.35152152906252,-3.3146998752060446,0.95,42976.0,999,20260917.0,,,
classes,mm_programme fill_edge_sum,per_contract,-1834046.5159336375,,,,42976.0,0,,,,
classes,other mean_markout,per_contract,24.731948751492116,,,,329432.0,0,,,,
classes,other mean_hs,per_contract,25.603771503935235,,,,329432.0,0,,,,
classes,other mean_as,per_contract,-0.8718227524430988,,,,329432.0,0,,,,
classes,other mean_fee,per_contract,0.9619323669052148,,,,329432.0,0,,,,
classes,other mean_rebate,per_contract,1.1440004919699764,,,,329432.0,0,,,,
classes,other mean_hedge,per_contract,2.872183000622791,,,,329432.0,0,,,,
classes,other mean_ne,per_contract,22.041833875934092,19.50021174042632,25.203704000974692,0.95,329432.0,999,20260917.0,,,
classes,other fill_edge_sum,per_contract,3673653.9272939977,,,,329432.0,0,,,,
classes,rfq mean_markout,per_contract,15.208820333361222,,,,121064.0,0,,,,
classes,rfq mean_hs,per_contract,15.380194630423237,,,,121064.0,0,,,,
classes,rfq mean_as,per_contract,-0.1713742970620077,,,,121064.0,0,,,,
classes,rfq mean_fee,per_contract,0.297909831788874,,,,121064.0,0,,,,
classes,rfq mean_rebate,per_contract,0.0,,,,121064.0,0,,,,
classes,rfq mean_hedge,per_contract,3.1115219484876424,,,,121064.0,0,,,,
classes,rfq mean_ne,per_contract,11.799388553084707,8.921661326095492,15.144696349621046,0.95,121064.0,999,20260917.0,,,
classes,rfq fill_edge_sum,per_contract,5484992.668538431,,,,121064.0,0,,,,
classes,vault mean_markout,per_contract,4.219748619768521,,,,1994.0,0,,,,
classes,vault mean_hs,per_contract,4.320229183988184,,,,1994.0,0,,,,
classes,vault mean_as,per_contract,-0.1004805642196642,,,,1994.0,0,,,,
classes,vault mean_fee,per_contract,1.1297028417035524,,,,1994.0,0,,,,
classes,vault mean_rebate,per_contract,0.0218303981962971,,,,1994.0,0,,,,
classes,vault mean_hedge,per_contract,1.0243198690310191,,,,1994.0,0,,,,
classes,vault mean_ne,per_contract,2.087556307230245,1.0515188206177368,3.485908166816493,0.95,1994.0,999,20260917.0,,,
classes,vault fill_edge_sum,per_contract,179967.35040952184,,,,1994.0,0,,,,
h4,"share of cells positive, perp half spread 1 bp",p1,0.4948453608247423,,,0.9,97.0,9999,20260917.0,0.4948453608247423,results/p1/h4_sensitivity.csv,True
h4,"cells positive / negative, 1 bp",p1,48.0,,3.0,,97.0,0,,,,
h4,"rejected, 1 bp",p1,1.0,,,,97.0,0,,,,
h4,BTC 40-60 <=2d mean net edge,p1,23.954511294038355,7.244689616023027,44.82803589807593,0.9,8902.0,9999,20260917.0,23.954511294038355,results/p1/h4_cells.csv,True
h4,ETH 40-60 <=2d mean net edge,p1,0.3614924014156243,-0.4107779705994462,1.3376347234330104,0.9,23718.0,9999,20260917.0,0.3614924014156243,results/p1/h4_cells.csv,True
h4,"share of cells positive, perp half spread 1 bp",per_contract,0.7628865979381443,,,0.9,97.0,9999,20260917.0,,,
h4,"cells positive / negative, 1 bp",per_contract,74.0,,0.0,,97.0,0,,,,
h4,"rejected, 1 bp",per_contract,1.0,,,,97.0,0,,,,
h4,BTC 40-60 <=2d mean net edge,per_contract,24.19332885998207,6.429064983417091,46.36740226791829,0.9,8902.0,9999,20260917.0,,,
h4,ETH 40-60 <=2d mean net edge,per_contract,1.05325629360007,0.1992115053081409,2.098044726273645,0.9,23718.0,9999,20260917.0,,,
h4,"share of cells positive, perp half spread 0 bp",p1,0.5773195876288659,,,0.9,97.0,9999,20260917.0,0.5773195876288659,results/p1/h4_sensitivity.csv,True
h4,"cells positive / negative, 0 bp",p1,56.0,,3.0,,97.0,0,,,,
h4,"rejected, 0 bp",p1,1.0,,,,97.0,0,,,,
h4,"share of cells positive, perp half spread 0 bp",per_contract,0.7835051546391752,,,0.9,97.0,9999,20260917.0,,,
h4,"cells positive / negative, 0 bp",per_contract,76.0,,0.0,,97.0,0,,,,
h4,"rejected, 0 bp",per_contract,1.0,,,,97.0,0,,,,
h4,"share of cells positive, perp half spread 3 bp",p1,0.38144329896907214,,,0.9,97.0,9999,20260917.0,0.3814432989690721,results/p1/h4_sensitivity.csv,True
h4,"cells positive / negative, 3 bp",p1,37.0,,4.0,,97.0,0,,,,
h4,"rejected, 3 bp",p1,0.0,,,,97.0,0,,,,
h4,"share of cells positive, perp half spread 3 bp",per_contract,0.5876288659793815,,,0.9,97.0,9999,20260917.0,,,
h4,"cells positive / negative, 3 bp",per_contract,57.0,,0.0,,97.0,0,,,,
h4,"rejected, 3 bp",per_contract,1.0,,,,97.0,0,,,,
f5_bp_map,BTC 00-10 <=2d,p1|notional,1.8424671648014397,,,,10967.0,0,,,,
f5_bp_map,BTC 10-25 <=2d,p1|notional,1.959155383662798,,,,11520.0,0,,,,
f5_bp_map,BTC 25-40 <=2d,p1|notional,7.161741040711546,,,,8251.0,0,,,,
f5_bp_map,BTC 40-60 <=2d,p1|notional,8.983827552543886,,,,8902.0,0,,,,
f5_bp_map,BTC 60-75 <=2d,p1|notional,6.251031314019377,,,,2551.0,0,,,,
f5_bp_map,BTC 75-90 <=2d,p1|notional,10.20254911601114,,,,1761.0,0,,,,
f5_bp_map,BTC 90-100 <=2d,p1|notional,73.78138468065981,,,,1580.0,0,,,,
f5_bp_map,BTC 00-10 2-7d,p1|notional,1.4558476350585037,,,,7043.0,0,,,,
f5_bp_map,BTC 10-25 2-7d,p1|notional,1.928518651364595,,,,9218.0,0,,,,
f5_bp_map,BTC 25-40 2-7d,p1|notional,5.1512906516732135,,,,6588.0,0,,,,
f5_bp_map,BTC 40-60 2-7d,p1|notional,9.722543264657332,,,,8048.0,0,,,,
f5_bp_map,BTC 60-75 2-7d,p1|notional,8.397671339699071,,,,2430.0,0,,,,
f5_bp_map,BTC 75-90 2-7d,p1|notional,28.54156006457772,,,,1447.0,0,,,,
f5_bp_map,BTC 90-100 2-7d,p1|notional,68.91425265778575,,,,645.0,0,,,,
f5_bp_map,BTC 00-10 7-30d,p1|notional,1.1594397897806703,,,,6995.0,0,,,,
f5_bp_map,BTC 10-25 7-30d,p1|notional,3.346611011413736,,,,10733.0,0,,,,
f5_bp_map,BTC 25-40 7-30d,p1|notional,6.739797174205828,,,,9767.0,0,,,,
f5_bp_map,BTC 40-60 7-30d,p1|notional,13.929474935156367,,,,10999.0,0,,,,
f5_bp_map,BTC 60-75 7-30d,p1|notional,2.5621599892381175,,,,3304.0,0,,,,
f5_bp_map,BTC 75-90 7-30d,p1|notional,42.372379967655114,,,,1741.0,0,,,,
f5_bp_map,BTC 90-100 7-30d,p1|notional,23.598747373834584,,,,600.0,0,,,,
f5_bp_map,BTC 00-10 30-90d,p1|notional,2.15460077999416,,,,3225.0,0,,,,
f5_bp_map,BTC 10-25 30-90d,p1|notional,4.796718799893957,,,,5737.0,0,,,,
f5_bp_map,BTC 25-40 30-90d,p1|notional,11.567142095898191,,,,5303.0,0,,,,
f5_bp_map,BTC 40-60 30-90d,p1|notional,28.45967796936723,,,,6295.0,0,,,,
f5_bp_map,BTC 60-75 30-90d,p1|notional,36.31751389541223,,,,1631.0,0,,,,
f5_bp_map,BTC 75-90 30-90d,p1|notional,63.980414245644624,,,,621.0,0,,,,
f5_bp_map,BTC 90-100 30-90d,p1|notional,,,,,183.0,0,,,,
f5_bp_map,BTC 00-10 >90d,p1|notional,14.980932344247078,,,,876.0,0,,,,
f5_bp_map,BTC 10-25 >90d,p1|notional,20.233430632515283,,,,1529.0,0,,,,
f5_bp_map,BTC 25-40 >90d,p1|notional,67.59417349607547,,,,1607.0,0,,,,
f5_bp_map,BTC 40-60 >90d,p1|notional,78.49958810396376,,,,1795.0,0,,,,
f5_bp_map,BTC 60-75 >90d,p1|notional,46.978958541625765,,,,464.0,0,,,,
f5_bp_map,BTC 75-90 >90d,p1|notional,,,,,167.0,0,,,,
f5_bp_map,BTC 90-100 >90d,p1|notional,,,,,153.0,0,,,,
f5_bp_map,ETH 00-10 <=2d,p1|notional,0.3976880710623601,,,,27314.0,0,,,,
f5_bp_map,ETH 10-25 <=2d,p1|notional,0.3774935999765332,,,,30094.0,0,,,,
f5_bp_map,ETH 25-40 <=2d,p1|notional,0.6405963303056782,,,,22647.0,0,,,,
f5_bp_map,ETH 40-60 <=2d,p1|notional,0.9090635361957452,,,,23718.0,0,,,,
f5_bp_map,ETH 60-75 <=2d,p1|notional,1.3173823829102749,,,,6626.0,0,,,,
f5_bp_map,ETH 75-90 <=2d,p1|notional,2.8011552785131704,,,,4518.0,0,,,,
f5_bp_map,ETH 90-100 <=2d,p1|notional,4.832058423788779,,,,4077.0,0,,,,
f5_bp_map,ETH 00-10 2-7d,p1|notional,0.6613570121645261,,,,21704.0,0,,,,
f5_bp_map,ETH 10-25 2-7d,p1|notional,0.2861664525215771,,,,23054.0,0,,,,
f5_bp_map,ETH 25-40 2-7d,p1|notional,0.6182279061386897,,,,17030.0,0,,,,
f5_bp_map,ETH 40-60 2-7d,p1|notional,1.1295003574567437,,,,21434.0,0,,,,
f5_bp_map,ETH 60-75 2-7d,p1|notional,1.2740052129094153,,,,6345.0,0,,,,
f5_bp_map,ETH 75-90 2-7d,p1|notional,7.54875392742974,,,,3851.0,0,,,,
f5_bp_map,ETH 90-100 2-7d,p1|notional,11.523354275401612,,,,1790.0,0,,,,
f5_bp_map,ETH 00-10 7-30d,p1|notional,0.5145007584904508,,,,19018.0,0,,,,
f5_bp_map,ETH 10-25 7-30d,p1|notional,0.5501763769287737,,,,26979.0,0,,,,
f5_bp_map,ETH 25-40 7-30d,p1|notional,1.053606584984084,,,,24042.0,0,,,,
f5_bp_map,ETH 40-60 7-30d,p1|notional,1.721853908274921,,,,28868.0,0,,,,
f5_bp_map,ETH 60-75 7-30d,p1|notional,2.8796789309432675,,,,8490.0,0,,,,
f5_bp_map,ETH 75-90 7-30d,p1|notional,7.586593992360491,,,,4476.0,0,,,,
f5_bp_map,ETH 90-100 7-30d,p1|notional,3.876094451147941,,,,1780.0,0,,,,
f5_bp_map,ETH 00-10 30-90d,p1|notional,0.6882536059457569,,,,7613.0,0,,,,
f5_bp_map,ETH 10-25 30-90d,p1|notional,0.7042260769024086,,,,14115.0,0,,,,
f5_bp_map,ETH 25-40 30-90d,p1|notional,1.5509352907624194,,,,14262.0,0,,,,
f5_bp_map,ETH 40-60 30-90d,p1|notional,3.323583571224298,,,,15597.0,0,,,,
f5_bp_map,ETH 60-75 30-90d,p1|notional,5.801369505060125,,,,4182.0,0,,,,
f5_bp_map,ETH 75-90 30-90d,p1|notional,1.5764483429204013,,,,1989.0,0,,,,
f5_bp_map,ETH 90-100 30-90d,p1|notional,1.652226455221365,,,,698.0,0,,,,
f5_bp_map,ETH 00-10 >90d,p1|notional,0.5794211241835955,,,,2507.0,0,,,,
f5_bp_map,ETH 10-25 >90d,p1|notional,2.000649727778574,,,,3508.0,0,,,,
f5_bp_map,ETH 25-40 >90d,p1|notional,2.6982578673727584,,,,3964.0,0,,,,
f5_bp_map,ETH 40-60 >90d,p1|notional,7.826272597315445,,,,5138.0,0,,,,
f5_bp_map,ETH 60-75 >90d,p1|notional,7.489710611124023,,,,2455.0,0,,,,
f5_bp_map,ETH 75-90 >90d,p1|notional,1.9611470851687849,,,,1042.0,0,,,,
f5_bp_map,ETH 90-100 >90d,p1|notional,-21.402304491780875,,,,325.0,0,,,,
f5_bp_map,HYPE 00-10 <=2d,p1|notional,0.208002317301079,,,,649.0,0,,,,
f5_bp_map,HYPE 10-25 <=2d,p1|notional,0.1665352684291783,,,,1369.0,0,,,,
f5_bp_map,HYPE 25-40 <=2d,p1|notional,0.3353500647009343,,,,1526.0,0,,,,
f5_bp_map,HYPE 40-60 <=2d,p1|notional,0.2999263927237525,,,,1636.0,0,,,,
f5_bp_map,HYPE 60-75 <=2d,p1|notional,0.3611012827926172,,,,526.0,0,,,,
f5_bp_map,HYPE 75-90 <=2d,p1|notional,-0.0006749791247753,,,,472.0,0,,,,
f5_bp_map,HYPE 90-100 <=2d,p1|notional,0.0997591182947718,,,,277.0,0,,,,
f5_bp_map,HYPE 00-10 2-7d,p1|notional,0.0478565639182564,,,,535.0,0,,,,
f5_bp_map,HYPE 10-25 2-7d,p1|notional,0.0921528195278471,,,,1968.0,0,,,,
f5_bp_map,HYPE 25-40 2-7d,p1|notional,0.2612359957552907,,,,2146.0,0,,,,
f5_bp_map,HYPE 40-60 2-7d,p1|notional,0.175613491580836,,,,2500.0,0,,,,
f5_bp_map,HYPE 60-75 2-7d,p1|notional,0.4894827607763753,,,,827.0,0,,,,
f5_bp_map,HYPE 75-90 2-7d,p1|notional,0.5780265797869205,,,,327.0,0,,,,
f5_bp_map,HYPE 90-100 2-7d,p1|notional,,,,,171.0,0,,,,
f5_bp_map,HYPE 00-10 7-30d,p1|notional,0.0854045734816313,,,,1099.0,0,,,,
f5_bp_map,HYPE 10-25 7-30d,p1|notional,0.2637689381993841,,,,4581.0,0,,,,
f5_bp_map,HYPE 25-40 7-30d,p1|notional,0.2982885202600492,,,,5006.0,0,,,,
f5_bp_map,HYPE 40-60 7-30d,p1|notional,0.3125956194509782,,,,4229.0,0,,,,
f5_bp_map,HYPE 60-75 7-30d,p1|notional,0.2450962424008867,,,,1265.0,0,,,,
f5_bp_map,HYPE 75-90 7-30d,p1|notional,0.2702122681462927,,,,989.0,0,,,,
f5_bp_map,HYPE 90-100 7-30d,p1|notional,,,,,184.0,0,,,,
f5_bp_map,HYPE 00-10 30-90d,p1|notional,0.1308571404680157,,,,543.0,0,,,,
f5_bp_map,HYPE 10-25 30-90d,p1|notional,0.2040478416465809,,,,2516.0,0,,,,
f5_bp_map,HYPE 25-40 30-90d,p1|notional,0.2529162538020553,,,,2051.0,0,,,,
f5_bp_map,HYPE 40-60 30-90d,p1|notional,0.4892491932311003,,,,2170.0,0,,,,
f5_bp_map,HYPE 60-75 30-90d,p1|notional,0.2524624115011874,,,,372.0,0,,,,
f5_bp_map,HYPE 75-90 30-90d,p1|notional,0.0979685916379605,,,,279.0,0,,,,
f5_bp_map,HYPE 90-100 30-90d,p1|notional,,,,,50.0,0,,,,
f5_bp_map,HYPE 00-10 >90d,p1|notional,0.5353878328064229,,,,291.0,0,,,,
f5_bp_map,HYPE 10-25 >90d,p1|notional,0.3020723513451114,,,,1116.0,0,,,,
f5_bp_map,HYPE 25-40 >90d,p1|notional,0.1446469362053018,,,,1006.0,0,,,,
f5_bp_map,HYPE 40-60 >90d,p1|notional,0.2601378519055186,,,,867.0,0,,,,
f5_bp_map,HYPE 60-75 >90d,p1|notional,0.5240370957490276,,,,353.0,0,,,,
f5_bp_map,HYPE 75-90 >90d,p1|notional,,,,,89.0,0,,,,
f5_bp_map,HYPE 90-100 >90d,p1|notional,,,,,29.0,0,,,,
f5_bp_map,BTC 00-10 <=2d,p1|index,1.0758012921771651,,,,10967.0,0,,,,
f5_bp_map,BTC 10-25 <=2d,p1|index,0.920841143623113,,,,11520.0,0,,,,
f5_bp_map,BTC 25-40 <=2d,p1|index,2.3163174232551698,,,,8251.0,0,,,,
f5_bp_map,BTC 40-60 <=2d,p1|index,2.7828639389050815,,,,8902.0,0,,,,
f5_bp_map,BTC 60-75 <=2d,p1|index,1.98590985632951,,,,2551.0,0,,,,
f5_bp_map,BTC 75-90 <=2d,p1|index,3.175963463727404,,,,1761.0,0,,,,
f5_bp_map,BTC 90-100 <=2d,p1|index,15.564990127474395,,,,1580.0,0,,,,
f5_bp_map,BTC 00-10 2-7d,p1|index,0.9701366508135648,,,,7043.0,0,,,,
f5_bp_map,BTC 10-25 2-7d,p1|index,1.1789628409266384,,,,9218.0,0,,,,
f5_bp_map,BTC 25-40 2-7d,p1|index,2.0486847682810536,,,,6588.0,0,,,,
f5_bp_map,BTC 40-60 2-7d,p1|index,2.7990587870155683,,,,8048.0,0,,,,
f5_bp_map,BTC 60-75 2-7d,p1|index,4.496522283565531,,,,2430.0,0,,,,
f5_bp_map,BTC 75-90 2-7d,p1|index,8.732895908184657,,,,1447.0,0,,,,
f5_bp_map,BTC 90-100 2-7d,p1|index,14.79173732487405,,,,645.0,0,,,,
f5_bp_map,BTC 00-10 7-30d,p1|index,0.6425863493867358,,,,6995.0,0,,,,
f5_bp_map,BTC 10-25 7-30d,p1|index,1.5921324261420586,,,,10733.0,0,,,,
f5_bp_map,BTC 25-40 7-30d,p1|index,2.9306230532548194,,,,9767.0,0,,,,
f5_bp_map,BTC 40-60 7-30d,p1|index,4.282739458450579,,,,10999.0,0,,,,
f5_bp_map,BTC 60-75 7-30d,p1|index,1.284075486589379,,,,3304.0,0,,,,
f5_bp_map,BTC 75-90 7-30d,p1|index,10.955244225184387,,,,1741.0,0,,,,
f5_bp_map,BTC 90-100 7-30d,p1|index,6.617076473103439,,,,600.0,0,,,,
f5_bp_map,BTC 00-10 30-90d,p1|index,0.8358469063954395,,,,3225.0,0,,,,
f5_bp_map,BTC 10-25 30-90d,p1|index,2.372054560006625,,,,5737.0,0,,,,
f5_bp_map,BTC 25-40 30-90d,p1|index,3.7534254495914903,,,,5303.0,0,,,,
f5_bp_map,BTC 40-60 30-90d,p1|index,5.699800708588531,,,,6295.0,0,,,,
f5_bp_map,BTC 60-75 30-90d,p1|index,6.020384448571629,,,,1631.0,0,,,,
f5_bp_map,BTC 75-90 30-90d,p1|index,11.995652706060229,,,,621.0,0,,,,
f5_bp_map,BTC 90-100 30-90d,p1|index,,,,,183.0,0,,,,
f5_bp_map,BTC 00-10 >90d,p1|index,4.704850654610446,,,,876.0,0,,,,
f5_bp_map,BTC 10-25 >90d,p1|index,10.868571149286735,,,,1529.0,0,,,,
f5_bp_map,BTC 25-40 >90d,p1|index,15.353431610919408,,,,1607.0,0,,,,
f5_bp_map,BTC 40-60 >90d,p1|index,12.578908792921755,,,,1795.0,0,,,,
f5_bp_map,BTC 60-75 >90d,p1|index,8.982785507800779,,,,464.0,0,,,,
f5_bp_map,BTC 75-90 >90d,p1|index,,,,,167.0,0,,,,
f5_bp_map,BTC 90-100 >90d,p1|index,,,,,153.0,0,,,,
f5_bp_map,ETH 00-10 <=2d,p1|index,1.753292496795527,,,,27314.0,0,,,,
f5_bp_map,ETH 10-25 <=2d,p1|index,1.389173453824533,,,,30094.0,0,,,,
f5_bp_map,ETH 25-40 <=2d,p1|index,2.296876020969614,,,,22647.0,0,,,,
f5_bp_map,ETH 40-60 <=2d,p1|index,2.8735670476067865,,,,23718.0,0,,,,
f5_bp_map,ETH 60-75 <=2d,p1|index,3.972638019546398,,,,6626.0,0,,,,
f5_bp_map,ETH 75-90 <=2d,p1|index,7.69676880832336,,,,4518.0,0,,,,
f5_bp_map,ETH 90-100 <=2d,p1|index,14.770844419640047,,,,4077.0,0,,,,
f5_bp_map,ETH 00-10 2-7d,p1|index,1.7881600165566658,,,,21704.0,0,,,,
f5_bp_map,ETH 10-25 2-7d,p1|index,1.4605775219310646,,,,23054.0,0,,,,
f5_bp_map,ETH 25-40 2-7d,p1|index,2.466457905565533,,,,17030.0,0,,,,
f5_bp_map,ETH 40-60 2-7d,p1|index,3.5853223331899304,,,,21434.0,0,,,,
f5_bp_map,ETH 60-75 2-7d,p1|index,3.829348030214278,,,,6345.0,0,,,,
f5_bp_map,ETH 75-90 2-7d,p1|index,13.625028443164007,,,,3851.0,0,,,,
f5_bp_map,ETH 90-100 2-7d,p1|index,24.964632618809908,,,,1790.0,0,,,,
f5_bp_map,ETH 00-10 7-30d,p1|index,1.6375645833301138,,,,19018.0,0,,,,
f5_bp_map,ETH 10-25 7-30d,p1|index,2.2669038849524528,,,,26979.0,0,,,,
f5_bp_map,ETH 25-40 7-30d,p1|index,3.392726767640825,,,,24042.0,0,,,,
f5_bp_map,ETH 40-60 7-30d,p1|index,4.375600003584449,,,,28868.0,0,,,,
f5_bp_map,ETH 60-75 7-30d,p1|index,5.877333609453535,,,,8490.0,0,,,,
f5_bp_map,ETH 75-90 7-30d,p1|index,17.30350682463923,,,,4476.0,0,,,,
f5_bp_map,ETH 90-100 7-30d,p1|index,17.11505019822598,,,,1780.0,0,,,,
f5_bp_map,ETH 00-10 30-90d,p1|index,3.9836496033913185,,,,7613.0,0,,,,
f5_bp_map,ETH 10-25 30-90d,p1|index,4.086109839529932,,,,14115.0,0,,,,
f5_bp_map,ETH 25-40 30-90d,p1|index,5.4667260143134655,,,,14262.0,0,,,,
f5_bp_map,ETH 40-60 30-90d,p1|index,9.198968938854492,,,,15597.0,0,,,,
f5_bp_map,ETH 60-75 30-90d,p1|index,15.418169968294873,,,,4182.0,0,,,,
f5_bp_map,ETH 75-90 30-90d,p1|index,12.117469677911506,,,,1989.0,0,,,,
f5_bp_map,ETH 90-100 30-90d,p1|index,13.65164476725394,,,,698.0,0,,,,
f5_bp_map,ETH 00-10 >90d,p1|index,11.57555832264888,,,,2507.0,0,,,,
f5_bp_map,ETH 10-25 >90d,p1|index,14.609729695090891,,,,3508.0,0,,,,
f5_bp_map,ETH 25-40 >90d,p1|index,18.554489531865737,,,,3964.0,0,,,,
f5_bp_map,ETH 40-60 >90d,p1|index,23.6717825896732,,,,5138.0,0,,,,
f5_bp_map,ETH 60-75 >90d,p1|index,28.364141785978855,,,,2455.0,0,,,,
f5_bp_map,ETH 75-90 >90d,p1|index,6.304334184483722,,,,1042.0,0,,,,
f5_bp_map,ETH 90-100 >90d,p1|index,-80.80949014176286,,,,325.0,0,,,,
f5_bp_map,HYPE 00-10 <=2d,p1|index,13.103162279074052,,,,649.0,0,,,,
f5_bp_map,HYPE 10-25 <=2d,p1|index,17.017587018716327,,,,1369.0,0,,,,
f5_bp_map,HYPE 25-40 <=2d,p1|index,26.81380360257201,,,,1526.0,0,,,,
f5_bp_map,HYPE 40-60 <=2d,p1|index,28.997805021000076,,,,1636.0,0,,,,
f5_bp_map,HYPE 60-75 <=2d,p1|index,27.830859264968467,,,,526.0,0,,,,
f5_bp_map,HYPE 75-90 <=2d,p1|index,-0.6021314251384704,,,,472.0,0,,,,
f5_bp_map,HYPE 90-100 <=2d,p1|index,19.951823658954368,,,,277.0,0,,,,
f5_bp_map,HYPE 00-10 2-7d,p1|index,7.971798809033262,,,,535.0,0,,,,
f5_bp_map,HYPE 10-25 2-7d,p1|index,18.892844627079175,,,,1968.0,0,,,,
f5_bp_map,HYPE 25-40 2-7d,p1|index,31.019840243932524,,,,2146.0,0,,,,
f5_bp_map,HYPE 40-60 2-7d,p1|index,25.912943953929584,,,,2500.0,0,,,,
f5_bp_map,HYPE 60-75 2-7d,p1|index,43.07067787033896,,,,827.0,0,,,,
f5_bp_map,HYPE 75-90 2-7d,p1|index,43.14848548173904,,,,327.0,0,,,,
f5_bp_map,HYPE 90-100 2-7d,p1|index,,,,,171.0,0,,,,
f5_bp_map,HYPE 00-10 7-30d,p1|index,11.944956540508414,,,,1099.0,0,,,,
f5_bp_map,HYPE 10-25 7-30d,p1|index,33.66297146641477,,,,4581.0,0,,,,
f5_bp_map,HYPE 25-40 7-30d,p1|index,36.87617687584178,,,,5006.0,0,,,,
f5_bp_map,HYPE 40-60 7-30d,p1|index,41.09376236867859,,,,4229.0,0,,,,
f5_bp_map,HYPE 60-75 7-30d,p1|index,54.515321240523626,,,,1265.0,0,,,,
f5_bp_map,HYPE 75-90 7-30d,p1|index,85.51284224710733,,,,989.0,0,,,,
f5_bp_map,HYPE 90-100 7-30d,p1|index,,,,,184.0,0,,,,
f5_bp_map,HYPE 00-10 30-90d,p1|index,21.65767721040445,,,,543.0,0,,,,
f5_bp_map,HYPE 10-25 30-90d,p1|index,27.91250933997786,,,,2516.0,0,,,,
f5_bp_map,HYPE 25-40 30-90d,p1|index,39.72288936286816,,,,2051.0,0,,,,
f5_bp_map,HYPE 40-60 30-90d,p1|index,47.74543018456973,,,,2170.0,0,,,,
f5_bp_map,HYPE 60-75 30-90d,p1|index,25.667784301518328,,,,372.0,0,,,,
f5_bp_map,HYPE 75-90 30-90d,p1|index,36.31504956371542,,,,279.0,0,,,,
f5_bp_map,HYPE 90-100 30-90d,p1|index,,,,,50.0,0,,,,
f5_bp_map,HYPE 00-10 >90d,p1|index,27.975707262508553,,,,291.0,0,,,,
f5_bp_map,HYPE 10-25 >90d,p1|index,36.92078105485773,,,,1116.0,0,,,,
f5_bp_map,HYPE 25-40 >90d,p1|index,33.69933983514583,,,,1006.0,0,,,,
f5_bp_map,HYPE 40-60 >90d,p1|index,43.07052103212987,,,,867.0,0,,,,
f5_bp_map,HYPE 60-75 >90d,p1|index,50.759623515288595,,,,353.0,0,,,,
f5_bp_map,HYPE 75-90 >90d,p1|index,,,,,89.0,0,,,,
f5_bp_map,HYPE 90-100 >90d,p1|index,,,,,29.0,0,,,,
f5_bp_map,BTC 00-10 <=2d,per_contract|notional,2.0376054504136785,,,,10967.0,0,,,,
f5_bp_map,BTC 10-25 <=2d,per_contract|notional,2.3137889858343677,,,,11520.0,0,,,,
f5_bp_map,BTC 25-40 <=2d,per_contract|notional,7.327645357467007,,,,8251.0,0,,,,
f5_bp_map,BTC 40-60 <=2d,per_contract|notional,8.818214905619168,,,,8902.0,0,,,,
f5_bp_map,BTC 60-75 <=2d,per_contract|notional,5.9277920070025125,,,,2551.0,0,,,,
f5_bp_map,BTC 75-90 <=2d,per_contract|notional,7.710093238313507,,,,1761.0,0,,,,
f5_bp_map,BTC 90-100 <=2d,per_contract|notional,72.28509535774113,,,,1580.0,0,,,,
f5_bp_map,BTC 00-10 2-7d,per_contract|notional,1.5264853463453396,,,,7043.0,0,,,,
f5_bp_map,BTC 10-25 2-7d,per_contract|notional,1.965536564447492,,,,9218.0,0,,,,
f5_bp_map,BTC 25-40 2-7d,per_contract|notional,5.2559680659477905,,,,6588.0,0,,,,
f5_bp_map,BTC 40-60 2-7d,per_contract|notional,9.572755008137936,,,,8048.0,0,,,,
f5_bp_map,BTC 60-75 2-7d,per_contract|notional,8.291345880407327,,,,2430.0,0,,,,
f5_bp_map,BTC 75-90 2-7d,per_contract|notional,27.711219250109988,,,,1447.0,0,,,,
f5_bp_map,BTC 90-100 2-7d,per_contract|notional,68.91425265778575,,,,645.0,0,,,,
f5_bp_map,BTC 00-10 7-30d,per_contract|notional,1.6132662077764297,,,,6995.0,0,,,,
f5_bp_map,BTC 10-25 7-30d,per_contract|notional,3.412342831080948,,,,10733.0,0,,,,
f5_bp_map,BTC 25-40 7-30d,per_contract|notional,6.576379685367686,,,,9767.0,0,,,,
f5_bp_map,BTC 40-60 7-30d,per_contract|notional,13.196977382550829,,,,10999.0,0,,,,
f5_bp_map,BTC 60-75 7-30d,per_contract|notional,1.89011807287362,,,,3304.0,0,,,,
f5_bp_map,BTC 75-90 7-30d,per_contract|notional,38.661711813622546,,,,1741.0,0,,,,
f5_bp_map,BTC 90-100 7-30d,per_contract|notional,23.409471176022368,,,,600.0,0,,,,
f5_bp_map,BTC 00-10 30-90d,per_contract|notional,1.8816622218719792,,,,3225.0,0,,,,
f5_bp_map,BTC 10-25 30-90d,per_contract|notional,5.108672954133349,,,,5737.0,0,,,,
f5_bp_map,BTC 25-40 30-90d,per_contract|notional,11.260710404774144,,,,5303.0,0,,,,
f5_bp_map,BTC 40-60 30-90d,per_contract|notional,28.401169069102995,,,,6295.0,0,,,,
f5_bp_map,BTC 60-75 30-90d,per_contract|notional,32.59398658680525,,,,1631.0,0,,,,
f5_bp_map,BTC 75-90 30-90d,per_contract|notional,53.39863186970601,,,,621.0,0,,,,
f5_bp_map,BTC 90-100 30-90d,per_contract|notional,,,,,183.0,0,,,,
f5_bp_map,BTC 00-10 >90d,per_contract|notional,16.139781988301024,,,,876.0,0,,,,
f5_bp_map,BTC 10-25 >90d,per_contract|notional,20.094311930700876,,,,1529.0,0,,,,
f5_bp_map,BTC 25-40 >90d,per_contract|notional,68.24914954818722,,,,1607.0,0,,,,
f5_bp_map,BTC 40-60 >90d,per_contract|notional,78.35329776601378,,,,1795.0,0,,,,
f5_bp_map,BTC 60-75 >90d,per_contract|notional,45.299920974849755,,,,464.0,0,,,,
f5_bp_map,BTC 75-90 >90d,per_contract|notional,,,,,167.0,0,,,,
f5_bp_map,BTC 90-100 >90d,per_contract|notional,,,,,153.0,0,,,,
f5_bp_map,ETH 00-10 <=2d,per_contract|notional,0.2344741901622922,,,,27314.0,0,,,,
f5_bp_map,ETH 10-25 <=2d,per_contract|notional,0.3111397991188867,,,,30094.0,0,,,,
f5_bp_map,ETH 25-40 <=2d,per_contract|notional,0.720367380988008,,,,22647.0,0,,,,
f5_bp_map,ETH 40-60 <=2d,per_contract|notional,1.1227835857882649,,,,23718.0,0,,,,
f5_bp_map,ETH 60-75 <=2d,per_contract|notional,1.5014157556534056,,,,6626.0,0,,,,
f5_bp_map,ETH 75-90 <=2d,per_contract|notional,2.949492231423549,,,,4518.0,0,,,,
f5_bp_map,ETH 90-100 <=2d,per_contract|notional,5.111742043132833,,,,4077.0,0,,,,
f5_bp_map,ETH 00-10 2-7d,per_contract|notional,0.3920948097654722,,,,21704.0,0,,,,
f5_bp_map,ETH 10-25 2-7d,per_contract|notional,0.220656946820844,,,,23054.0,0,,,,
f5_bp_map,ETH 25-40 2-7d,per_contract|notional,0.5733058990666742,,,,17030.0,0,,,,
f5_bp_map,ETH 40-60 2-7d,per_contract|notional,1.0729181018302414,,,,21434.0,0,,,,
f5_bp_map,ETH 60-75 2-7d,per_contract|notional,1.364314357584944,,,,6345.0,0,,,,
f5_bp_map,ETH 75-90 2-7d,per_contract|notional,8.062413852350858,,,,3851.0,0,,,,
f5_bp_map,ETH 90-100 2-7d,per_contract|notional,11.64064328200234,,,,1790.0,0,,,,
f5_bp_map,ETH 00-10 7-30d,per_contract|notional,0.3269784899191212,,,,19018.0,0,,,,
f5_bp_map,ETH 10-25 7-30d,per_contract|notional,0.3866295189862808,,,,26979.0,0,,,,
f5_bp_map,ETH 25-40 7-30d,per_contract|notional,1.0008689639740265,,,,24042.0,0,,,,
f5_bp_map,ETH 40-60 7-30d,per_contract|notional,1.8874250636237777,,,,28868.0,0,,,,
f5_bp_map,ETH 60-75 7-30d,per_contract|notional,3.106770783689466,,,,8490.0,0,,,,
f5_bp_map,ETH 75-90 7-30d,per_contract|notional,7.386639387304237,,,,4476.0,0,,,,
f5_bp_map,ETH 90-100 7-30d,per_contract|notional,4.035441076587607,,,,1780.0,0,,,,
f5_bp_map,ETH 00-10 30-90d,per_contract|notional,0.5452466038594387,,,,7613.0,0,,,,
f5_bp_map,ETH 10-25 30-90d,per_contract|notional,0.6215481443178379,,,,14115.0,0,,,,
f5_bp_map,ETH 25-40 30-90d,per_contract|notional,1.6047831624029598,,,,14262.0,0,,,,
f5_bp_map,ETH 40-60 30-90d,per_contract|notional,3.5481535261476727,,,,15597.0,0,,,,
f5_bp_map,ETH 60-75 30-90d,per_contract|notional,5.866688023763657,,,,4182.0,0,,,,
f5_bp_map,ETH 75-90 30-90d,per_contract|notional,1.6106676143426846,,,,1989.0,0,,,,
f5_bp_map,ETH 90-100 30-90d,per_contract|notional,1.4548224576825266,,,,698.0,0,,,,
f5_bp_map,ETH 00-10 >90d,per_contract|notional,0.4951512446278016,,,,2507.0,0,,,,
f5_bp_map,ETH 10-25 >90d,per_contract|notional,1.882827426967459,,,,3508.0,0,,,,
f5_bp_map,ETH 25-40 >90d,per_contract|notional,2.803401678620768,,,,3964.0,0,,,,
f5_bp_map,ETH 40-60 >90d,per_contract|notional,8.003710025070468,,,,5138.0,0,,,,
f5_bp_map,ETH 60-75 >90d,per_contract|notional,7.538896782060013,,,,2455.0,0,,,,
f5_bp_map,ETH 75-90 >90d,per_contract|notional,1.6297829978522032,,,,1042.0,0,,,,
f5_bp_map,ETH 90-100 >90d,per_contract|notional,-19.4496293954348,,,,325.0,0,,,,
f5_bp_map,HYPE 00-10 <=2d,per_contract|notional,0.0100926950115088,,,,649.0,0,,,,
f5_bp_map,HYPE 10-25 <=2d,per_contract|notional,0.0049361460715093,,,,1369.0,0,,,,
f5_bp_map,HYPE 25-40 <=2d,per_contract|notional,0.0227703847871516,,,,1526.0,0,,,,
f5_bp_map,HYPE 40-60 <=2d,per_contract|notional,0.0196265127772611,,,,1636.0,0,,,,
f5_bp_map,HYPE 60-75 <=2d,per_contract|notional,0.0287324807205954,,,,526.0,0,,,,
f5_bp_map,HYPE 75-90 <=2d,per_contract|notional,-0.0131455379059159,,,,472.0,0,,,,
f5_bp_map,HYPE 90-100 <=2d,per_contract|notional,0.0318892522648955,,,,277.0,0,,,,
f5_bp_map,HYPE 00-10 2-7d,per_contract|notional,0.0146785114642444,,,,535.0,0,,,,
f5_bp_map,HYPE 10-25 2-7d,per_contract|notional,0.0285656241551574,,,,1968.0,0,,,,
f5_bp_map,HYPE 25-40 2-7d,per_contract|notional,0.048423810918934,,,,2146.0,0,,,,
f5_bp_map,HYPE 40-60 2-7d,per_contract|notional,0.0401264585340579,,,,2500.0,0,,,,
f5_bp_map,HYPE 60-75 2-7d,per_contract|notional,0.0988016180194484,,,,827.0,0,,,,
f5_bp_map,HYPE 75-90 2-7d,per_contract|notional,0.1598051352208382,,,,327.0,0,,,,
f5_bp_map,HYPE 90-100 2-7d,per_contract|notional,,,,,171.0,0,,,,
f5_bp_map,HYPE 00-10 7-30d,per_contract|notional,0.0223733154540427,,,,1099.0,0,,,,
f5_bp_map,HYPE 10-25 7-30d,per_contract|notional,0.0496817627470842,,,,4581.0,0,,,,
f5_bp_map,HYPE 25-40 7-30d,per_contract|notional,0.0851625928197837,,,,5006.0,0,,,,
f5_bp_map,HYPE 40-60 7-30d,per_contract|notional,0.0682276956898662,,,,4229.0,0,,,,
f5_bp_map,HYPE 60-75 7-30d,per_contract|notional,0.1061223745086646,,,,1265.0,0,,,,
f5_bp_map,HYPE 75-90 7-30d,per_contract|notional,0.200328681118663,,,,989.0,0,,,,
f5_bp_map,HYPE 90-100 7-30d,per_contract|notional,,,,,184.0,0,,,,
f5_bp_map,HYPE 00-10 30-90d,per_contract|notional,0.0050171675838304,,,,543.0,0,,,,
f5_bp_map,HYPE 10-25 30-90d,per_contract|notional,0.0569724032229181,,,,2516.0,0,,,,
f5_bp_map,HYPE 25-40 30-90d,per_contract|notional,0.0696608107211233,,,,2051.0,0,,,,
f5_bp_map,HYPE 40-60 30-90d,per_contract|notional,0.1260935625468113,,,,2170.0,0,,,,
f5_bp_map,HYPE 60-75 30-90d,per_contract|notional,0.043445106516962,,,,372.0,0,,,,
f5_bp_map,HYPE 75-90 30-90d,per_contract|notional,0.0846286798784492,,,,279.0,0,,,,
f5_bp_map,HYPE 90-100 30-90d,per_contract|notional,,,,,50.0,0,,,,
f5_bp_map,HYPE 00-10 >90d,per_contract|notional,0.3581419540777461,,,,291.0,0,,,,
f5_bp_map,HYPE 10-25 >90d,per_contract|notional,0.0839191223081476,,,,1116.0,0,,,,
f5_bp_map,HYPE 25-40 >90d,per_contract|notional,0.062683958675707,,,,1006.0,0,,,,
f5_bp_map,HYPE 40-60 >90d,per_contract|notional,0.10366296748612,,,,867.0,0,,,,
f5_bp_map,HYPE 60-75 >90d,per_contract|notional,0.3096157077901507,,,,353.0,0,,,,
f5_bp_map,HYPE 75-90 >90d,per_contract|notional,,,,,89.0,0,,,,
f5_bp_map,HYPE 90-100 >90d,per_contract|notional,,,,,29.0,0,,,,
f5_bp_map,BTC 00-10 <=2d,per_contract|index,1.1569323613375682,,,,10967.0,0,,,,
f5_bp_map,BTC 10-25 <=2d,per_contract|index,1.1212429656076377,,,,11520.0,0,,,,
f5_bp_map,BTC 25-40 <=2d,per_contract|index,2.321319574777452,,,,8251.0,0,,,,
f5_bp_map,BTC 40-60 <=2d,per_contract|index,2.807831427928649,,,,8902.0,0,,,,
f5_bp_map,BTC 60-75 <=2d,per_contract|index,2.039355862995519,,,,2551.0,0,,,,
f5_bp_map,BTC 75-90 <=2d,per_contract|index,2.6173963428150135,,,,1761.0,0,,,,
f5_bp_map,BTC 90-100 <=2d,per_contract|index,15.451879352756656,,,,1580.0,0,,,,
f5_bp_map,BTC 00-10 2-7d,per_contract|index,1.0485555214969058,,,,7043.0,0,,,,
f5_bp_map,BTC 10-25 2-7d,per_contract|index,1.2610835075083942,,,,9218.0,0,,,,
f5_bp_map,BTC 25-40 2-7d,per_contract|index,2.048651060289971,,,,6588.0,0,,,,
f5_bp_map,BTC 40-60 2-7d,per_contract|index,2.753666515829626,,,,8048.0,0,,,,
f5_bp_map,BTC 60-75 2-7d,per_contract|index,4.450525406279705,,,,2430.0,0,,,,
f5_bp_map,BTC 75-90 2-7d,per_contract|index,8.902257538296563,,,,1447.0,0,,,,
f5_bp_map,BTC 90-100 2-7d,per_contract|index,14.645388689918889,,,,645.0,0,,,,
f5_bp_map,BTC 00-10 7-30d,per_contract|index,0.9137221235638736,,,,6995.0,0,,,,
f5_bp_map,BTC 10-25 7-30d,per_contract|index,1.6305555247215628,,,,10733.0,0,,,,
f5_bp_map,BTC 25-40 7-30d,per_contract|index,2.947753540215325,,,,9767.0,0,,,,
f5_bp_map,BTC 40-60 7-30d,per_contract|index,4.1515434916531575,,,,10999.0,0,,,,
f5_bp_map,BTC 60-75 7-30d,per_contract|index,1.151652125934963,,,,3304.0,0,,,,
f5_bp_map,BTC 75-90 7-30d,per_contract|index,10.955244225184387,,,,1741.0,0,,,,
f5_bp_map,BTC 90-100 7-30d,per_contract|index,6.5069815669880695,,,,600.0,0,,,,
f5_bp_map,BTC 00-10 30-90d,per_contract|index,1.3623841546459872,,,,3225.0,0,,,,
f5_bp_map,BTC 10-25 30-90d,per_contract|index,2.4531731124380833,,,,5737.0,0,,,,
f5_bp_map,BTC 25-40 30-90d,per_contract|index,3.6836870724695023,,,,5303.0,0,,,,
f5_bp_map,BTC 40-60 30-90d,per_contract|index,5.750569819292407,,,,6295.0,0,,,,
f5_bp_map,BTC 60-75 30-90d,per_contract|index,5.880147192147071,,,,1631.0,0,,,,
f5_bp_map,BTC 75-90 30-90d,per_contract|index,11.826878907654688,,,,621.0,0,,,,
f5_bp_map,BTC 90-100 30-90d,per_contract|index,,,,,183.0,0,,,,
f5_bp_map,BTC 00-10 >90d,per_contract|index,4.937238676264501,,,,876.0,0,,,,
f5_bp_map,BTC 10-25 >90d,per_contract|index,10.868571149286735,,,,1529.0,0,,,,
f5_bp_map,BTC 25-40 >90d,per_contract|index,15.625190481926564,,,,1607.0,0,,,,
f5_bp_map,BTC 40-60 >90d,per_contract|index,12.679619028619715,,,,1795.0,0,,,,
f5_bp_map,BTC 60-75 >90d,per_contract|index,8.736087976835087,,,,464.0,0,,,,
f5_bp_map,BTC 75-90 >90d,per_contract|index,,,,,167.0,0,,,,
f5_bp_map,BTC 90-100 >90d,per_contract|index,,,,,153.0,0,,,,
f5_bp_map,ETH 00-10 <=2d,per_contract|index,1.596189552145835,,,,27314.0,0,,,,
f5_bp_map,ETH 10-25 <=2d,per_contract|index,1.9455401950011049,,,,30094.0,0,,,,
f5_bp_map,ETH 25-40 <=2d,per_contract|index,3.1766094233786144,,,,22647.0,0,,,,
f5_bp_map,ETH 40-60 <=2d,per_contract|index,3.78445708612949,,,,23718.0,0,,,,
f5_bp_map,ETH 60-75 <=2d,per_contract|index,4.585915706056468,,,,6626.0,0,,,,
f5_bp_map,ETH 75-90 <=2d,per_contract|index,8.353001701758522,,,,4518.0,0,,,,
f5_bp_map,ETH 90-100 <=2d,per_contract|index,15.477805582717982,,,,4077.0,0,,,,
f5_bp_map,ETH 00-10 2-7d,per_contract|index,1.5958596960185218,,,,21704.0,0,,,,
f5_bp_map,ETH 10-25 2-7d,per_contract|index,1.9173013829493333,,,,23054.0,0,,,,
f5_bp_map,ETH 25-40 2-7d,per_contract|index,2.792601850850583,,,,17030.0,0,,,,
f5_bp_map,ETH 40-60 2-7d,per_contract|index,3.4546001659129786,,,,21434.0,0,,,,
f5_bp_map,ETH 60-75 2-7d,per_contract|index,4.654977511031744,,,,6345.0,0,,,,
f5_bp_map,ETH 75-90 2-7d,per_contract|index,14.351689521708204,,,,3851.0,0,,,,
f5_bp_map,ETH 90-100 2-7d,per_contract|index,24.824477073411806,,,,1790.0,0,,,,
f5_bp_map,ETH 00-10 7-30d,per_contract|index,1.5228231178498424,,,,19018.0,0,,,,
f5_bp_map,ETH 10-25 7-30d,per_contract|index,2.353712267688086,,,,26979.0,0,,,,
f5_bp_map,ETH 25-40 7-30d,per_contract|index,3.65925497513963,,,,24042.0,0,,,,
f5_bp_map,ETH 40-60 7-30d,per_contract|index,4.616338184783835,,,,28868.0,0,,,,
f5_bp_map,ETH 60-75 7-30d,per_contract|index,6.504726277038342,,,,8490.0,0,,,,
f5_bp_map,ETH 75-90 7-30d,per_contract|index,18.76849041842412,,,,4476.0,0,,,,
f5_bp_map,ETH 90-100 7-30d,per_contract|index,17.361400790178365,,,,1780.0,0,,,,
f5_bp_map,ETH 00-10 30-90d,per_contract|index,3.948825661280292,,,,7613.0,0,,,,
f5_bp_map,ETH 10-25 30-90d,per_contract|index,4.258961232629844,,,,14115.0,0,,,,
f5_bp_map,ETH 25-40 30-90d,per_contract|index,5.748198753361389,,,,14262.0,0,,,,
f5_bp_map,ETH 40-60 30-90d,per_contract|index,9.752382275230817,,,,15597.0,0,,,,
f5_bp_map,ETH 60-75 30-90d,per_contract|index,16.770322974456537,,,,4182.0,0,,,,
f5_bp_map,ETH 75-90 30-90d,per_contract|index,13.23479143049037,,,,1989.0,0,,,,
f5_bp_map,ETH 90-100 30-90d,per_contract|index,11.106224793047854,,,,698.0,0,,,,
f5_bp_map,ETH 00-10 >90d,per_contract|index,10.249251385884326,,,,2507.0,0,,,,
f5_bp_map,ETH 10-25 >90d,per_contract|index,12.936644505918627,,,,3508.0,0,,,,
f5_bp_map,ETH 25-40 >90d,per_contract|index,17.032838162461303,,,,3964.0,0,,,,
f5_bp_map,ETH 40-60 >90d,per_contract|index,22.01279396265416,,,,5138.0,0,,,,
f5_bp_map,ETH 60-75 >90d,per_contract|index,28.81906507074567,,,,2455.0,0,,,,
f5_bp_map,ETH 75-90 >90d,per_contract|index,6.304334184483722,,,,1042.0,0,,,,
f5_bp_map,ETH 90-100 >90d,per_contract|index,-82.80949014176288,,,,325.0,0,,,,
f5_bp_map,HYPE 00-10 <=2d,per_contract|index,4.131868224057112,,,,649.0,0,,,,
f5_bp_map,HYPE 10-25 <=2d,per_contract|index,2.353231833793773,,,,1369.0,0,,,,
f5_bp_map,HYPE 25-40 <=2d,per_contract|index,7.293038783569748,,,,1526.0,0,,,,
f5_bp_map,HYPE 40-60 <=2d,per_contract|index,4.962477612084701,,,,1636.0,0,,,,
f5_bp_map,HYPE 60-75 <=2d,per_contract|index,5.1659435972784165,,,,526.0,0,,,,
f5_bp_map,HYPE 75-90 <=2d,per_contract|index,-6.215834599164047,,,,472.0,0,,,,
f5_bp_map,HYPE 90-100 <=2d,per_contract|index,11.780748416378197,,,,277.0,0,,,,
f5_bp_map,HYPE 00-10 2-7d,per_contract|index,3.954460208780915,,,,535.0,0,,,,
f5_bp_map,HYPE 10-25 2-7d,per_contract|index,8.856903016142946,,,,1968.0,0,,,,
f5_bp_map,HYPE 25-40 2-7d,per_contract|index,16.748905329510592,,,,2146.0,0,,,,
f5_bp_map,HYPE 40-60 2-7d,per_contract|index,13.832818264679108,,,,2500.0,0,,,,
f5_bp_map,HYPE 60-75 2-7d,per_contract|index,14.545721180356924,,,,827.0,0,,,,
f5_bp_map,HYPE 75-90 2-7d,per_contract|index,24.727372450547808,,,,327.0,0,,,,
f5_bp_map,HYPE 90-100 2-7d,per_contract|index,,,,,171.0,0,,,,
f5_bp_map,HYPE 00-10 7-30d,per_contract|index,3.4973096579561935,,,,1099.0,0,,,,
f5_bp_map,HYPE 10-25 7-30d,per_contract|index,14.561878765393129,,,,4581.0,0,,,,
f5_bp_map,HYPE 25-40 7-30d,per_contract|index,23.80415215132736,,,,5006.0,0,,,,
f5_bp_map,HYPE 40-60 7-30d,per_contract|index,20.91498627975069,,,,4229.0,0,,,,
f5_bp_map,HYPE 60-75 7-30d,per_contract|index,34.325053564240754,,,,1265.0,0,,,,
f5_bp_map,HYPE 75-90 7-30d,per_contract|index,68.82905815581199,,,,989.0,0,,,,
f5_bp_map,HYPE 90-100 7-30d,per_contract|index,,,,,184.0,0,,,,
f5_bp_map,HYPE 00-10 30-90d,per_contract|index,3.4109661324780194,,,,543.0,0,,,,
f5_bp_map,HYPE 10-25 30-90d,per_contract|index,15.680571462885103,,,,2516.0,0,,,,
f5_bp_map,HYPE 25-40 30-90d,per_contract|index,19.416202821479413,,,,2051.0,0,,,,
f5_bp_map,HYPE 40-60 30-90d,per_contract|index,27.16120287974609,,,,2170.0,0,,,,
f5_bp_map,HYPE 60-75 30-90d,per_contract|index,6.544096412524579,,,,372.0,0,,,,
f5_bp_map,HYPE 75-90 30-90d,per_contract|index,33.35836279662672,,,,279.0,0,,,,
f5_bp_map,HYPE 90-100 30-90d,per_contract|index,,,,,50.0,0,,,,
f5_bp_map,HYPE 00-10 >90d,per_contract|index,22.851893385911588,,,,291.0,0,,,,
f5_bp_map,HYPE 10-25 >90d,per_contract|index,21.618039354391684,,,,1116.0,0,,,,
f5_bp_map,HYPE 25-40 >90d,per_contract|index,18.40238611345385,,,,1006.0,0,,,,
f5_bp_map,HYPE 40-60 >90d,per_contract|index,27.3406712617745,,,,867.0,0,,,,
f5_bp_map,HYPE 60-75 >90d,per_contract|index,43.381876592917585,,,,353.0,0,,,,
f5_bp_map,HYPE 75-90 >90d,per_contract|index,,,,,89.0,0,,,,
f5_bp_map,HYPE 90-100 >90d,per_contract|index,,,,,29.0,0,,,,
f5_bp_check,BTC 40-60 <=2d (text: about 9 bp),p1|notional,8.983827552543886,,,,,0,,9.0,paper/main.tex sec. maker,True
f5_bp_check,BTC 40-60 30-90d (text: about 29 bp),p1|notional,28.45967796936723,,,,,0,,29.0,paper/main.tex sec. maker,True
f5_bp_range,BTC min,p1|index,0.6425863493867358,,,,32.0,0,,,,
f5_bp_range,BTC max,p1|index,15.564990127474395,,,,32.0,0,,,,
f5_bp_range,ETH min,p1|index,-80.80949014176286,,,,35.0,0,,,,
f5_bp_range,ETH max,p1|index,28.364141785978855,,,,35.0,0,,,,
f5_bp_range,HYPE min,p1|index,-0.6021314251384704,,,,30.0,0,,,,
f5_bp_range,HYPE max,p1|index,85.51284224710733,,,,30.0,0,,,,
f5_bp_range,BTC min,p1|notional,1.1594397897806703,,,,32.0,0,,,,
f5_bp_range,BTC max,p1|notional,78.49958810396376,,,,32.0,0,,,,
f5_bp_range,ETH min,p1|notional,-21.402304491780875,,,,35.0,0,,,,
f5_bp_range,ETH max,p1|notional,11.523354275401612,,,,35.0,0,,,,
f5_bp_range,HYPE min,p1|notional,-0.0006749791247753,,,,30.0,0,,,,
f5_bp_range,HYPE max,p1|notional,0.5780265797869205,,,,30.0,0,,,,
f5_bp_range,BTC min,per_contract|index,0.9137221235638736,,,,32.0,0,,,,
f5_bp_range,BTC max,per_contract|index,15.625190481926564,,,,32.0,0,,,,
f5_bp_range,ETH min,per_contract|index,-82.80949014176288,,,,35.0,0,,,,
f5_bp_range,ETH max,per_contract|index,28.81906507074567,,,,35.0,0,,,,
f5_bp_range,HYPE min,per_contract|index,-6.215834599164047,,,,30.0,0,,,,
f5_bp_range,HYPE max,per_contract|index,68.82905815581199,,,,30.0,0,,,,
f5_bp_range,BTC min,per_contract|notional,1.5264853463453396,,,,32.0,0,,,,
f5_bp_range,BTC max,per_contract|notional,78.35329776601378,,,,32.0,0,,,,
f5_bp_range,ETH min,per_contract|notional,-19.4496293954348,,,,35.0,0,,,,
f5_bp_range,ETH max,per_contract|notional,11.64064328200234,,,,35.0,0,,,,
f5_bp_range,HYPE min,per_contract|notional,-0.0131455379059159,,,,30.0,0,,,,
f5_bp_range,HYPE max,per_contract|notional,0.3581419540777461,,,,30.0,0,,,,
f1_premium_share,markout q25,premium_per_fill,-1.6073330653520386,,,,603940.0,0,,-1.6,paper/main.tex sec. results (1 decimal),True
f1_premium_share,markout q50,premium_per_fill,1.0764316718092948,,,,603940.0,0,,1.1,paper/main.tex sec. results (1 decimal),True
f1_premium_share,markout q75,premium_per_fill,21.116907569608763,,,,603940.0,0,,21.1,paper/main.tex sec. results (1 decimal),True
f1_premium_share,net_edge_p1 q25,premium_per_fill,-4.485356535211892,,,,603940.0,0,,,,
f1_premium_share,net_edge_p1 q50,premium_per_fill,0.6399165947375361,,,,603940.0,0,,,,
f1_premium_share,net_edge_p1 q75,premium_per_fill,17.78668579471224,,,,603940.0,0,,,,
f1_premium_share,net_edge_per_contract q25,premium_per_fill,-2.799451759866314,,,,603940.0,0,,,,
f1_premium_share,net_edge_per_contract q50,premium_per_fill,0.6086129465608809,,,,603940.0,0,,,,
f1_premium_share,net_edge_per_contract q75,premium_per_fill,17.281883563677628,,,,603940.0,0,,,,
f1_premium_share,markout q25,premium_per_contract,-3.267686286622567,,,,603940.0,0,,,,
f1_premium_share,markout q50,premium_per_contract,3.4292045638524447,,,,603940.0,0,,,,
f1_premium_share,markout q75,premium_per_contract,13.452405441724306,,,,603940.0,0,,,,
f1_premium_share,net_edge_p1 q25,premium_per_contract,-5.532335474984248,,,,603940.0,0,,,,
f1_premium_share,net_edge_p1 q50,premium_per_contract,2.4329540619654564,,,,603940.0,0,,,,
f1_premium_share,net_edge_p1 q75,premium_per_contract,12.932317916530572,,,,603940.0,0,,,,
f1_premium_share,net_edge_per_contract q25,premium_per_contract,-4.454753020636945,,,,603940.0,0,,,,
f1_premium_share,net_edge_per_contract q50,premium_per_contract,2.5416784507515757,,,,603940.0,0,,,,
f1_premium_share,net_edge_per_contract q75,premium_per_contract,11.90460303772232,,,,603940.0,0,,,,
f5_bp_summary,BTC median over cells,p1|index,3.464694456659447,,,,32.0,0,,,,
f5_bp_summary,ETH median over cells,p1|index,5.4667260143134655,,,,35.0,0,,,,
f5_bp_summary,HYPE median over cells,p1|index,30.0088226324663,,,,30.0,0,,,,
f5_bp_summary,BTC median over cells,p1|notional,9.962546190334237,,,,32.0,0,,,,
f5_bp_summary,ETH median over cells,p1|notional,1.5509352907624194,,,,35.0,0,,,,
f5_bp_summary,HYPE median over cells,p1|notional,0.25652705285378696,,,,30.0,0,,,,
f5_bp_summary,BTC median over cells,per_contract|index,3.3157203063424134,,,,32.0,0,,,,
f5_bp_summary,ETH median over cells,per_contract|index,5.748198753361389,,,,35.0,0,,,,
f5_bp_summary,HYPE median over cells,per_contract|index,15.121225114139115,,,,30.0,0,,,,
f5_bp_summary,BTC median over cells,per_contract|notional,9.195484956878552,,,,32.0,0,,,,
f5_bp_summary,ETH median over cells,per_contract|notional,1.5014157556534056,,,,35.0,0,,,,
f5_bp_summary,HYPE median over cells,per_contract|notional,0.05332708298500115,,,,30.0,0,,,,
class_clusters,dominant_maker clusters,all,17.0,,,,56274.0,0,,,,
class_clusters,dominant_maker top1 share of fills,all,0.8188683939297011,,,,56274.0,0,,,,
class_clusters,dominant_maker top2 share of fills,all,0.89586665245051,,,,56274.0,0,,,,
class_clusters,large clusters,all,104.0,,,,52200.0,0,,,,
class_clusters,large top1 share of fills,all,0.1252107279693486,,,,52200.0,0,,,,
class_clusters,large top2 share of fills,all,0.2304789272030651,,,,52200.0,0,,,,
class_clusters,mm_programme clusters,all,33.0,,,,42976.0,0,,,,
class_clusters,mm_programme top1 share of fills,all,0.8289510424422933,,,,42976.0,0,,,,
class_clusters,mm_programme top2 share of fills,all,0.8987807148175726,,,,42976.0,0,,,,
class_clusters,other clusters,all,10749.0,,,,329432.0,0,,,,
class_clusters,other top1 share of fills,all,0.0144703611063891,,,,329432.0,0,,,,
class_clusters,other top2 share of fills,all,0.0248488307146846,,,,329432.0,0,,,,
class_clusters,rfq clusters,all,4512.0,,,,121064.0,0,,,,
class_clusters,rfq top1 share of fills,all,0.0277786955659816,,,,121064.0,0,,,,
class_clusters,rfq top2 share of fills,all,0.0508656578338729,,,,121064.0,0,,,,
class_clusters,vault clusters,all,8.0,,,,1994.0,0,,,,
class_clusters,vault top1 share of fills,all,0.3610832497492477,,,,1994.0,0,,,,
class_clusters,vault top2 share of fills,all,0.5045135406218656,,,,1994.0,0,,,,
decomposition_b9999,half spread,p1,15.701225476954274,9.906102871250628,22.138308716332695,0.95,603940.0,9999,20260917.0,,,
decomposition_b9999,adverse selection,p1,-2.650620908563112,-4.692872856886018,-0.7152277388816368,0.95,603940.0,9999,20260917.0,,,
decomposition_b9999,markout,p1,13.050604568391153,5.591612367546102,21.24666578419298,0.95,603940.0,9999,20260917.0,,,
decomposition_b9999,maker fee,p1,-1.5616598854624304,-1.955037484917138,-1.1989241269441495,0.95,603940.0,9999,20260917.0,,,
decomposition_b9999,maker rebate,p1,0.5929654755034721,0.4629711529619439,0.7426321130852007,0.95,603940.0,9999,20260917.0,,,
decomposition_b9999,hedge cost,p1,-3.149457390064287,-3.4685864094236276,-2.812886792251094,0.95,603940.0,9999,20260917.0,,,
decomposition_b9999,net edge,p1,8.93245276836791,1.3046146311088525,17.32355481133584,0.95,603940.0,9999,20260917.0,,,
decomposition_b9999,half spread,per_contract,15.701225476954274,9.906102871250628,22.138308716332695,0.95,603940.0,9999,20260917.0,,,
decomposition_b9999,adverse selection,per_contract,-2.650620908563112,-4.692872856886018,-0.7152277388816368,0.95,603940.0,9999,20260917.0,,,
decomposition_b9999,markout,per_contract,13.050604568391153,5.591612367546102,21.24666578419298,0.95,603940.0,9999,20260917.0,,,
decomposition_b9999,maker fee,per_contract,-1.0911128959099523,-1.3464922429690185,-0.805756800968738,0.95,603940.0,9999,20260917.0,,,
decomposition_b9999,maker rebate,per_contract,0.7694540118805787,0.6478903790726976,0.9128489474695278,0.95,603940.0,9999,20260917.0,,,
decomposition_b9999,hedge cost,per_contract,-3.149457390064287,-3.4685864094236276,-2.812886792251094,0.95,603940.0,9999,20260917.0,,,
decomposition_b9999,net edge,per_contract,9.579488294297493,1.5619417102176751,18.30887584049852,0.95,603940.0,9999,20260917.0,,,
classes_b9999,dominant_maker mean_ne,p1,-30.4914508763849,-40.95103159973013,-25.875311602287663,0.95,56274.0,9999,20260917.0,,,
classes_b9999,large mean_ne,p1,-1.6313072709250451,-14.634442830257402,13.63589004697096,0.95,52200.0,9999,20260917.0,,,
classes_b9999,mm_programme mean_ne,p1,-25.150276696201175,-29.008274358620895,-3.6826527668339577,0.95,42976.0,9999,20260917.0,,,
classes_b9999,other mean_ne,p1,21.185536200822593,18.571252776991553,24.420770198815575,0.95,329432.0,9999,20260917.0,,,
classes_b9999,rfq mean_ne,p1,11.186987973945762,8.177475331769612,14.951094190995285,0.95,121064.0,9999,20260917.0,,,
classes_b9999,vault mean_ne,p1,-28.576284555229268,-66.86619436541282,-5.1978364406750375,0.95,1994.0,9999,20260917.0,,,
classes_b9999,dominant_maker mean_ne,per_contract,-31.98459118693479,-35.96333470732246,-26.954412406442152,0.95,56274.0,9999,20260917.0,,,
classes_b9999,large mean_ne,per_contract,0.7944056108244427,-12.414028413986516,15.89617642952284,0.95,52200.0,9999,20260917.0,,,
classes_b9999,mm_programme mean_ne,per_contract,-26.760520021812653,-30.28485076032278,-3.5794639652813656,0.95,42976.0,9999,20260917.0,,,
classes_b9999,other mean_ne,per_contract,22.041833875934092,19.434480525138763,25.25571979968271,0.95,329432.0,9999,20260917.0,,,
classes_b9999,rfq mean_ne,per_contract,11.799388553084707,8.891765512474574,15.494995188183584,0.95,121064.0,9999,20260917.0,,,
classes_b9999,vault mean_ne,per_contract,2.087556307230245,1.1327055890071378,3.4859081668164915,0.95,1994.0,9999,20260917.0,,,
rfq_booking,fills,all,603940.0,,,,,0,,,,
rfq_booking,rfq_fills,all,122378.0,,,,,0,,,,
rfq_booking,orderbook_fills,all,481562.0,,,,,0,,,,
rfq_booking,packages,all,72564.0,,,,,0,,,,
rfq_booking,multi_leg_packages,all,39366.0,,,,,0,,,,
rfq_booking,multi_leg_with_fee,all,4996.0,,,,,0,,,,
rfq_booking,multi_leg_fee_on_one_leg,all,4511.0,,,,,0,,,,
rfq_booking,multi_leg_fee_on_every_leg,all,95.0,,,,,0,,,,
rfq_booking,multi_leg_with_rebate,all,0.0,,,,,0,,,,
rfq_booking,rfq_fee_per_contract_leg,all,0.3115303958725652,,,,,0,,,,
rfq_booking,rfq_fee_per_contract_package,all,0.31773244691940455,,,,,0,,,,
rfq_package,decomposition half spread,per_contract_package,15.701225476954274,9.97717307254324,22.297951693485754,0.95,603940.0,999,20260917.0,,,
rfq_package,decomposition adverse selection,per_contract_package,-2.650620908563112,-4.73996341802922,-0.7619156986113396,0.95,603940.0,999,20260917.0,,,
rfq_package,decomposition markout,per_contract_package,13.050604568391153,5.574984796735951,21.25025356674466,0.95,603940.0,999,20260917.0,,,
rfq_package,decomposition maker fee,per_contract_package,-1.0923696343326603,-1.3347408651897608,-0.8022599706530347,0.95,603940.0,999,20260917.0,,,
rfq_package,decomposition maker rebate,per_contract_package,0.7694540118805787,0.6430712456648895,0.9097651123236016,0.95,603940.0,999,20260917.0,,,
rfq_package,decomposition hedge cost,per_contract_package,-3.149457390064287,-3.4699468692539335,-2.8416725240679703,0.95,603940.0,999,20260917.0,,,
rfq_package,decomposition net edge,per_contract_package,9.578231555874789,1.457648301432042,18.42871541729134,0.95,603940.0,999,20260917.0,,,
rfq_package,"decomposition net edge, median",per_contract_package,0.6251702682116513,,,,603940.0,0,,,,
rfq_package,"decomposition net edge, contract weighted",per_contract_package,0.1874618391725374,,,,603940.0,0,,,,
rfq_package,"decomposition net edge, sum over fills (USDC)",per_contract_package,7483582.70403884,,,,603940.0,0,,,,
rfq_package,"decomposition maker fee, sum over fills (USDC)",per_contract_package,-943148.8712261802,,,,603940.0,0,,,,
rfq_package,"decomposition maker rebate, sum over fills (USDC)",per_contract_package,358115.56927556696,,,,603940.0,0,,,,
rfq_package,"decomposition net edge, share of fills negative",per_contract_package,0.3941550485147531,,,,603940.0,0,,,,
rfq_package,class dominant_maker mean_fee,per_contract_package,2.7518862704736664,,,,56274.0,0,,,,
rfq_package,class dominant_maker mean_rebate,per_contract_package,0.1091234873425202,,,,56274.0,0,,,,
rfq_package,class dominant_maker mean_ne,per_contract_package,-31.98459118693479,-35.67220996621831,-27.62858789282406,0.95,56274.0,999,20260917.0,,,
rfq_package,class large mean_fee,per_contract_package,1.3538502263942307,,,,52200.0,0,,,,
rfq_package,class large mean_rebate,per_contract_package,1.0166859203933842,,,,52200.0,0,,,,
rfq_package,class large mean_ne,per_contract_package,0.7944056108244427,-12.213364186553342,16.186444374247593,0.95,52200.0,999,20260917.0,,,
rfq_package,class mm_programme mean_fee,per_contract_package,1.8202253750251056,,,,42976.0,0,,,,
rfq_package,class mm_programme mean_rebate,per_contract_package,0.6649836159543084,,,,42976.0,0,,,,
rfq_package,class mm_programme mean_ne,per_contract_package,-26.760520021812653,-30.35152152906252,-3.3146998752060446,0.95,42976.0,999,20260917.0,,,
rfq_package,class other mean_fee,per_contract_package,0.9619323669052148,,,,329432.0,0,,,,
rfq_package,class other mean_rebate,per_contract_package,1.1440004919699764,,,,329432.0,0,,,,
rfq_package,class other mean_ne,per_contract_package,22.041833875934092,19.50021174042632,25.203704000974692,0.95,329432.0,999,20260917.0,,,
rfq_package,class rfq mean_fee,per_contract_package,0.3041791984297426,,,,121064.0,0,,,,
rfq_package,class rfq mean_rebate,per_contract_package,0.0,,,,121064.0,0,,,,
rfq_package,class rfq mean_ne,per_contract_package,11.79311918644384,8.912096553812516,15.141090042817304,0.95,121064.0,999,20260917.0,,,
rfq_package,class vault mean_fee,per_contract_package,1.1297028417035526,,,,1994.0,0,,,,
rfq_package,class vault mean_rebate,per_contract_package,0.0218303981962971,,,,1994.0,0,,,,
rfq_package,class vault mean_ne,per_contract_package,2.0875563072302454,1.0515188206177368,3.485908166816492,0.95,1994.0,999,20260917.0,,,
rfq_package,"h4 share of cells positive, perp half spread 1 bp",per_contract_package,0.7628865979381443,,,0.9,97.0,9999,20260917.0,,,
rfq_package,"h4 cells positive / negative, 1 bp",per_contract_package,74.0,,0.0,,97.0,0,,,,
rfq_package,"h4 rejected, 1 bp",per_contract_package,1.0,,,,97.0,0,,,,
rfq_package,h4 BTC 40-60 <=2d mean net edge,per_contract_package,24.20828481033357,6.4522013261241735,46.38508173907123,0.9,8902.0,9999,20260917.0,,,
rfq_package,h4 ETH 40-60 <=2d mean net edge,per_contract_package,1.0561449320465164,0.2022474968053753,2.1017278918443587,0.9,23718.0,9999,20260917.0,,,
