currency,delta_bucket,tenor_bucket,fills,mean,lo,hi,p,positive,negative
BTC,00-10,2-7d,7396,8.622463082656116,4.559296725763351,12.76380558805446,0.003,True,False
BTC,00-10,30-90d,3403,14.045025346868206,5.955945159566124,24.06878927657187,0.0174,True,False
BTC,00-10,7-30d,7175,9.346963101448386,1.4259939481952124,17.93739487116996,0.0948,True,False
BTC,00-10,<=2d,11523,10.306710595232714,4.575620039456272,17.246225265384474,0.0018,True,False
BTC,00-10,>90d,1052,59.817619718941124,38.043521276357936,85.51849681479223,0.0002,True,False
BTC,10-25,2-7d,9537,12.677758060265772,3.9954445769786475,22.8232919017613,0.037,True,False
BTC,10-25,30-90d,5977,24.660297924517106,8.266388211447524,43.26759949991066,0.0426,True,False
BTC,10-25,7-30d,10902,12.439805936864634,1.5306977761527445,24.73521259330942,0.1533,True,False
BTC,10-25,<=2d,11855,8.479537939928434,2.341160118439836,14.9397444630607,0.0436,True,False
BTC,10-25,>90d,1662,186.3946451344095,106.00182325512027,286.32647098837606,0.0001,True,False
BTC,25-40,2-7d,6728,19.495592972541168,1.3416627599062156,41.336460075026984,0.2236,True,False
BTC,25-40,30-90d,5427,32.71899505789124,-4.039945933661637,81.78940797775938,0.3993,False,False
BTC,25-40,7-30d,9867,31.283381133545163,7.709931362240701,59.27850152025759,0.1063,True,False
BTC,25-40,<=2d,8375,18.67090956297493,5.275710929397825,33.26597198527503,0.0579,True,False
BTC,25-40,>90d,1684,293.769398849705,121.11942655519528,492.4704622364227,0.001,True,False
BTC,40-60,2-7d,8225,21.19170033249487,-7.422254456331645,57.75295022260638,0.4848,False,False
BTC,40-60,30-90d,6453,53.17936730969796,-0.8437972982125599,124.68792788812908,0.3369,False,False
BTC,40-60,7-30d,11087,39.30337705688808,4.634533580168049,82.60483568495243,0.2139,True,False
BTC,40-60,<=2d,9027,24.2345496297203,6.591273101608193,47.181174693873956,0.117,True,False
BTC,40-60,>90d,1911,191.80119806466627,107.60641321171089,307.45653612309764,0.0001,True,False
BTC,60-75,2-7d,2530,34.6296535572417,-0.5282780814376723,106.37612513624693,0.3762,False,False
BTC,60-75,30-90d,1691,54.29702526910808,-23.24753007649429,173.14309832983147,0.5155,False,False
BTC,60-75,7-30d,3323,15.170128229799323,-27.97021021096714,86.58879696836746,0.654,False,False
BTC,60-75,<=2d,2689,28.97798715399165,-3.7070692859773637,86.75679803278722,0.4365,False,False
BTC,60-75,>90d,510,282.0310602578723,77.29421417878665,541.3286593566938,0.048,True,False
BTC,75-90,2-7d,1507,68.14265018736005,-8.653112683135715,210.76921757914732,0.4381,False,False
BTC,75-90,30-90d,669,123.12117066153938,31.11674150806936,254.9453763030521,0.0825,True,False
BTC,75-90,7-30d,1788,81.79287272551436,-19.117068531286318,211.03269835676298,0.3846,False,False
BTC,75-90,<=2d,1839,52.29630104641553,-6.210329114350793,153.97761373323297,0.3753,False,False
BTC,75-90,>90d,242,29.303694281937027,-150.23995806506593,230.91749049394556,0.8157,False,False
BTC,90-100,2-7d,756,94.84520603315684,-2.212260526485951,241.98757881973273,0.2766,False,False
BTC,90-100,7-30d,651,64.03661326255462,-32.22742926655607,208.17329056811286,0.4361,False,False
BTC,90-100,<=2d,1641,142.29717910325644,38.007295381846525,286.57049201637255,0.0962,True,False
ETH,00-10,2-7d,22192,0.4760781265251685,0.33940793271228464,0.5962357999391504,0.0001,True,False
ETH,00-10,30-90d,7885,1.427874136452723,1.0174991640663338,1.849856857829418,0.0001,True,False
ETH,00-10,7-30d,19187,0.7244395445123963,0.4137866500542483,1.0994821206168015,0.0001,True,False
ETH,00-10,<=2d,28397,0.4903748645932896,0.3615181550160575,0.6117204431677756,0.0001,True,False
ETH,00-10,>90d,2932,3.781378287933176,2.3063532745542554,5.46598424299728,0.0001,True,False
ETH,10-25,2-7d,23631,0.5246099958211318,0.25231336099693363,0.7871176946743033,0.0012,True,False
ETH,10-25,30-90d,14489,1.2587825214460944,0.6915169585449517,1.8397117635215026,0.0005,True,False
ETH,10-25,7-30d,27343,0.7050778423314519,0.3186630784827374,1.1290996341001749,0.0086,True,False
ETH,10-25,<=2d,30646,0.4656273852920517,0.17446383526678494,0.7553844989021781,0.0237,True,False
ETH,10-25,>90d,3965,5.4501701384279935,3.154148695517059,8.019633368177843,0.0001,True,False
ETH,25-40,2-7d,17363,0.6778390186441736,0.008919552057754241,1.4758274635009843,0.2619,True,False
ETH,25-40,30-90d,14585,1.9558682003803847,0.8761313174726763,3.2638251255831308,0.0281,True,False
ETH,25-40,7-30d,24326,1.008635680988,0.05634147625547073,2.078505188804112,0.1917,True,False
ETH,25-40,<=2d,22917,0.7074383576263558,0.13876054494144516,1.3424920867278631,0.1107,True,False
ETH,25-40,>90d,4197,8.338325745862287,5.129000938190164,11.790523254146297,0.0008,True,False
ETH,40-60,2-7d,21757,1.0958469121271706,0.0460239206165645,2.5349485292335086,0.3561,True,False
ETH,40-60,30-90d,16082,3.1487001832967767,1.1097128546009827,5.6869117324010166,0.0711,True,False
ETH,40-60,7-30d,29219,1.2965126133023845,-0.22039781237503345,3.280071677283742,0.4475,False,False
ETH,40-60,<=2d,23919,1.0417516447691808,0.191955573069652,2.1075613710550583,0.1691,True,False
ETH,40-60,>90d,5345,11.797179892374192,6.3268304317245905,17.913731713684495,0.0068,True,False
ETH,60-75,2-7d,6483,1.4827494440165698,-0.2932078385910524,4.290117603646248,0.4274,False,False
ETH,60-75,30-90d,4281,5.191465754607773,1.936091124185578,9.478761206716603,0.0647,True,False
ETH,60-75,7-30d,9274,1.7903833865415009,-0.28494606732243993,4.8715494855692905,0.442,False,False
ETH,60-75,<=2d,6679,1.735876137512987,0.1727735980043229,4.0367266806399,0.2721,True,False
ETH,60-75,>90d,2537,19.487586257634714,5.529744377891891,35.80230791237677,0.0819,True,False
ETH,75-90,2-7d,3936,4.394388617717336,1.2609634072318978,9.297556472823258,0.1694,True,False
ETH,75-90,30-90d,2006,2.441868875041114,-8.997647042645376,16.43880665087063,0.9532,False,False
ETH,75-90,7-30d,4533,6.105109812865777,1.5423567371217506,12.747136005667114,0.1647,True,False
ETH,75-90,<=2d,4601,3.050427359638777,0.25670144879534496,7.373644562957298,0.2855,True,False
ETH,75-90,>90d,1089,4.075666020005248,-9.862071909396414,23.3005482223489,0.7197,False,False
ETH,90-100,2-7d,1877,9.565113224770846,3.5097031836920887,17.250976541685727,0.05,True,False
ETH,90-100,30-90d,727,4.255871697964298,-5.571149781141467,18.551527580307514,0.5623,False,False
ETH,90-100,7-30d,1784,6.075321794224727,-1.2368281423027148,14.753294903336334,0.2649,False,False
ETH,90-100,<=2d,4150,3.3067815989059133,-1.0900262777653855,9.47304803873858,0.3617,False,False
ETH,90-100,>90d,373,-29.73889180283318,-70.70274281292696,4.802494520327526,0.2097,False,False
HYPE,00-10,2-7d,655,0.05071520941118229,0.03319585332408743,0.06918205179009364,0.0001,True,False
HYPE,00-10,30-90d,636,0.05943441175052391,0.0063747848617349764,0.13249798110323888,0.0822,True,False
HYPE,00-10,7-30d,1170,0.04320246256011884,0.0282836124978808,0.05888002848773687,0.0001,True,False
HYPE,00-10,<=2d,687,0.025125532747500057,0.011922033039475855,0.03616227199370404,0.0058,True,False
HYPE,00-10,>90d,345,0.21910059136824755,0.12515283915482184,0.28809672312672796,0.0006,True,False
HYPE,10-25,2-7d,2135,0.06599827690620227,0.035604944432486955,0.09239366779718983,0.0001,True,False
HYPE,10-25,30-90d,2741,0.09715732594503727,0.07090483094133851,0.12227373210190581,0.0001,True,False
HYPE,10-25,7-30d,4980,0.07511017021320379,0.04678492750199484,0.10217593640942374,0.0002,True,False
HYPE,10-25,<=2d,1398,-0.002148122063245313,-0.03026844297531994,0.022651958386866452,0.9094,False,False
HYPE,10-25,>90d,1228,0.13392197022677413,0.0313760254616233,0.21863290730715731,0.0624,True,False
HYPE,25-40,2-7d,2348,0.09608770858621454,0.03444710223037612,0.14571581866296057,0.0048,True,False
HYPE,25-40,30-90d,2300,0.11053642185272906,0.08433181686556318,0.13579955079922557,0.0001,True,False
HYPE,25-40,7-30d,5317,0.10311001547785884,0.057174178641840954,0.13843740273772454,0.0001,True,False
HYPE,25-40,<=2d,1620,0.02886991332787097,0.004376791931476754,0.0512771152148525,0.0501,True,False
HYPE,25-40,>90d,1137,0.17450640117364508,0.07077894515271124,0.27413856648120927,0.0158,True,False
HYPE,40-60,2-7d,2555,0.07515015968398707,0.023134999608740044,0.12974704878146234,0.0309,True,False
HYPE,40-60,30-90d,2371,0.12416171927401408,0.062355543227435674,0.202267636590722,0.0001,True,False
HYPE,40-60,7-30d,4337,0.0878541489929096,0.019981413321958214,0.1507236777566918,0.0605,True,False
HYPE,40-60,<=2d,1686,0.02560602525741299,0.003748212555164745,0.047647577486218874,0.0603,True,False
HYPE,40-60,>90d,1055,0.23154038769888588,0.1593373456408543,0.31499036327159774,0.0001,True,False
HYPE,60-75,2-7d,861,0.08371671390934056,0.034844102427864794,0.12625151510513938,0.0359,True,False
HYPE,60-75,30-90d,448,0.06148894948247847,-0.00802072061385565,0.14125327114986383,0.1986,False,False
HYPE,60-75,7-30d,1289,0.1515838716031188,0.027861634846765834,0.22707542191698385,0.1655,True,False
HYPE,60-75,<=2d,532,0.015374975971658846,-0.07627761800202215,0.11317509122943131,0.8038,False,False
HYPE,60-75,>90d,393,0.41093676623700115,0.21819890297218356,0.5999194608127599,0.001,True,False
HYPE,75-90,2-7d,365,0.046855786326975755,-0.0799860551956871,0.17857750353415602,0.5741,False,False
HYPE,75-90,30-90d,322,0.11249768020177234,0.003475106666357643,0.25222014099907836,0.1373,True,False
HYPE,75-90,7-30d,1005,0.329602251023151,0.17426471571373817,0.516403028253026,0.0001,True,False
HYPE,75-90,<=2d,495,-0.01733660167931885,-0.09151144932919372,0.111870325039939,0.7805,False,False
HYPE,90-100,2-7d,207,0.23948851728050893,0.08961358201159643,0.39949880074409316,0.0248,True,False
HYPE,90-100,<=2d,321,-0.10561667435231824,-0.2917832154223712,0.11061858002407456,0.4151,False,False
